2026-05-31 08:55:01.168 INFO  [main] [no-request] p.e.ECommerceBackendApplication - Starting ECommerceBackendApplication using Java 19.0.2 with PID 17760 (C:\Users\God -01.11\Desktop\e-commerce-backend - codex\target\classes started by God -01.11 in C:\Users\God -01.11\Desktop\e-commerce-backend - codex)
2026-05-31 08:55:01.186 INFO  [main] [no-request] p.e.ECommerceBackendApplication - No active profile set, falling back to 1 default profile: "default"
2026-05-31 08:55:04.722 INFO  [main] [no-request] o.s.d.r.c.RepositoryConfigurationDelegate - Bootstrapping Spring Data JPA repositories in DEFAULT mode.
2026-05-31 08:55:04.848 INFO  [main] [no-request] o.s.d.r.c.RepositoryConfigurationDelegate - Finished Spring Data repository scanning in 112 ms. Found 14 JPA repository interfaces.
2026-05-31 08:55:05.971 INFO  [main] [no-request] o.s.boot.tomcat.TomcatWebServer - Tomcat initialized with port 8080 (http)
2026-05-31 08:55:05.994 INFO  [main] [no-request] o.a.catalina.core.StandardService - Starting service [Tomcat]
2026-05-31 08:55:05.995 INFO  [main] [no-request] o.a.catalina.core.StandardEngine - Starting Servlet engine: [Apache Tomcat/11.0.21]
2026-05-31 08:55:06.107 INFO  [main] [no-request] o.s.b.w.c.s.WebApplicationContextInitializer - Root WebApplicationContext: initialization completed in 4830 ms
2026-05-31 08:55:06.804 INFO  [main] [no-request] org.hibernate.orm.jpa - HHH008540: Processing PersistenceUnitInfo [name: default]
2026-05-31 08:55:06.962 INFO  [main] [no-request] org.hibernate.orm.core - HHH000001: Hibernate ORM core version 7.2.12.Final
2026-05-31 08:55:08.398 INFO  [main] [no-request] o.s.o.j.p.SpringPersistenceUnitInfo - No LoadTimeWeaver setup: ignoring JPA class transformer
2026-05-31 08:55:08.483 INFO  [main] [no-request] com.zaxxer.hikari.HikariDataSource - HikariPool-1 - Starting...
2026-05-31 08:55:08.902 INFO  [main] [no-request] com.zaxxer.hikari.pool.HikariPool - HikariPool-1 - Added connection org.postgresql.jdbc.PgConnection@367fbb28
2026-05-31 08:55:08.905 INFO  [main] [no-request] com.zaxxer.hikari.HikariDataSource - HikariPool-1 - Start completed.
2026-05-31 08:55:09.016 INFO  [main] [no-request] o.hibernate.orm.connections.pooling - HHH10001005: Database info:
	Database JDBC URL [jdbc:postgresql://localhost:5432/ecommerce]
	Database driver: PostgreSQL JDBC Driver
	Database dialect: PostgreSQLDialect
	Database version: 16.2
	Default catalog/schema: ecommerce/public
	Autocommit mode: undefined/unknown
	Isolation level: READ_COMMITTED [default READ_COMMITTED]
	JDBC fetch size: none
	Pool: DataSourceConnectionProvider
	Minimum pool size: undefined/unknown
	Maximum pool size: undefined/unknown
2026-05-31 08:55:11.049 INFO  [main] [no-request] org.hibernate.orm.core - HHH000489: No JTA platform available (set 'hibernate.transaction.jta.platform' to enable JTA platform integration)
2026-05-31 08:55:11.295 INFO  [main] [no-request] o.s.o.j.LocalContainerEntityManagerFactoryBean - Initialized JPA EntityManagerFactory for persistence unit 'default'
2026-05-31 08:55:11.509 INFO  [main] [no-request] o.s.d.j.r.q.QueryEnhancerFactories - Hibernate is in classpath; If applicable, HQL parser will be used.
2026-05-31 08:55:14.388 INFO  [main] [no-request] o.s.s.c.a.a.c.InitializeAuthenticationProviderBeanManagerConfigurer$InitializeAuthenticationProviderManagerConfigurer - Global AuthenticationManager configured with AuthenticationProvider bean with name authenticationProvider
2026-05-31 08:55:14.388 WARN  [main] [no-request] o.s.s.c.a.a.c.InitializeUserDetailsBeanManagerConfigurer$InitializeUserDetailsManagerConfigurer - Global AuthenticationManager configured with an AuthenticationProvider bean. UserDetailsService beans will not be used by Spring Security for automatically configuring username/password login. Consider removing the AuthenticationProvider bean. Alternatively, consider using the UserDetailsService in a manually instantiated DaoAuthenticationProvider. If the current configuration is intentional, to turn off this warning, increase the logging level of 'org.springframework.security.config.annotation.authentication.configuration.InitializeUserDetailsBeanManagerConfigurer' to ERROR
2026-05-31 08:55:16.191 INFO  [main] [no-request] o.s.b.a.e.web.EndpointLinksResolver - Exposing 1 endpoint beneath base path '/actuator'
2026-05-31 08:55:16.332 INFO  [main] [no-request] o.s.boot.tomcat.TomcatWebServer - Tomcat started on port 8080 (http) with context path '/'
2026-05-31 08:55:16.344 INFO  [main] [no-request] p.e.ECommerceBackendApplication - Started ECommerceBackendApplication in 16.266 seconds (process running for 26.443)
2026-05-31 08:55:16.355 INFO  [main] [no-request] p.ecommercebackend.config.DataSeeder - Running database seed checks...
2026-05-31 08:55:16.567 INFO  [main] [no-request] p.ecommercebackend.config.MailConfig - Email delivery ENABLED — SMTP localhost:1025 (view MailHog UI at http://localhost:8025)
2026-05-31 08:56:52.752 INFO  [SpringApplicationShutdownHook] [no-request] o.s.boot.tomcat.GracefulShutdown - Commencing graceful shutdown. Waiting for active requests to complete
2026-05-31 08:56:53.723 INFO  [tomcat-shutdown] [no-request] o.s.boot.tomcat.GracefulShutdown - Graceful shutdown complete
2026-05-31 08:56:53.735 INFO  [SpringApplicationShutdownHook] [no-request] o.s.o.j.LocalContainerEntityManagerFactoryBean - Closing JPA EntityManagerFactory for persistence unit 'default'
2026-05-31 08:56:53.738 INFO  [SpringApplicationShutdownHook] [no-request] com.zaxxer.hikari.HikariDataSource - HikariPool-1 - Shutdown initiated...
2026-05-31 08:56:53.743 INFO  [SpringApplicationShutdownHook] [no-request] com.zaxxer.hikari.HikariDataSource - HikariPool-1 - Shutdown completed.
2026-05-31 08:57:01.951 INFO  [main] [no-request] p.e.ECommerceBackendApplication - Starting ECommerceBackendApplication using Java 19.0.2 with PID 6216 (C:\Users\God -01.11\Desktop\e-commerce-backend - codex\target\classes started by God -01.11 in C:\Users\God -01.11\Desktop\e-commerce-backend - codex)
2026-05-31 08:57:01.960 INFO  [main] [no-request] p.e.ECommerceBackendApplication - No active profile set, falling back to 1 default profile: "default"
2026-05-31 08:57:03.888 INFO  [main] [no-request] o.s.d.r.c.RepositoryConfigurationDelegate - Bootstrapping Spring Data JPA repositories in DEFAULT mode.
2026-05-31 08:57:04.029 INFO  [main] [no-request] o.s.d.r.c.RepositoryConfigurationDelegate - Finished Spring Data repository scanning in 128 ms. Found 14 JPA repository interfaces.
2026-05-31 08:57:05.186 INFO  [main] [no-request] o.s.boot.tomcat.TomcatWebServer - Tomcat initialized with port 8080 (http)
2026-05-31 08:57:05.201 INFO  [main] [no-request] o.a.catalina.core.StandardService - Starting service [Tomcat]
2026-05-31 08:57:05.202 INFO  [main] [no-request] o.a.catalina.core.StandardEngine - Starting Servlet engine: [Apache Tomcat/11.0.21]
2026-05-31 08:57:05.274 INFO  [main] [no-request] o.s.b.w.c.s.WebApplicationContextInitializer - Root WebApplicationContext: initialization completed in 3186 ms
2026-05-31 08:57:05.619 INFO  [main] [no-request] org.hibernate.orm.jpa - HHH008540: Processing PersistenceUnitInfo [name: default]
2026-05-31 08:57:05.707 INFO  [main] [no-request] org.hibernate.orm.core - HHH000001: Hibernate ORM core version 7.2.12.Final
2026-05-31 08:57:06.668 INFO  [main] [no-request] o.s.o.j.p.SpringPersistenceUnitInfo - No LoadTimeWeaver setup: ignoring JPA class transformer
2026-05-31 08:57:06.807 INFO  [main] [no-request] com.zaxxer.hikari.HikariDataSource - HikariPool-1 - Starting...
2026-05-31 08:57:07.332 INFO  [main] [no-request] com.zaxxer.hikari.pool.HikariPool - HikariPool-1 - Added connection org.postgresql.jdbc.PgConnection@27c827ec
2026-05-31 08:57:07.335 INFO  [main] [no-request] com.zaxxer.hikari.HikariDataSource - HikariPool-1 - Start completed.
2026-05-31 08:57:07.452 INFO  [main] [no-request] o.hibernate.orm.connections.pooling - HHH10001005: Database info:
	Database JDBC URL [jdbc:postgresql://localhost:5432/ecommerce]
	Database driver: PostgreSQL JDBC Driver
	Database dialect: PostgreSQLDialect
	Database version: 16.2
	Default catalog/schema: ecommerce/public
	Autocommit mode: undefined/unknown
	Isolation level: READ_COMMITTED [default READ_COMMITTED]
	JDBC fetch size: none
	Pool: DataSourceConnectionProvider
	Minimum pool size: undefined/unknown
	Maximum pool size: undefined/unknown
2026-05-31 08:57:09.718 INFO  [main] [no-request] org.hibernate.orm.core - HHH000489: No JTA platform available (set 'hibernate.transaction.jta.platform' to enable JTA platform integration)
2026-05-31 08:57:09.900 INFO  [main] [no-request] o.s.o.j.LocalContainerEntityManagerFactoryBean - Initialized JPA EntityManagerFactory for persistence unit 'default'
2026-05-31 08:57:10.059 INFO  [main] [no-request] o.s.d.j.r.q.QueryEnhancerFactories - Hibernate is in classpath; If applicable, HQL parser will be used.
2026-05-31 08:57:12.947 INFO  [main] [no-request] o.s.s.c.a.a.c.InitializeAuthenticationProviderBeanManagerConfigurer$InitializeAuthenticationProviderManagerConfigurer - Global AuthenticationManager configured with AuthenticationProvider bean with name authenticationProvider
2026-05-31 08:57:12.948 WARN  [main] [no-request] o.s.s.c.a.a.c.InitializeUserDetailsBeanManagerConfigurer$InitializeUserDetailsManagerConfigurer - Global AuthenticationManager configured with an AuthenticationProvider bean. UserDetailsService beans will not be used by Spring Security for automatically configuring username/password login. Consider removing the AuthenticationProvider bean. Alternatively, consider using the UserDetailsService in a manually instantiated DaoAuthenticationProvider. If the current configuration is intentional, to turn off this warning, increase the logging level of 'org.springframework.security.config.annotation.authentication.configuration.InitializeUserDetailsBeanManagerConfigurer' to ERROR
2026-05-31 08:57:14.913 INFO  [main] [no-request] o.s.b.a.e.web.EndpointLinksResolver - Exposing 1 endpoint beneath base path '/actuator'
2026-05-31 08:57:15.086 INFO  [main] [no-request] o.s.boot.tomcat.TomcatWebServer - Tomcat started on port 8080 (http) with context path '/'
2026-05-31 08:57:15.097 INFO  [main] [no-request] p.e.ECommerceBackendApplication - Started ECommerceBackendApplication in 14.485 seconds (process running for 16.182)
2026-05-31 08:57:15.108 INFO  [main] [no-request] p.ecommercebackend.config.MailConfig - Email delivery ENABLED — SMTP localhost:1025 (view MailHog UI at http://localhost:8025)
2026-05-31 08:57:15.109 INFO  [main] [no-request] p.ecommercebackend.config.DataSeeder - Running database seed checks...
2026-05-31 08:57:15.783 INFO  [RMI TCP Connection(3)-172.23.0.1] [no-request] o.a.c.c.C.[Tomcat].[localhost].[/] - Initializing Spring DispatcherServlet 'dispatcherServlet'
2026-05-31 08:57:15.784 INFO  [RMI TCP Connection(3)-172.23.0.1] [no-request] o.s.web.servlet.DispatcherServlet - Initializing Servlet 'dispatcherServlet'
2026-05-31 08:57:15.791 INFO  [RMI TCP Connection(3)-172.23.0.1] [no-request] o.s.web.servlet.DispatcherServlet - Completed initialization in 6 ms
2026-05-31 08:57:15.902 WARN  [RMI TCP Connection(4)-172.23.0.1] [no-request] o.s.b.m.health.MailHealthIndicator - Mail health check failed
org.eclipse.angus.mail.util.MailConnectException: Couldn't connect to host, port: localhost, 1025; timeout -1;
  nested exception is:
	java.net.ConnectException: Connection refused: connect
	at org.eclipse.angus.mail.smtp.SMTPTransport.openServer(SMTPTransport.java:2243)
	at org.eclipse.angus.mail.smtp.SMTPTransport.protocolConnect(SMTPTransport.java:729)
	at jakarta.mail.Service.connect(Service.java:345)
	at org.springframework.mail.javamail.JavaMailSenderImpl.connectTransport(JavaMailSenderImpl.java:467)
	at org.springframework.mail.javamail.JavaMailSenderImpl.testConnection(JavaMailSenderImpl.java:347)
	at org.springframework.boot.mail.health.MailHealthIndicator.doHealthCheck(MailHealthIndicator.java:52)
	at org.springframework.boot.health.contributor.AbstractHealthIndicator.health(AbstractHealthIndicator.java:80)
	at org.springframework.boot.health.contributor.HealthIndicator.health(HealthIndicator.java:37)
	at org.springframework.boot.health.actuate.endpoint.Contributor$Blocking.getDescriptor(Contributor.java:148)
	at org.springframework.boot.health.actuate.endpoint.Contributor$Blocking.getDescriptor(Contributor.java:126)
	at org.springframework.boot.health.actuate.endpoint.HealthEndpointSupport.getDescriptorAndLogIfSlow(HealthEndpointSupport.java:172)
	at org.springframework.boot.health.actuate.endpoint.HealthEndpointSupport.getDescriptor(HealthEndpointSupport.java:145)
	at org.springframework.boot.health.actuate.endpoint.HealthEndpointSupport.getAggregateDescriptor(HealthEndpointSupport.java:157)
	at org.springframework.boot.health.actuate.endpoint.HealthEndpointSupport.getDescriptor(HealthEndpointSupport.java:141)
	at org.springframework.boot.health.actuate.endpoint.HealthEndpointSupport.getResult(HealthEndpointSupport.java:110)
	at org.springframework.boot.health.actuate.endpoint.HealthEndpointSupport.getResult(HealthEndpointSupport.java:82)
	at org.springframework.boot.health.actuate.endpoint.HealthEndpoint.health(HealthEndpoint.java:80)
	at org.springframework.boot.health.actuate.endpoint.HealthEndpoint.health(HealthEndpoint.java:70)
	at java.base/jdk.internal.reflect.DirectMethodHandleAccessor.invoke(DirectMethodHandleAccessor.java:104)
	at java.base/java.lang.reflect.Method.invoke(Method.java:578)
	at org.springframework.util.ReflectionUtils.invokeMethod(ReflectionUtils.java:281)
	at org.springframework.boot.actuate.endpoint.invoke.reflect.ReflectiveOperationInvoker.invoke(ReflectiveOperationInvoker.java:76)
	at org.springframework.boot.actuate.endpoint.annotation.AbstractDiscoveredOperation.invoke(AbstractDiscoveredOperation.java:62)
	at org.springframework.boot.actuate.endpoint.jmx.EndpointMBean.invoke(EndpointMBean.java:127)
	at org.springframework.boot.actuate.endpoint.jmx.EndpointMBean.invoke(EndpointMBean.java:99)
	at java.management/com.sun.jmx.interceptor.DefaultMBeanServerInterceptor.invoke(DefaultMBeanServerInterceptor.java:809)
	at java.management/com.sun.jmx.mbeanserver.JmxMBeanServer.invoke(JmxMBeanServer.java:802)
	at java.management.rmi/javax.management.remote.rmi.RMIConnectionImpl.doOperation(RMIConnectionImpl.java:1472)
	at java.management.rmi/javax.management.remote.rmi.RMIConnectionImpl$PrivilegedOperation.run(RMIConnectionImpl.java:1310)
	at java.management.rmi/javax.management.remote.rmi.RMIConnectionImpl.doPrivilegedOperation(RMIConnectionImpl.java:1405)
	at java.management.rmi/javax.management.remote.rmi.RMIConnectionImpl.invoke(RMIConnectionImpl.java:829)
	at java.base/jdk.internal.reflect.DirectMethodHandleAccessor.invoke(DirectMethodHandleAccessor.java:104)
	at java.base/java.lang.reflect.Method.invoke(Method.java:578)
	at java.rmi/sun.rmi.server.UnicastServerRef.dispatch(UnicastServerRef.java:360)
	at java.rmi/sun.rmi.transport.Transport$1.run(Transport.java:200)
	at java.rmi/sun.rmi.transport.Transport$1.run(Transport.java:197)
	at java.base/java.security.AccessController.doPrivileged(AccessController.java:712)
	at java.rmi/sun.rmi.transport.Transport.serviceCall(Transport.java:196)
	at java.rmi/sun.rmi.transport.tcp.TCPTransport.handleMessages(TCPTransport.java:598)
	at java.rmi/sun.rmi.transport.tcp.TCPTransport$ConnectionHandler.run0(TCPTransport.java:844)
	at java.rmi/sun.rmi.transport.tcp.TCPTransport$ConnectionHandler.lambda$run$0(TCPTransport.java:721)
	at java.base/java.security.AccessController.doPrivileged(AccessController.java:399)
	at java.rmi/sun.rmi.transport.tcp.TCPTransport$ConnectionHandler.run(TCPTransport.java:720)
	at java.base/java.util.concurrent.ThreadPoolExecutor.runWorker(ThreadPoolExecutor.java:1144)
	at java.base/java.util.concurrent.ThreadPoolExecutor$Worker.run(ThreadPoolExecutor.java:642)
	at java.base/java.lang.Thread.run(Thread.java:1589)
Caused by: java.net.ConnectException: Connection refused: connect
	at java.base/sun.nio.ch.Net.connect0(Native Method)
	at java.base/sun.nio.ch.Net.connect(Net.java:579)
	at java.base/sun.nio.ch.Net.connect(Net.java:568)
	at java.base/sun.nio.ch.NioSocketImpl.connect(NioSocketImpl.java:576)
	at java.base/java.net.SocksSocketImpl.connect(SocksSocketImpl.java:327)
	at java.base/java.net.Socket.connect(Socket.java:666)
	at java.base/java.net.Socket.connect(Socket.java:600)
	at org.eclipse.angus.mail.util.SocketFetcher.createSocket(SocketFetcher.java:368)
	at org.eclipse.angus.mail.util.SocketFetcher.getSocket(SocketFetcher.java:243)
	at org.eclipse.angus.mail.smtp.SMTPTransport.openServer(SMTPTransport.java:2193)
	... 45 common frames omitted
2026-05-31 08:58:46.356 INFO  [SpringApplicationShutdownHook] [no-request] o.s.boot.tomcat.GracefulShutdown - Commencing graceful shutdown. Waiting for active requests to complete
2026-05-31 08:58:47.240 INFO  [tomcat-shutdown] [no-request] o.s.boot.tomcat.GracefulShutdown - Graceful shutdown complete
2026-05-31 08:58:47.249 INFO  [SpringApplicationShutdownHook] [no-request] o.s.o.j.LocalContainerEntityManagerFactoryBean - Closing JPA EntityManagerFactory for persistence unit 'default'
2026-05-31 08:58:47.251 INFO  [SpringApplicationShutdownHook] [no-request] com.zaxxer.hikari.HikariDataSource - HikariPool-1 - Shutdown initiated...
2026-05-31 08:58:47.253 INFO  [SpringApplicationShutdownHook] [no-request] com.zaxxer.hikari.HikariDataSource - HikariPool-1 - Shutdown completed.
2026-05-31 08:58:57.049 INFO  [main] [no-request] p.e.ECommerceBackendApplication - Starting ECommerceBackendApplication using Java 19.0.2 with PID 19064 (C:\Users\God -01.11\Desktop\e-commerce-backend - codex\target\classes started by God -01.11 in C:\Users\God -01.11\Desktop\e-commerce-backend - codex)
2026-05-31 08:58:57.056 INFO  [main] [no-request] p.e.ECommerceBackendApplication - No active profile set, falling back to 1 default profile: "default"
2026-05-31 08:58:58.868 INFO  [main] [no-request] o.s.d.r.c.RepositoryConfigurationDelegate - Bootstrapping Spring Data JPA repositories in DEFAULT mode.
2026-05-31 08:58:59.011 INFO  [main] [no-request] o.s.d.r.c.RepositoryConfigurationDelegate - Finished Spring Data repository scanning in 131 ms. Found 14 JPA repository interfaces.
2026-05-31 08:59:00.234 INFO  [main] [no-request] o.s.boot.tomcat.TomcatWebServer - Tomcat initialized with port 8080 (http)
2026-05-31 08:59:00.254 INFO  [main] [no-request] o.a.catalina.core.StandardService - Starting service [Tomcat]
2026-05-31 08:59:00.255 INFO  [main] [no-request] o.a.catalina.core.StandardEngine - Starting Servlet engine: [Apache Tomcat/11.0.21]
2026-05-31 08:59:00.356 INFO  [main] [no-request] o.s.b.w.c.s.WebApplicationContextInitializer - Root WebApplicationContext: initialization completed in 3208 ms
2026-05-31 08:59:00.998 INFO  [main] [no-request] org.hibernate.orm.jpa - HHH008540: Processing PersistenceUnitInfo [name: default]
2026-05-31 08:59:01.079 INFO  [main] [no-request] org.hibernate.orm.core - HHH000001: Hibernate ORM core version 7.2.12.Final
2026-05-31 08:59:01.820 INFO  [main] [no-request] o.s.o.j.p.SpringPersistenceUnitInfo - No LoadTimeWeaver setup: ignoring JPA class transformer
2026-05-31 08:59:01.864 INFO  [main] [no-request] com.zaxxer.hikari.HikariDataSource - HikariPool-1 - Starting...
2026-05-31 08:59:02.110 INFO  [main] [no-request] com.zaxxer.hikari.pool.HikariPool - HikariPool-1 - Added connection org.postgresql.jdbc.PgConnection@27c827ec
2026-05-31 08:59:02.112 INFO  [main] [no-request] com.zaxxer.hikari.HikariDataSource - HikariPool-1 - Start completed.
2026-05-31 08:59:02.199 INFO  [main] [no-request] o.hibernate.orm.connections.pooling - HHH10001005: Database info:
	Database JDBC URL [jdbc:postgresql://localhost:5432/ecommerce]
	Database driver: PostgreSQL JDBC Driver
	Database dialect: PostgreSQLDialect
	Database version: 16.2
	Default catalog/schema: ecommerce/public
	Autocommit mode: undefined/unknown
	Isolation level: READ_COMMITTED [default READ_COMMITTED]
	JDBC fetch size: none
	Pool: DataSourceConnectionProvider
	Minimum pool size: undefined/unknown
	Maximum pool size: undefined/unknown
2026-05-31 08:59:03.865 INFO  [main] [no-request] org.hibernate.orm.core - HHH000489: No JTA platform available (set 'hibernate.transaction.jta.platform' to enable JTA platform integration)
2026-05-31 08:59:04.036 INFO  [main] [no-request] o.s.o.j.LocalContainerEntityManagerFactoryBean - Initialized JPA EntityManagerFactory for persistence unit 'default'
2026-05-31 08:59:04.148 INFO  [main] [no-request] o.s.d.j.r.q.QueryEnhancerFactories - Hibernate is in classpath; If applicable, HQL parser will be used.
2026-05-31 08:59:06.501 INFO  [main] [no-request] o.s.s.c.a.a.c.InitializeAuthenticationProviderBeanManagerConfigurer$InitializeAuthenticationProviderManagerConfigurer - Global AuthenticationManager configured with AuthenticationProvider bean with name authenticationProvider
2026-05-31 08:59:06.502 WARN  [main] [no-request] o.s.s.c.a.a.c.InitializeUserDetailsBeanManagerConfigurer$InitializeUserDetailsManagerConfigurer - Global AuthenticationManager configured with an AuthenticationProvider bean. UserDetailsService beans will not be used by Spring Security for automatically configuring username/password login. Consider removing the AuthenticationProvider bean. Alternatively, consider using the UserDetailsService in a manually instantiated DaoAuthenticationProvider. If the current configuration is intentional, to turn off this warning, increase the logging level of 'org.springframework.security.config.annotation.authentication.configuration.InitializeUserDetailsBeanManagerConfigurer' to ERROR
2026-05-31 08:59:08.350 INFO  [main] [no-request] o.s.b.a.e.web.EndpointLinksResolver - Exposing 1 endpoint beneath base path '/actuator'
2026-05-31 08:59:08.486 INFO  [main] [no-request] o.s.boot.tomcat.TomcatWebServer - Tomcat started on port 8080 (http) with context path '/'
2026-05-31 08:59:08.497 INFO  [main] [no-request] p.e.ECommerceBackendApplication - Started ECommerceBackendApplication in 12.588 seconds (process running for 14.102)
2026-05-31 08:59:08.506 INFO  [main] [no-request] p.ecommercebackend.config.DataSeeder - Running database seed checks...
2026-05-31 08:59:08.709 INFO  [main] [no-request] p.ecommercebackend.config.MailConfig - Email delivery ENABLED — SMTP localhost:1025 (view MailHog UI at http://localhost:8025)
2026-05-31 08:59:09.093 INFO  [RMI TCP Connection(3)-172.23.0.1] [no-request] o.a.c.c.C.[Tomcat].[localhost].[/] - Initializing Spring DispatcherServlet 'dispatcherServlet'
2026-05-31 08:59:09.094 INFO  [RMI TCP Connection(3)-172.23.0.1] [no-request] o.s.web.servlet.DispatcherServlet - Initializing Servlet 'dispatcherServlet'
2026-05-31 08:59:09.099 INFO  [RMI TCP Connection(3)-172.23.0.1] [no-request] o.s.web.servlet.DispatcherServlet - Completed initialization in 5 ms
2026-05-31 08:59:09.129 WARN  [RMI TCP Connection(1)-172.23.0.1] [no-request] o.s.b.m.health.MailHealthIndicator - Mail health check failed
org.eclipse.angus.mail.util.MailConnectException: Couldn't connect to host, port: localhost, 1025; timeout -1;
  nested exception is:
	java.net.ConnectException: Connection refused: connect
	at org.eclipse.angus.mail.smtp.SMTPTransport.openServer(SMTPTransport.java:2243)
	at org.eclipse.angus.mail.smtp.SMTPTransport.protocolConnect(SMTPTransport.java:729)
	at jakarta.mail.Service.connect(Service.java:345)
	at org.springframework.mail.javamail.JavaMailSenderImpl.connectTransport(JavaMailSenderImpl.java:467)
	at org.springframework.mail.javamail.JavaMailSenderImpl.testConnection(JavaMailSenderImpl.java:347)
	at org.springframework.boot.mail.health.MailHealthIndicator.doHealthCheck(MailHealthIndicator.java:52)
	at org.springframework.boot.health.contributor.AbstractHealthIndicator.health(AbstractHealthIndicator.java:80)
	at org.springframework.boot.health.contributor.HealthIndicator.health(HealthIndicator.java:37)
	at org.springframework.boot.health.actuate.endpoint.Contributor$Blocking.getDescriptor(Contributor.java:148)
	at org.springframework.boot.health.actuate.endpoint.Contributor$Blocking.getDescriptor(Contributor.java:126)
	at org.springframework.boot.health.actuate.endpoint.HealthEndpointSupport.getDescriptorAndLogIfSlow(HealthEndpointSupport.java:172)
	at org.springframework.boot.health.actuate.endpoint.HealthEndpointSupport.getDescriptor(HealthEndpointSupport.java:145)
	at org.springframework.boot.health.actuate.endpoint.HealthEndpointSupport.getAggregateDescriptor(HealthEndpointSupport.java:157)
	at org.springframework.boot.health.actuate.endpoint.HealthEndpointSupport.getDescriptor(HealthEndpointSupport.java:141)
	at org.springframework.boot.health.actuate.endpoint.HealthEndpointSupport.getResult(HealthEndpointSupport.java:110)
	at org.springframework.boot.health.actuate.endpoint.HealthEndpointSupport.getResult(HealthEndpointSupport.java:82)
	at org.springframework.boot.health.actuate.endpoint.HealthEndpoint.health(HealthEndpoint.java:80)
	at org.springframework.boot.health.actuate.endpoint.HealthEndpoint.health(HealthEndpoint.java:70)
	at java.base/jdk.internal.reflect.DirectMethodHandleAccessor.invoke(DirectMethodHandleAccessor.java:104)
	at java.base/java.lang.reflect.Method.invoke(Method.java:578)
	at org.springframework.util.ReflectionUtils.invokeMethod(ReflectionUtils.java:281)
	at org.springframework.boot.actuate.endpoint.invoke.reflect.ReflectiveOperationInvoker.invoke(ReflectiveOperationInvoker.java:76)
	at org.springframework.boot.actuate.endpoint.annotation.AbstractDiscoveredOperation.invoke(AbstractDiscoveredOperation.java:62)
	at org.springframework.boot.actuate.endpoint.jmx.EndpointMBean.invoke(EndpointMBean.java:127)
	at org.springframework.boot.actuate.endpoint.jmx.EndpointMBean.invoke(EndpointMBean.java:99)
	at java.management/com.sun.jmx.interceptor.DefaultMBeanServerInterceptor.invoke(DefaultMBeanServerInterceptor.java:809)
	at java.management/com.sun.jmx.mbeanserver.JmxMBeanServer.invoke(JmxMBeanServer.java:802)
	at java.management.rmi/javax.management.remote.rmi.RMIConnectionImpl.doOperation(RMIConnectionImpl.java:1472)
	at java.management.rmi/javax.management.remote.rmi.RMIConnectionImpl$PrivilegedOperation.run(RMIConnectionImpl.java:1310)
	at java.management.rmi/javax.management.remote.rmi.RMIConnectionImpl.doPrivilegedOperation(RMIConnectionImpl.java:1405)
	at java.management.rmi/javax.management.remote.rmi.RMIConnectionImpl.invoke(RMIConnectionImpl.java:829)
	at java.base/jdk.internal.reflect.DirectMethodHandleAccessor.invoke(DirectMethodHandleAccessor.java:104)
	at java.base/java.lang.reflect.Method.invoke(Method.java:578)
	at java.rmi/sun.rmi.server.UnicastServerRef.dispatch(UnicastServerRef.java:360)
	at java.rmi/sun.rmi.transport.Transport$1.run(Transport.java:200)
	at java.rmi/sun.rmi.transport.Transport$1.run(Transport.java:197)
	at java.base/java.security.AccessController.doPrivileged(AccessController.java:712)
	at java.rmi/sun.rmi.transport.Transport.serviceCall(Transport.java:196)
	at java.rmi/sun.rmi.transport.tcp.TCPTransport.handleMessages(TCPTransport.java:598)
	at java.rmi/sun.rmi.transport.tcp.TCPTransport$ConnectionHandler.run0(TCPTransport.java:844)
	at java.rmi/sun.rmi.transport.tcp.TCPTransport$ConnectionHandler.lambda$run$0(TCPTransport.java:721)
	at java.base/java.security.AccessController.doPrivileged(AccessController.java:399)
	at java.rmi/sun.rmi.transport.tcp.TCPTransport$ConnectionHandler.run(TCPTransport.java:720)
	at java.base/java.util.concurrent.ThreadPoolExecutor.runWorker(ThreadPoolExecutor.java:1144)
	at java.base/java.util.concurrent.ThreadPoolExecutor$Worker.run(ThreadPoolExecutor.java:642)
	at java.base/java.lang.Thread.run(Thread.java:1589)
Caused by: java.net.ConnectException: Connection refused: connect
	at java.base/sun.nio.ch.Net.connect0(Native Method)
	at java.base/sun.nio.ch.Net.connect(Net.java:579)
	at java.base/sun.nio.ch.Net.connect(Net.java:568)
	at java.base/sun.nio.ch.NioSocketImpl.connect(NioSocketImpl.java:576)
	at java.base/java.net.SocksSocketImpl.connect(SocksSocketImpl.java:327)
	at java.base/java.net.Socket.connect(Socket.java:666)
	at java.base/java.net.Socket.connect(Socket.java:600)
	at org.eclipse.angus.mail.util.SocketFetcher.createSocket(SocketFetcher.java:368)
	at org.eclipse.angus.mail.util.SocketFetcher.getSocket(SocketFetcher.java:243)
	at org.eclipse.angus.mail.smtp.SMTPTransport.openServer(SMTPTransport.java:2193)
	... 45 common frames omitted
2026-05-31 09:04:22.134 INFO  [SpringApplicationShutdownHook] [no-request] o.s.boot.tomcat.GracefulShutdown - Commencing graceful shutdown. Waiting for active requests to complete
2026-05-31 09:04:23.387 INFO  [tomcat-shutdown] [no-request] o.s.boot.tomcat.GracefulShutdown - Graceful shutdown complete
2026-05-31 09:04:23.411 INFO  [SpringApplicationShutdownHook] [no-request] o.s.o.j.LocalContainerEntityManagerFactoryBean - Closing JPA EntityManagerFactory for persistence unit 'default'
2026-05-31 09:04:23.416 INFO  [SpringApplicationShutdownHook] [no-request] com.zaxxer.hikari.HikariDataSource - HikariPool-1 - Shutdown initiated...
2026-05-31 09:04:23.426 INFO  [SpringApplicationShutdownHook] [no-request] com.zaxxer.hikari.HikariDataSource - HikariPool-1 - Shutdown completed.
2026-05-31 09:04:33.331 INFO  [main] [no-request] p.e.ECommerceBackendApplication - Starting ECommerceBackendApplication using Java 19.0.2 with PID 6772 (C:\Users\God -01.11\Desktop\e-commerce-backend - codex\target\classes started by God -01.11 in C:\Users\God -01.11\Desktop\e-commerce-backend - codex)
2026-05-31 09:04:33.338 INFO  [main] [no-request] p.e.ECommerceBackendApplication - No active profile set, falling back to 1 default profile: "default"
2026-05-31 09:04:35.285 INFO  [main] [no-request] o.s.d.r.c.RepositoryConfigurationDelegate - Bootstrapping Spring Data JPA repositories in DEFAULT mode.
2026-05-31 09:04:35.409 INFO  [main] [no-request] o.s.d.r.c.RepositoryConfigurationDelegate - Finished Spring Data repository scanning in 111 ms. Found 14 JPA repository interfaces.
2026-05-31 09:04:36.672 INFO  [main] [no-request] o.s.boot.tomcat.TomcatWebServer - Tomcat initialized with port 8080 (http)
2026-05-31 09:04:36.703 INFO  [main] [no-request] o.a.catalina.core.StandardService - Starting service [Tomcat]
2026-05-31 09:04:36.704 INFO  [main] [no-request] o.a.catalina.core.StandardEngine - Starting Servlet engine: [Apache Tomcat/11.0.21]
2026-05-31 09:04:36.846 INFO  [main] [no-request] o.s.b.w.c.s.WebApplicationContextInitializer - Root WebApplicationContext: initialization completed in 3411 ms
2026-05-31 09:04:37.559 INFO  [main] [no-request] org.hibernate.orm.jpa - HHH008540: Processing PersistenceUnitInfo [name: default]
2026-05-31 09:04:37.721 INFO  [main] [no-request] org.hibernate.orm.core - HHH000001: Hibernate ORM core version 7.2.12.Final
2026-05-31 09:04:38.930 INFO  [main] [no-request] o.s.o.j.p.SpringPersistenceUnitInfo - No LoadTimeWeaver setup: ignoring JPA class transformer
2026-05-31 09:04:39.017 INFO  [main] [no-request] com.zaxxer.hikari.HikariDataSource - HikariPool-1 - Starting...
2026-05-31 09:04:39.374 INFO  [main] [no-request] com.zaxxer.hikari.pool.HikariPool - HikariPool-1 - Added connection org.postgresql.jdbc.PgConnection@549404e7
2026-05-31 09:04:39.378 INFO  [main] [no-request] com.zaxxer.hikari.HikariDataSource - HikariPool-1 - Start completed.
2026-05-31 09:04:39.514 INFO  [main] [no-request] o.hibernate.orm.connections.pooling - HHH10001005: Database info:
	Database JDBC URL [jdbc:postgresql://localhost:5432/ecommerce]
	Database driver: PostgreSQL JDBC Driver
	Database dialect: PostgreSQLDialect
	Database version: 16.2
	Default catalog/schema: ecommerce/public
	Autocommit mode: undefined/unknown
	Isolation level: READ_COMMITTED [default READ_COMMITTED]
	JDBC fetch size: none
	Pool: DataSourceConnectionProvider
	Minimum pool size: undefined/unknown
	Maximum pool size: undefined/unknown
2026-05-31 09:04:42.241 INFO  [main] [no-request] org.hibernate.orm.core - HHH000489: No JTA platform available (set 'hibernate.transaction.jta.platform' to enable JTA platform integration)
2026-05-31 09:04:42.434 INFO  [main] [no-request] o.s.o.j.LocalContainerEntityManagerFactoryBean - Initialized JPA EntityManagerFactory for persistence unit 'default'
2026-05-31 09:04:42.576 INFO  [main] [no-request] o.s.d.j.r.q.QueryEnhancerFactories - Hibernate is in classpath; If applicable, HQL parser will be used.
2026-05-31 09:04:45.888 INFO  [main] [no-request] o.s.s.c.a.a.c.InitializeAuthenticationProviderBeanManagerConfigurer$InitializeAuthenticationProviderManagerConfigurer - Global AuthenticationManager configured with AuthenticationProvider bean with name authenticationProvider
2026-05-31 09:04:45.888 WARN  [main] [no-request] o.s.s.c.a.a.c.InitializeUserDetailsBeanManagerConfigurer$InitializeUserDetailsManagerConfigurer - Global AuthenticationManager configured with an AuthenticationProvider bean. UserDetailsService beans will not be used by Spring Security for automatically configuring username/password login. Consider removing the AuthenticationProvider bean. Alternatively, consider using the UserDetailsService in a manually instantiated DaoAuthenticationProvider. If the current configuration is intentional, to turn off this warning, increase the logging level of 'org.springframework.security.config.annotation.authentication.configuration.InitializeUserDetailsBeanManagerConfigurer' to ERROR
2026-05-31 09:04:48.263 INFO  [main] [no-request] o.s.b.a.e.web.EndpointLinksResolver - Exposing 1 endpoint beneath base path '/actuator'
2026-05-31 09:04:48.559 INFO  [main] [no-request] o.s.boot.tomcat.TomcatWebServer - Tomcat started on port 8080 (http) with context path '/'
2026-05-31 09:04:48.590 INFO  [main] [no-request] p.e.ECommerceBackendApplication - Started ECommerceBackendApplication in 16.632 seconds (process running for 18.531)
2026-05-31 09:04:48.607 INFO  [main] [no-request] p.ecommercebackend.config.MailConfig - Email delivery ENABLED — SMTP localhost:1025 (view MailHog UI at http://localhost:8025)
2026-05-31 09:04:48.608 INFO  [main] [no-request] p.ecommercebackend.config.DataSeeder - Running database seed checks...
2026-05-31 09:04:49.825 WARN  [RMI TCP Connection(6)-172.23.0.1] [no-request] o.s.b.m.health.MailHealthIndicator - Mail health check failed
org.eclipse.angus.mail.util.MailConnectException: Couldn't connect to host, port: localhost, 1025; timeout -1;
  nested exception is:
	java.net.ConnectException: Connection refused: connect
	at org.eclipse.angus.mail.smtp.SMTPTransport.openServer(SMTPTransport.java:2243)
	at org.eclipse.angus.mail.smtp.SMTPTransport.protocolConnect(SMTPTransport.java:729)
	at jakarta.mail.Service.connect(Service.java:345)
	at org.springframework.mail.javamail.JavaMailSenderImpl.connectTransport(JavaMailSenderImpl.java:467)
	at org.springframework.mail.javamail.JavaMailSenderImpl.testConnection(JavaMailSenderImpl.java:347)
	at org.springframework.boot.mail.health.MailHealthIndicator.doHealthCheck(MailHealthIndicator.java:52)
	at org.springframework.boot.health.contributor.AbstractHealthIndicator.health(AbstractHealthIndicator.java:80)
	at org.springframework.boot.health.contributor.HealthIndicator.health(HealthIndicator.java:37)
	at org.springframework.boot.health.actuate.endpoint.Contributor$Blocking.getDescriptor(Contributor.java:148)
	at org.springframework.boot.health.actuate.endpoint.Contributor$Blocking.getDescriptor(Contributor.java:126)
	at org.springframework.boot.health.actuate.endpoint.HealthEndpointSupport.getDescriptorAndLogIfSlow(HealthEndpointSupport.java:172)
	at org.springframework.boot.health.actuate.endpoint.HealthEndpointSupport.getDescriptor(HealthEndpointSupport.java:145)
	at org.springframework.boot.health.actuate.endpoint.HealthEndpointSupport.getAggregateDescriptor(HealthEndpointSupport.java:157)
	at org.springframework.boot.health.actuate.endpoint.HealthEndpointSupport.getDescriptor(HealthEndpointSupport.java:141)
	at org.springframework.boot.health.actuate.endpoint.HealthEndpointSupport.getResult(HealthEndpointSupport.java:110)
	at org.springframework.boot.health.actuate.endpoint.HealthEndpointSupport.getResult(HealthEndpointSupport.java:82)
	at org.springframework.boot.health.actuate.endpoint.HealthEndpoint.health(HealthEndpoint.java:80)
	at org.springframework.boot.health.actuate.endpoint.HealthEndpoint.health(HealthEndpoint.java:70)
	at java.base/jdk.internal.reflect.DirectMethodHandleAccessor.invoke(DirectMethodHandleAccessor.java:104)
	at java.base/java.lang.reflect.Method.invoke(Method.java:578)
	at org.springframework.util.ReflectionUtils.invokeMethod(ReflectionUtils.java:281)
	at org.springframework.boot.actuate.endpoint.invoke.reflect.ReflectiveOperationInvoker.invoke(ReflectiveOperationInvoker.java:76)
	at org.springframework.boot.actuate.endpoint.annotation.AbstractDiscoveredOperation.invoke(AbstractDiscoveredOperation.java:62)
	at org.springframework.boot.actuate.endpoint.jmx.EndpointMBean.invoke(EndpointMBean.java:127)
	at org.springframework.boot.actuate.endpoint.jmx.EndpointMBean.invoke(EndpointMBean.java:99)
	at java.management/com.sun.jmx.interceptor.DefaultMBeanServerInterceptor.invoke(DefaultMBeanServerInterceptor.java:809)
	at java.management/com.sun.jmx.mbeanserver.JmxMBeanServer.invoke(JmxMBeanServer.java:802)
	at java.management.rmi/javax.management.remote.rmi.RMIConnectionImpl.doOperation(RMIConnectionImpl.java:1472)
	at java.management.rmi/javax.management.remote.rmi.RMIConnectionImpl$PrivilegedOperation.run(RMIConnectionImpl.java:1310)
	at java.management.rmi/javax.management.remote.rmi.RMIConnectionImpl.doPrivilegedOperation(RMIConnectionImpl.java:1405)
	at java.management.rmi/javax.management.remote.rmi.RMIConnectionImpl.invoke(RMIConnectionImpl.java:829)
	at java.base/jdk.internal.reflect.DirectMethodHandleAccessor.invoke(DirectMethodHandleAccessor.java:104)
	at java.base/java.lang.reflect.Method.invoke(Method.java:578)
	at java.rmi/sun.rmi.server.UnicastServerRef.dispatch(UnicastServerRef.java:360)
	at java.rmi/sun.rmi.transport.Transport$1.run(Transport.java:200)
	at java.rmi/sun.rmi.transport.Transport$1.run(Transport.java:197)
	at java.base/java.security.AccessController.doPrivileged(AccessController.java:712)
	at java.rmi/sun.rmi.transport.Transport.serviceCall(Transport.java:196)
	at java.rmi/sun.rmi.transport.tcp.TCPTransport.handleMessages(TCPTransport.java:598)
	at java.rmi/sun.rmi.transport.tcp.TCPTransport$ConnectionHandler.run0(TCPTransport.java:844)
	at java.rmi/sun.rmi.transport.tcp.TCPTransport$ConnectionHandler.lambda$run$0(TCPTransport.java:721)
	at java.base/java.security.AccessController.doPrivileged(AccessController.java:399)
	at java.rmi/sun.rmi.transport.tcp.TCPTransport$ConnectionHandler.run(TCPTransport.java:720)
	at java.base/java.util.concurrent.ThreadPoolExecutor.runWorker(ThreadPoolExecutor.java:1144)
	at java.base/java.util.concurrent.ThreadPoolExecutor$Worker.run(ThreadPoolExecutor.java:642)
	at java.base/java.lang.Thread.run(Thread.java:1589)
Caused by: java.net.ConnectException: Connection refused: connect
	at java.base/sun.nio.ch.Net.connect0(Native Method)
	at java.base/sun.nio.ch.Net.connect(Net.java:579)
	at java.base/sun.nio.ch.Net.connect(Net.java:568)
	at java.base/sun.nio.ch.NioSocketImpl.connect(NioSocketImpl.java:576)
	at java.base/java.net.SocksSocketImpl.connect(SocksSocketImpl.java:327)
	at java.base/java.net.Socket.connect(Socket.java:666)
	at java.base/java.net.Socket.connect(Socket.java:600)
	at org.eclipse.angus.mail.util.SocketFetcher.createSocket(SocketFetcher.java:368)
	at org.eclipse.angus.mail.util.SocketFetcher.getSocket(SocketFetcher.java:243)
	at org.eclipse.angus.mail.smtp.SMTPTransport.openServer(SMTPTransport.java:2193)
	... 45 common frames omitted
2026-05-31 09:04:49.856 INFO  [RMI TCP Connection(8)-172.23.0.1] [no-request] o.a.c.c.C.[Tomcat].[localhost].[/] - Initializing Spring DispatcherServlet 'dispatcherServlet'
2026-05-31 09:04:49.856 INFO  [RMI TCP Connection(8)-172.23.0.1] [no-request] o.s.web.servlet.DispatcherServlet - Initializing Servlet 'dispatcherServlet'
2026-05-31 09:04:49.861 INFO  [RMI TCP Connection(8)-172.23.0.1] [no-request] o.s.web.servlet.DispatcherServlet - Completed initialization in 5 ms
2026-05-31 09:06:23.295 INFO  [main] [no-request] p.e.ECommerceBackendApplicationTests - Starting ECommerceBackendApplicationTests using Java 17.0.8 with PID 16872 (started by God -01.11 in C:\Users\God -01.11\Desktop\e-commerce-backend - codex)
2026-05-31 09:06:23.301 INFO  [main] [no-request] p.e.ECommerceBackendApplicationTests - The following 1 profile is active: "test"
2026-05-31 09:06:37.307 INFO  [main] [no-request] o.s.s.c.a.a.c.InitializeAuthenticationProviderBeanManagerConfigurer$InitializeAuthenticationProviderManagerConfigurer - Global AuthenticationManager configured with AuthenticationProvider bean with name authenticationProvider
2026-05-31 09:06:37.308 WARN  [main] [no-request] o.s.s.c.a.a.c.InitializeUserDetailsBeanManagerConfigurer$InitializeUserDetailsManagerConfigurer - Global AuthenticationManager configured with an AuthenticationProvider bean. UserDetailsService beans will not be used by Spring Security for automatically configuring username/password login. Consider removing the AuthenticationProvider bean. Alternatively, consider using the UserDetailsService in a manually instantiated DaoAuthenticationProvider. If the current configuration is intentional, to turn off this warning, increase the logging level of 'org.springframework.security.config.annotation.authentication.configuration.InitializeUserDetailsBeanManagerConfigurer' to ERROR
2026-05-31 09:06:40.616 INFO  [main] [no-request] p.e.ECommerceBackendApplicationTests - Started ECommerceBackendApplicationTests in 18.486 seconds (process running for 21.12)
2026-05-31 09:06:40.703 INFO  [main] [no-request] p.ecommercebackend.config.DataSeeder - Running database seed checks...
2026-05-31 09:06:41.207 INFO  [main] [no-request] p.ecommercebackend.config.DataSeeder - Default shop settings seeded (low stock threshold: 10)
2026-05-31 09:06:41.245 WARN  [main] [no-request] p.ecommercebackend.config.MailConfig - Email delivery DISABLED — set MAIL_ENABLED=true and run MailHog (docker compose up -d mailhog)
2026-05-31 09:06:42.292 INFO  [main] [no-request] p.e.service.impl.OrderServiceImpl - Checkout initiated orderId=1 userId=2 subtotal=50.00 total=60.47 devMode=true
2026-05-31 09:06:42.378 INFO  [main] [no-request] p.e.service.impl.OrderServiceImpl - Order fulfilled orderId=1 userId=2 total=60.47 itemCount=1
2026-05-31 09:06:42.398 INFO  [main] [no-request] p.e.service.impl.EmailServiceImpl - Mail disabled - order confirmation for customer@example.com (order #1):
<html><body style="font-family:Segoe UI,sans-serif;color:#1a2332;">
<h2>Thank you for your order, Test!</h2>
<p>Your payment was received. Order <strong>#1</strong> is confirmed.</p>
<p><strong>Placed:</strong> May 31, 2026 09:06</p>
<h3>Shipping to</h3>
<p>123 Test Street<br>Test City, 12345<br>USA</p>
<h3>Items</h3>
<table border="1" cellpadding="8" cellspacing="0" style="border-collapse:collapse;">
<tr><th>Product</th><th>Qty</th><th>Total</th></tr>
<tr><td>Limited Product</td><td>2</td><td>$50.00</td></tr>
</table>
<p style="margin-top:16px;"><strong>Order total: $60.47</strong></p>
<p style="color:#64748b;font-size:14px;">ShopVerse - happy shopping!</p>
</body></html>

2026-05-31 09:06:42.435 INFO  [main] [no-request] p.e.service.impl.OrderServiceImpl - Payment confirmation ignored for already confirmed orderId=1
2026-05-31 09:14:38.965 INFO  [http-nio-0.0.0.0-8080-exec-10] [66c97be1-acaf-4c5e-86de-8720041b1ee4] o.s.api.AbstractOpenApiResource - Init duration for springdoc-openapi is: 1941 ms
2026-05-31 09:15:28.259 INFO  [SpringApplicationShutdownHook] [no-request] o.s.boot.tomcat.GracefulShutdown - Commencing graceful shutdown. Waiting for active requests to complete
2026-05-31 09:15:29.443 INFO  [tomcat-shutdown] [no-request] o.s.boot.tomcat.GracefulShutdown - Graceful shutdown complete
2026-05-31 09:15:29.467 INFO  [SpringApplicationShutdownHook] [no-request] o.s.o.j.LocalContainerEntityManagerFactoryBean - Closing JPA EntityManagerFactory for persistence unit 'default'
2026-05-31 09:15:29.472 INFO  [SpringApplicationShutdownHook] [no-request] com.zaxxer.hikari.HikariDataSource - HikariPool-1 - Shutdown initiated...
2026-05-31 09:15:29.479 INFO  [SpringApplicationShutdownHook] [no-request] com.zaxxer.hikari.HikariDataSource - HikariPool-1 - Shutdown completed.
2026-05-31 09:17:13.591 INFO  [main] [no-request] p.e.ECommerceBackendApplication - Starting ECommerceBackendApplication using Java 19.0.2 with PID 21300 (C:\Users\God -01.11\Desktop\e-commerce-backend - codex\target\classes started by God -01.11 in C:\Users\God -01.11\Desktop\e-commerce-backend - codex)
2026-05-31 09:17:13.602 INFO  [main] [no-request] p.e.ECommerceBackendApplication - No active profile set, falling back to 1 default profile: "default"
2026-05-31 09:17:15.792 INFO  [main] [no-request] o.s.d.r.c.RepositoryConfigurationDelegate - Bootstrapping Spring Data JPA repositories in DEFAULT mode.
2026-05-31 09:17:15.923 INFO  [main] [no-request] o.s.d.r.c.RepositoryConfigurationDelegate - Finished Spring Data repository scanning in 117 ms. Found 14 JPA repository interfaces.
2026-05-31 09:17:17.055 INFO  [main] [no-request] o.s.boot.tomcat.TomcatWebServer - Tomcat initialized with port 8080 (http)
2026-05-31 09:17:17.075 INFO  [main] [no-request] o.a.catalina.core.StandardService - Starting service [Tomcat]
2026-05-31 09:17:17.076 INFO  [main] [no-request] o.a.catalina.core.StandardEngine - Starting Servlet engine: [Apache Tomcat/11.0.21]
2026-05-31 09:17:17.174 INFO  [main] [no-request] o.s.b.w.c.s.WebApplicationContextInitializer - Root WebApplicationContext: initialization completed in 3460 ms
2026-05-31 09:17:17.704 INFO  [main] [no-request] org.hibernate.orm.jpa - HHH008540: Processing PersistenceUnitInfo [name: default]
2026-05-31 09:17:17.832 INFO  [main] [no-request] org.hibernate.orm.core - HHH000001: Hibernate ORM core version 7.2.12.Final
2026-05-31 09:17:18.789 INFO  [main] [no-request] o.s.o.j.p.SpringPersistenceUnitInfo - No LoadTimeWeaver setup: ignoring JPA class transformer
2026-05-31 09:17:18.842 INFO  [main] [no-request] com.zaxxer.hikari.HikariDataSource - HikariPool-1 - Starting...
2026-05-31 09:17:19.087 INFO  [main] [no-request] com.zaxxer.hikari.pool.HikariPool - HikariPool-1 - Added connection org.postgresql.jdbc.PgConnection@54ddd7e4
2026-05-31 09:17:19.089 INFO  [main] [no-request] com.zaxxer.hikari.HikariDataSource - HikariPool-1 - Start completed.
2026-05-31 09:17:19.183 INFO  [main] [no-request] o.hibernate.orm.connections.pooling - HHH10001005: Database info:
	Database JDBC URL [jdbc:postgresql://localhost:5432/ecommerce]
	Database driver: PostgreSQL JDBC Driver
	Database dialect: PostgreSQLDialect
	Database version: 16.2
	Default catalog/schema: ecommerce/public
	Autocommit mode: undefined/unknown
	Isolation level: READ_COMMITTED [default READ_COMMITTED]
	JDBC fetch size: none
	Pool: DataSourceConnectionProvider
	Minimum pool size: undefined/unknown
	Maximum pool size: undefined/unknown
2026-05-31 09:17:21.222 INFO  [main] [no-request] org.hibernate.orm.core - HHH000489: No JTA platform available (set 'hibernate.transaction.jta.platform' to enable JTA platform integration)
2026-05-31 09:17:21.583 INFO  [main] [no-request] o.s.o.j.LocalContainerEntityManagerFactoryBean - Initialized JPA EntityManagerFactory for persistence unit 'default'
2026-05-31 09:17:21.868 INFO  [main] [no-request] o.s.d.j.r.q.QueryEnhancerFactories - Hibernate is in classpath; If applicable, HQL parser will be used.
2026-05-31 09:17:25.649 INFO  [main] [no-request] o.s.s.c.a.a.c.InitializeAuthenticationProviderBeanManagerConfigurer$InitializeAuthenticationProviderManagerConfigurer - Global AuthenticationManager configured with AuthenticationProvider bean with name authenticationProvider
2026-05-31 09:17:25.651 WARN  [main] [no-request] o.s.s.c.a.a.c.InitializeUserDetailsBeanManagerConfigurer$InitializeUserDetailsManagerConfigurer - Global AuthenticationManager configured with an AuthenticationProvider bean. UserDetailsService beans will not be used by Spring Security for automatically configuring username/password login. Consider removing the AuthenticationProvider bean. Alternatively, consider using the UserDetailsService in a manually instantiated DaoAuthenticationProvider. If the current configuration is intentional, to turn off this warning, increase the logging level of 'org.springframework.security.config.annotation.authentication.configuration.InitializeUserDetailsBeanManagerConfigurer' to ERROR
2026-05-31 09:17:28.412 INFO  [main] [no-request] o.s.b.a.e.web.EndpointLinksResolver - Exposing 1 endpoint beneath base path '/actuator'
2026-05-31 09:17:28.734 INFO  [main] [no-request] o.s.boot.tomcat.TomcatWebServer - Tomcat started on port 8080 (http) with context path '/'
2026-05-31 09:17:28.754 INFO  [main] [no-request] p.e.ECommerceBackendApplication - Started ECommerceBackendApplication in 16.556 seconds (process running for 18.795)
2026-05-31 09:17:28.769 INFO  [main] [no-request] p.ecommercebackend.config.DataSeeder - Running database seed checks...
2026-05-31 09:17:29.061 INFO  [main] [no-request] p.ecommercebackend.config.MailConfig - Email delivery ENABLED — SMTP localhost:1025 (view MailHog UI at http://localhost:8025)
2026-05-31 09:17:29.708 INFO  [RMI TCP Connection(13)-172.23.0.1] [no-request] o.a.c.c.C.[Tomcat].[localhost].[/] - Initializing Spring DispatcherServlet 'dispatcherServlet'
2026-05-31 09:17:29.709 INFO  [RMI TCP Connection(13)-172.23.0.1] [no-request] o.s.web.servlet.DispatcherServlet - Initializing Servlet 'dispatcherServlet'
2026-05-31 09:17:29.713 INFO  [RMI TCP Connection(13)-172.23.0.1] [no-request] o.s.web.servlet.DispatcherServlet - Completed initialization in 4 ms
2026-05-31 09:17:29.788 WARN  [RMI TCP Connection(12)-172.23.0.1] [no-request] o.s.b.m.health.MailHealthIndicator - Mail health check failed
org.eclipse.angus.mail.util.MailConnectException: Couldn't connect to host, port: localhost, 1025; timeout -1;
  nested exception is:
	java.net.ConnectException: Connection refused: connect
	at org.eclipse.angus.mail.smtp.SMTPTransport.openServer(SMTPTransport.java:2243)
	at org.eclipse.angus.mail.smtp.SMTPTransport.protocolConnect(SMTPTransport.java:729)
	at jakarta.mail.Service.connect(Service.java:345)
	at org.springframework.mail.javamail.JavaMailSenderImpl.connectTransport(JavaMailSenderImpl.java:467)
	at org.springframework.mail.javamail.JavaMailSenderImpl.testConnection(JavaMailSenderImpl.java:347)
	at org.springframework.boot.mail.health.MailHealthIndicator.doHealthCheck(MailHealthIndicator.java:52)
	at org.springframework.boot.health.contributor.AbstractHealthIndicator.health(AbstractHealthIndicator.java:80)
	at org.springframework.boot.health.contributor.HealthIndicator.health(HealthIndicator.java:37)
	at org.springframework.boot.health.actuate.endpoint.Contributor$Blocking.getDescriptor(Contributor.java:148)
	at org.springframework.boot.health.actuate.endpoint.Contributor$Blocking.getDescriptor(Contributor.java:126)
	at org.springframework.boot.health.actuate.endpoint.HealthEndpointSupport.getDescriptorAndLogIfSlow(HealthEndpointSupport.java:172)
	at org.springframework.boot.health.actuate.endpoint.HealthEndpointSupport.getDescriptor(HealthEndpointSupport.java:145)
	at org.springframework.boot.health.actuate.endpoint.HealthEndpointSupport.getAggregateDescriptor(HealthEndpointSupport.java:157)
	at org.springframework.boot.health.actuate.endpoint.HealthEndpointSupport.getDescriptor(HealthEndpointSupport.java:141)
	at org.springframework.boot.health.actuate.endpoint.HealthEndpointSupport.getResult(HealthEndpointSupport.java:110)
	at org.springframework.boot.health.actuate.endpoint.HealthEndpointSupport.getResult(HealthEndpointSupport.java:82)
	at org.springframework.boot.health.actuate.endpoint.HealthEndpoint.health(HealthEndpoint.java:80)
	at org.springframework.boot.health.actuate.endpoint.HealthEndpoint.health(HealthEndpoint.java:70)
	at java.base/jdk.internal.reflect.DirectMethodHandleAccessor.invoke(DirectMethodHandleAccessor.java:104)
	at java.base/java.lang.reflect.Method.invoke(Method.java:578)
	at org.springframework.util.ReflectionUtils.invokeMethod(ReflectionUtils.java:281)
	at org.springframework.boot.actuate.endpoint.invoke.reflect.ReflectiveOperationInvoker.invoke(ReflectiveOperationInvoker.java:76)
	at org.springframework.boot.actuate.endpoint.annotation.AbstractDiscoveredOperation.invoke(AbstractDiscoveredOperation.java:62)
	at org.springframework.boot.actuate.endpoint.jmx.EndpointMBean.invoke(EndpointMBean.java:127)
	at org.springframework.boot.actuate.endpoint.jmx.EndpointMBean.invoke(EndpointMBean.java:99)
	at java.management/com.sun.jmx.interceptor.DefaultMBeanServerInterceptor.invoke(DefaultMBeanServerInterceptor.java:809)
	at java.management/com.sun.jmx.mbeanserver.JmxMBeanServer.invoke(JmxMBeanServer.java:802)
	at java.management.rmi/javax.management.remote.rmi.RMIConnectionImpl.doOperation(RMIConnectionImpl.java:1472)
	at java.management.rmi/javax.management.remote.rmi.RMIConnectionImpl$PrivilegedOperation.run(RMIConnectionImpl.java:1310)
	at java.management.rmi/javax.management.remote.rmi.RMIConnectionImpl.doPrivilegedOperation(RMIConnectionImpl.java:1405)
	at java.management.rmi/javax.management.remote.rmi.RMIConnectionImpl.invoke(RMIConnectionImpl.java:829)
	at java.base/jdk.internal.reflect.DirectMethodHandleAccessor.invoke(DirectMethodHandleAccessor.java:104)
	at java.base/java.lang.reflect.Method.invoke(Method.java:578)
	at java.rmi/sun.rmi.server.UnicastServerRef.dispatch(UnicastServerRef.java:360)
	at java.rmi/sun.rmi.transport.Transport$1.run(Transport.java:200)
	at java.rmi/sun.rmi.transport.Transport$1.run(Transport.java:197)
	at java.base/java.security.AccessController.doPrivileged(AccessController.java:712)
	at java.rmi/sun.rmi.transport.Transport.serviceCall(Transport.java:196)
	at java.rmi/sun.rmi.transport.tcp.TCPTransport.handleMessages(TCPTransport.java:598)
	at java.rmi/sun.rmi.transport.tcp.TCPTransport$ConnectionHandler.run0(TCPTransport.java:844)
	at java.rmi/sun.rmi.transport.tcp.TCPTransport$ConnectionHandler.lambda$run$0(TCPTransport.java:721)
	at java.base/java.security.AccessController.doPrivileged(AccessController.java:399)
	at java.rmi/sun.rmi.transport.tcp.TCPTransport$ConnectionHandler.run(TCPTransport.java:720)
	at java.base/java.util.concurrent.ThreadPoolExecutor.runWorker(ThreadPoolExecutor.java:1144)
	at java.base/java.util.concurrent.ThreadPoolExecutor$Worker.run(ThreadPoolExecutor.java:642)
	at java.base/java.lang.Thread.run(Thread.java:1589)
Caused by: java.net.ConnectException: Connection refused: connect
	at java.base/sun.nio.ch.Net.connect0(Native Method)
	at java.base/sun.nio.ch.Net.connect(Net.java:579)
	at java.base/sun.nio.ch.Net.connect(Net.java:568)
	at java.base/sun.nio.ch.NioSocketImpl.connect(NioSocketImpl.java:576)
	at java.base/java.net.SocksSocketImpl.connect(SocksSocketImpl.java:327)
	at java.base/java.net.Socket.connect(Socket.java:666)
	at java.base/java.net.Socket.connect(Socket.java:600)
	at org.eclipse.angus.mail.util.SocketFetcher.createSocket(SocketFetcher.java:368)
	at org.eclipse.angus.mail.util.SocketFetcher.getSocket(SocketFetcher.java:243)
	at org.eclipse.angus.mail.smtp.SMTPTransport.openServer(SMTPTransport.java:2193)
	... 45 common frames omitted
2026-05-31 09:23:31.976 INFO  [http-nio-0.0.0.0-8080-exec-2] [a20ec38e-cba9-4824-8223-8e413f4fc237] p.e.config.RequestLoggingFilter - HTTP GET /api/categories -> 200 (206 ms) user=anonymous
2026-05-31 09:23:32.087 INFO  [http-nio-0.0.0.0-8080-exec-1] [054fc2d2-14f0-43dd-ac6a-0e26ead0d982] p.e.config.RequestLoggingFilter - HTTP GET /api/products?page=0&size=12&sort=name%2Casc -> 200 (317 ms) user=anonymous
2026-05-31 09:23:32.167 INFO  [http-nio-0.0.0.0-8080-exec-3] [50a5f7f4-3040-440a-abed-14a15ad6b1a2] p.e.config.RequestLoggingFilter - HTTP GET /api/categories -> 200 (9 ms) user=anonymous
2026-05-31 09:23:32.281 INFO  [http-nio-0.0.0.0-8080-exec-4] [002365bb-2e33-48f4-ae1e-3e3cd924b74b] p.e.config.RequestLoggingFilter - HTTP GET /api/products?page=0&size=12&sort=name%2Casc -> 200 (123 ms) user=anonymous
2026-05-31 09:23:57.383 INFO  [http-nio-0.0.0.0-8080-exec-6] [6ed7376c-32b4-4297-8055-5f91c09602a4] p.e.service.impl.AuthServiceImpl - User logged in userId=1 email=admin@shop.com
2026-05-31 09:23:57.390 INFO  [http-nio-0.0.0.0-8080-exec-6] [6ed7376c-32b4-4297-8055-5f91c09602a4] p.e.config.RequestLoggingFilter - HTTP POST /api/auth/login -> 200 (495 ms) user=anonymous
2026-05-31 09:23:57.903 INFO  [http-nio-0.0.0.0-8080-exec-8] [62a38ab3-3e2d-4b08-8942-4729c8e0ac0d] p.e.config.RequestLoggingFilter - HTTP GET /api/wishlist/count -> 200 (17 ms) user=admin@shop.com
2026-05-31 09:23:57.903 INFO  [http-nio-0.0.0.0-8080-exec-9] [38baaa84-31d1-4a0a-a565-9d7a4983cb94] p.e.config.RequestLoggingFilter - HTTP GET /api/notifications/unread-count -> 200 (19 ms) user=admin@shop.com
2026-05-31 09:23:57.903 INFO  [http-nio-0.0.0.0-8080-exec-1] [439025c2-db9b-44c6-a2fd-e142f7ae938d] p.e.config.RequestLoggingFilter - HTTP GET /api/wishlist/count -> 200 (19 ms) user=admin@shop.com
2026-05-31 09:23:57.903 INFO  [http-nio-0.0.0.0-8080-exec-2] [f455ea57-bddb-4ee6-823c-c9583e8f3cce] p.e.config.RequestLoggingFilter - HTTP GET /api/notifications/unread-count -> 200 (19 ms) user=admin@shop.com
2026-05-31 09:23:57.936 INFO  [http-nio-0.0.0.0-8080-exec-10] [2dbd68a9-34d3-47ac-bd82-0ff7d4aece05] p.e.config.RequestLoggingFilter - HTTP GET /api/cart/summary -> 200 (52 ms) user=admin@shop.com
2026-05-31 09:23:57.936 INFO  [http-nio-0.0.0.0-8080-exec-5] [e5026e28-3c75-4322-8f98-3387f6c7516f] p.e.config.RequestLoggingFilter - HTTP GET /api/cart/summary -> 200 (52 ms) user=admin@shop.com
2026-05-31 09:23:58.228 INFO  [http-nio-0.0.0.0-8080-exec-4] [25b30461-b69e-4559-8d1a-e899a1fe4208] p.e.config.RequestLoggingFilter - HTTP GET /api/wishlist/count -> 200 (8 ms) user=admin@shop.com
2026-05-31 09:23:58.236 INFO  [http-nio-0.0.0.0-8080-exec-3] [d75c4123-1815-444e-8284-6c6d4017d7c5] p.e.config.RequestLoggingFilter - HTTP GET /api/cart/summary -> 200 (15 ms) user=admin@shop.com
2026-05-31 09:23:58.252 INFO  [http-nio-0.0.0.0-8080-exec-7] [069e4585-e635-47dc-a69a-582f7cbc702d] p.e.config.RequestLoggingFilter - HTTP GET /api/notifications/unread-count -> 200 (9 ms) user=admin@shop.com
2026-05-31 09:23:58.295 WARN  [http-nio-0.0.0.0-8080-exec-6] [861c195b-6c2d-450e-8eca-6829cb11d6b1] org.hibernate.orm.query - HHH90003004: firstResult/maxResults specified with collection fetch; applying in memory
2026-05-31 09:23:58.355 INFO  [http-nio-0.0.0.0-8080-exec-6] [861c195b-6c2d-450e-8eca-6829cb11d6b1] p.e.config.RequestLoggingFilter - HTTP GET /api/admin/dashboard -> 200 (111 ms) user=admin@shop.com
2026-05-31 09:24:02.168 INFO  [http-nio-0.0.0.0-8080-exec-9] [27745af2-d10a-4b3f-a99f-a3d21096250b] p.e.config.RequestLoggingFilter - HTTP GET /api/cart/summary -> 200 (11 ms) user=admin@shop.com
2026-05-31 09:24:02.475 INFO  [http-nio-0.0.0.0-8080-exec-2] [557fdaa8-39c4-4c8b-b46e-adaa03867a32] p.e.config.RequestLoggingFilter - HTTP GET /api/notifications/unread-count -> 200 (4 ms) user=admin@shop.com
2026-05-31 09:24:02.475 INFO  [http-nio-0.0.0.0-8080-exec-8] [db57e82a-270c-4fd6-974b-0846f48d971e] p.e.config.RequestLoggingFilter - HTTP GET /api/wishlist/count -> 200 (4 ms) user=admin@shop.com
2026-05-31 09:24:06.087 INFO  [http-nio-0.0.0.0-8080-exec-1] [c94b8350-65b2-4367-9ed8-9f7f6bcf8574] p.e.config.RequestLoggingFilter - HTTP GET /api/cart/summary -> 200 (8 ms) user=admin@shop.com
2026-05-31 09:24:06.167 INFO  [http-nio-0.0.0.0-8080-exec-10] [7ba5c64a-3bbb-45ab-9f55-7e1cd2b57747] p.e.config.RequestLoggingFilter - HTTP GET /api/notifications/unread-count -> 200 (8 ms) user=admin@shop.com
2026-05-31 09:24:06.167 INFO  [http-nio-0.0.0.0-8080-exec-5] [e3525832-b2b3-4968-a535-442b63fa576e] p.e.config.RequestLoggingFilter - HTTP GET /api/wishlist/count -> 200 (8 ms) user=admin@shop.com
2026-05-31 09:24:06.170 INFO  [http-nio-0.0.0.0-8080-exec-3] [66fa4f03-96a6-4369-be5d-6a8fe822b891] p.e.config.RequestLoggingFilter - HTTP GET /api/categories -> 200 (9 ms) user=admin@shop.com
2026-05-31 09:24:06.202 INFO  [http-nio-0.0.0.0-8080-exec-4] [363ed009-0038-402d-8e82-f1671de85363] p.e.config.RequestLoggingFilter - HTTP GET /api/products/admin/all?page=0&size=20 -> 200 (45 ms) user=admin@shop.com
2026-05-31 09:24:13.266 INFO  [http-nio-0.0.0.0-8080-exec-7] [685a8870-446d-4c01-84ae-7fb0da698498] p.e.config.RequestLoggingFilter - HTTP GET /api/cart/summary -> 200 (16 ms) user=admin@shop.com
2026-05-31 09:24:13.568 INFO  [http-nio-0.0.0.0-8080-exec-9] [9a7ca8c3-57d5-4c62-b068-c8fb0b90d4e9] p.e.config.RequestLoggingFilter - HTTP GET /api/notifications/unread-count -> 200 (6 ms) user=admin@shop.com
2026-05-31 09:24:13.568 INFO  [http-nio-0.0.0.0-8080-exec-6] [039dd3f0-ae1c-4262-9fd3-eb30e5d0a85f] p.e.config.RequestLoggingFilter - HTTP GET /api/wishlist/count -> 200 (6 ms) user=admin@shop.com
2026-05-31 09:24:16.096 INFO  [http-nio-0.0.0.0-8080-exec-8] [5fa37a1b-8ae1-430a-b3e3-a6320d865eb7] p.e.config.RequestLoggingFilter - HTTP GET /api/cart/summary -> 200 (7 ms) user=admin@shop.com
2026-05-31 09:24:16.136 WARN  [http-nio-0.0.0.0-8080-exec-5] [785e2304-75eb-4532-befe-cbcae7035092] org.hibernate.orm.query - HHH90003004: firstResult/maxResults specified with collection fetch; applying in memory
2026-05-31 09:24:16.138 INFO  [http-nio-0.0.0.0-8080-exec-2] [14c7465a-8c01-4ec5-994e-351cde74d389] p.e.config.RequestLoggingFilter - HTTP GET /api/wishlist/count -> 200 (5 ms) user=admin@shop.com
2026-05-31 09:24:16.138 INFO  [http-nio-0.0.0.0-8080-exec-1] [4dfbc8db-b95c-41d1-97ed-8b6ea237b4c9] p.e.config.RequestLoggingFilter - HTTP GET /api/notifications/unread-count -> 200 (5 ms) user=admin@shop.com
2026-05-31 09:24:16.157 INFO  [http-nio-0.0.0.0-8080-exec-5] [785e2304-75eb-4532-befe-cbcae7035092] p.e.config.RequestLoggingFilter - HTTP GET /api/orders/admin/all?page=0&size=10 -> 200 (24 ms) user=admin@shop.com
2026-05-31 09:24:22.158 WARN  [http-nio-0.0.0.0-8080-exec-10] [2807ce0f-a35c-4091-a8f6-cbed09113a4f] org.hibernate.orm.query - HHH90003004: firstResult/maxResults specified with collection fetch; applying in memory
2026-05-31 09:24:22.178 INFO  [http-nio-0.0.0.0-8080-exec-10] [2807ce0f-a35c-4091-a8f6-cbed09113a4f] p.e.config.RequestLoggingFilter - HTTP GET /api/orders/admin/all?page=1&size=10 -> 200 (21 ms) user=admin@shop.com
2026-05-31 09:24:27.480 INFO  [http-nio-0.0.0.0-8080-exec-3] [cef567a6-2c50-4538-81db-dd23c61f3cb0] p.e.config.RequestLoggingFilter - HTTP GET /api/cart/summary -> 200 (8 ms) user=admin@shop.com
2026-05-31 09:24:27.790 INFO  [http-nio-0.0.0.0-8080-exec-7] [d72f0460-ec9a-40f8-a312-b907f7f1ac80] p.e.config.RequestLoggingFilter - HTTP GET /api/notifications/unread-count -> 200 (5 ms) user=admin@shop.com
2026-05-31 09:24:27.790 INFO  [http-nio-0.0.0.0-8080-exec-4] [5c668a34-ecf3-47a3-a31e-066e0125f4fe] p.e.config.RequestLoggingFilter - HTTP GET /api/wishlist/count -> 200 (5 ms) user=admin@shop.com
2026-05-31 09:24:30.856 INFO  [http-nio-0.0.0.0-8080-exec-6] [04554080-5606-4a28-bd68-05e1d4adf2ab] p.e.config.RequestLoggingFilter - HTTP GET /api/cart/summary -> 200 (9 ms) user=admin@shop.com
2026-05-31 09:24:30.896 INFO  [http-nio-0.0.0.0-8080-exec-9] [eda5833f-c661-429d-8337-f95f9b74ba36] p.e.config.RequestLoggingFilter - HTTP GET /api/wishlist/count -> 200 (5 ms) user=admin@shop.com
2026-05-31 09:24:30.896 INFO  [http-nio-0.0.0.0-8080-exec-8] [1f52a229-37e6-42ab-a547-58f26e63d218] p.e.config.RequestLoggingFilter - HTTP GET /api/notifications/unread-count -> 200 (5 ms) user=admin@shop.com
2026-05-31 09:24:30.900 INFO  [http-nio-0.0.0.0-8080-exec-1] [225529a0-bb9a-4763-8f9a-021272fe4553] p.e.config.RequestLoggingFilter - HTTP GET /api/admin/coupons -> 200 (10 ms) user=admin@shop.com
2026-05-31 09:24:34.056 INFO  [http-nio-0.0.0.0-8080-exec-5] [9c0a19a1-0a08-4bcc-9e12-87649d710946] p.e.config.RequestLoggingFilter - HTTP GET /api/wishlist/count -> 200 (8 ms) user=admin@shop.com
2026-05-31 09:24:34.060 INFO  [http-nio-0.0.0.0-8080-exec-2] [3533e6e5-0578-412e-87b6-555695ea446a] p.e.config.RequestLoggingFilter - HTTP GET /api/cart/summary -> 200 (12 ms) user=admin@shop.com
2026-05-31 09:24:34.355 INFO  [http-nio-0.0.0.0-8080-exec-10] [65c92e80-d0f9-4aea-8e2e-971c7a73f025] p.e.config.RequestLoggingFilter - HTTP GET /api/notifications/unread-count -> 200 (5 ms) user=admin@shop.com
2026-05-31 09:24:37.624 INFO  [http-nio-0.0.0.0-8080-exec-3] [0ea1f50c-de6f-45d9-9647-1b328e8d48d9] p.e.config.RequestLoggingFilter - HTTP GET /api/cart/summary -> 200 (7 ms) user=admin@shop.com
2026-05-31 09:24:37.684 INFO  [http-nio-0.0.0.0-8080-exec-7] [35dd0436-e109-49fa-9f15-b95384e63efb] p.e.config.RequestLoggingFilter - HTTP GET /api/wishlist/count -> 200 (6 ms) user=admin@shop.com
2026-05-31 09:24:37.684 INFO  [http-nio-0.0.0.0-8080-exec-4] [1eafed64-97d9-43af-9232-ab3b9fef285c] p.e.config.RequestLoggingFilter - HTTP GET /api/notifications/unread-count -> 200 (6 ms) user=admin@shop.com
2026-05-31 09:24:44.941 INFO  [http-nio-0.0.0.0-8080-exec-9] [ef4aac11-7b48-47b3-9c07-0951c3af875f] p.e.config.RequestLoggingFilter - HTTP GET /api/wishlist/count -> 200 (8 ms) user=admin@shop.com
2026-05-31 09:24:44.945 INFO  [http-nio-0.0.0.0-8080-exec-6] [6c8fd9ad-4837-4d25-a099-2fd245a54389] p.e.config.RequestLoggingFilter - HTTP GET /api/cart/summary -> 200 (12 ms) user=admin@shop.com
2026-05-31 09:24:45.249 INFO  [http-nio-0.0.0.0-8080-exec-8] [6a9b6a0f-108f-4a29-8433-d791ab272061] p.e.config.RequestLoggingFilter - HTTP GET /api/notifications/unread-count -> 200 (6 ms) user=admin@shop.com
2026-05-31 09:24:45.327 INFO  [http-nio-0.0.0.0-8080-exec-1] [e74e6abe-eec4-4ee9-ab77-524108f09be4] p.e.config.RequestLoggingFilter - HTTP GET /api/products?page=0&size=12&sort=name%2Casc -> 200 (85 ms) user=admin@shop.com
2026-05-31 09:24:49.512 INFO  [http-nio-0.0.0.0-8080-exec-5] [90faec4b-9c52-416d-bdda-1c5e8f28b4bd] p.e.config.RequestLoggingFilter - HTTP GET /api/cart/summary -> 200 (14 ms) user=admin@shop.com
2026-05-31 09:24:49.528 INFO  [http-nio-0.0.0.0-8080-exec-2] [a0a81a8a-2f49-4509-8daa-2c7436bb67ba] p.e.config.RequestLoggingFilter - HTTP GET /api/notifications/unread-count -> 200 (8 ms) user=admin@shop.com
2026-05-31 09:24:49.528 INFO  [http-nio-0.0.0.0-8080-exec-4] [81c5f4f3-358a-4d4b-8869-76ad138c0c0a] p.e.config.RequestLoggingFilter - HTTP GET /api/wishlist/count -> 200 (10 ms) user=admin@shop.com
2026-05-31 09:24:49.541 INFO  [http-nio-0.0.0.0-8080-exec-6] [082358bd-5442-4946-899b-485ee629faad] p.e.config.RequestLoggingFilter - HTTP GET /api/products/4/reviews?page=0&size=10 -> 200 (23 ms) user=admin@shop.com
2026-05-31 09:24:49.551 INFO  [http-nio-0.0.0.0-8080-exec-3] [62e6ae92-fef9-4e21-90a4-a5300e37c579] p.e.config.RequestLoggingFilter - HTTP GET /api/products/4 -> 200 (33 ms) user=admin@shop.com
2026-05-31 09:24:49.561 INFO  [http-nio-0.0.0.0-8080-exec-7] [5e2e7a0f-24a9-4e70-addb-34313d9e09c5] p.e.config.RequestLoggingFilter - HTTP GET /api/products/4/related?size=4 -> 200 (42 ms) user=admin@shop.com
2026-05-31 09:24:49.849 INFO  [http-nio-0.0.0.0-8080-exec-9] [46dd67ba-5ef8-4162-9d0c-64940d3be464] p.e.config.RequestLoggingFilter - HTTP GET /api/wishlist?page=0&size=12 -> 200 (17 ms) user=admin@shop.com
2026-05-31 09:24:52.098 INFO  [http-nio-0.0.0.0-8080-exec-8] [5041a885-405d-4ed5-8ee3-35faa5d1d9e7] p.e.config.RequestLoggingFilter - HTTP POST /api/wishlist/4 -> 201 (9 ms) user=admin@shop.com
2026-05-31 09:24:52.627 INFO  [http-nio-0.0.0.0-8080-exec-1] [76fa2fc4-3638-412c-826d-fc93b8281583] p.e.config.RequestLoggingFilter - HTTP GET /api/cart/summary -> 200 (8 ms) user=admin@shop.com
2026-05-31 09:24:52.935 INFO  [http-nio-0.0.0.0-8080-exec-10] [763f6e9a-409c-4140-bba3-6f7dd7207867] p.e.config.RequestLoggingFilter - HTTP GET /api/wishlist/count -> 200 (6 ms) user=admin@shop.com
2026-05-31 09:24:52.935 INFO  [http-nio-0.0.0.0-8080-exec-5] [564c5657-6c33-4f4e-ab00-3a839353ec09] p.e.config.RequestLoggingFilter - HTTP GET /api/notifications/unread-count -> 200 (6 ms) user=admin@shop.com
2026-05-31 09:24:56.948 INFO  [http-nio-0.0.0.0-8080-exec-2] [d3f4edc7-8a93-4130-a9e4-941004126269] p.e.config.RequestLoggingFilter - HTTP POST /api/cart/items -> 200 (88 ms) user=admin@shop.com
2026-05-31 09:24:57.482 INFO  [http-nio-0.0.0.0-8080-exec-4] [d2b0f91d-72df-4672-9107-a84f6493bdfb] p.e.config.RequestLoggingFilter - HTTP GET /api/cart/summary -> 200 (11 ms) user=admin@shop.com
2026-05-31 09:24:57.791 INFO  [http-nio-0.0.0.0-8080-exec-9] [658f08ec-58be-4551-be8c-7bb5f19fb703] p.e.config.RequestLoggingFilter - HTTP GET /api/wishlist/count -> 200 (7 ms) user=admin@shop.com
2026-05-31 09:24:57.792 INFO  [http-nio-0.0.0.0-8080-exec-8] [324baecf-7a5b-4118-b693-b25aa36e1a25] p.e.config.RequestLoggingFilter - HTTP GET /api/notifications/unread-count -> 200 (6 ms) user=admin@shop.com
2026-05-31 09:24:57.792 INFO  [http-nio-0.0.0.0-8080-exec-3] [488de8c1-fabc-4f0e-b9c7-80a2a8ab5864] p.e.config.RequestLoggingFilter - HTTP GET /api/notifications/unread-count -> 200 (6 ms) user=admin@shop.com
2026-05-31 09:24:57.792 INFO  [http-nio-0.0.0.0-8080-exec-6] [0503625f-81c5-4994-8043-bdd2ceb85efc] p.e.config.RequestLoggingFilter - HTTP GET /api/wishlist/count -> 200 (6 ms) user=admin@shop.com
2026-05-31 09:24:57.798 INFO  [http-nio-0.0.0.0-8080-exec-7] [5dabab4c-5898-4482-82d1-bfd547c07d05] p.e.config.RequestLoggingFilter - HTTP GET /api/cart/summary -> 200 (12 ms) user=admin@shop.com
2026-05-31 09:25:05.731 INFO  [http-nio-0.0.0.0-8080-exec-1] [3543e5f2-9a33-43f1-8239-858d4908ed09] p.e.config.RequestLoggingFilter - HTTP GET /api/cart/summary -> 200 (7 ms) user=admin@shop.com
2026-05-31 09:25:05.760 INFO  [http-nio-0.0.0.0-8080-exec-10] [1f34c286-5ce7-4fe9-9a4a-30f5d064f37a] p.e.config.RequestLoggingFilter - HTTP GET /api/notifications/unread-count -> 200 (5 ms) user=admin@shop.com
2026-05-31 09:25:05.760 INFO  [http-nio-0.0.0.0-8080-exec-5] [07897ed7-459b-4d00-8585-f633641a71da] p.e.config.RequestLoggingFilter - HTTP GET /api/wishlist/count -> 200 (5 ms) user=admin@shop.com
2026-05-31 09:25:05.762 INFO  [http-nio-0.0.0.0-8080-exec-2] [3839657a-518d-4f32-97a7-4fff64bc7fd0] p.e.config.RequestLoggingFilter - HTTP GET /api/cart -> 200 (8 ms) user=admin@shop.com
2026-05-31 09:25:08.276 INFO  [http-nio-0.0.0.0-8080-exec-9] [7d36f60c-5e5d-4706-a816-17648c5075a4] p.e.config.RequestLoggingFilter - HTTP GET /api/wishlist/count -> 200 (5 ms) user=admin@shop.com
2026-05-31 09:25:08.280 INFO  [http-nio-0.0.0.0-8080-exec-4] [2b6e2420-a589-40d0-bd15-9001f4989265] p.e.config.RequestLoggingFilter - HTTP GET /api/cart/summary -> 200 (9 ms) user=admin@shop.com
2026-05-31 09:25:08.574 INFO  [http-nio-0.0.0.0-8080-exec-6] [ea283828-1b39-4f8c-9458-a50e814468ed] p.e.config.RequestLoggingFilter - HTTP GET /api/notifications/unread-count -> 200 (7 ms) user=admin@shop.com
2026-05-31 09:25:08.582 INFO  [http-nio-0.0.0.0-8080-exec-8] [ff818870-72ef-47d2-a256-85ce6a6476c0] p.e.config.RequestLoggingFilter - HTTP GET /api/shipping-addresses/all -> 200 (15 ms) user=admin@shop.com
2026-05-31 09:25:27.783 INFO  [http-nio-0.0.0.0-8080-exec-7] [29faaa73-ac34-42cd-871b-ff6a361b2148] p.e.config.RequestLoggingFilter - HTTP GET /api/wishlist/count -> 200 (5 ms) user=admin@shop.com
2026-05-31 09:25:27.783 INFO  [http-nio-0.0.0.0-8080-exec-1] [56afc6ff-d141-46ea-b7b1-4a8da8cfa3e3] p.e.config.RequestLoggingFilter - HTTP GET /api/notifications/unread-count -> 200 (5 ms) user=admin@shop.com
2026-05-31 09:25:27.786 INFO  [http-nio-0.0.0.0-8080-exec-3] [b80fa7fd-e744-4383-8a85-90f31881d4fd] p.e.config.RequestLoggingFilter - HTTP GET /api/cart/summary -> 200 (8 ms) user=admin@shop.com
2026-05-31 09:25:58.340 INFO  [http-nio-0.0.0.0-8080-exec-10] [998fb5cb-bb86-4277-9c58-de77a8c1c8bd] p.e.config.RequestLoggingFilter - HTTP GET /api/cart/summary -> 200 (7 ms) user=admin@shop.com
2026-05-31 09:25:58.654 INFO  [http-nio-0.0.0.0-8080-exec-2] [6223faf5-4dae-4bbe-86a0-fe17e3f6cee4] p.e.config.RequestLoggingFilter - HTTP GET /api/notifications/unread-count -> 200 (6 ms) user=admin@shop.com
2026-05-31 09:25:58.654 INFO  [http-nio-0.0.0.0-8080-exec-5] [516213bd-e631-42f4-bdfa-33865c9f75ac] p.e.config.RequestLoggingFilter - HTTP GET /api/wishlist/count -> 200 (6 ms) user=admin@shop.com
2026-05-31 09:26:28.661 INFO  [http-nio-0.0.0.0-8080-exec-4] [3352e6d4-368c-4b28-a5c9-a1ceb8c1b914] p.e.config.RequestLoggingFilter - HTTP GET /api/wishlist/count -> 200 (6 ms) user=admin@shop.com
2026-05-31 09:26:28.661 INFO  [http-nio-0.0.0.0-8080-exec-6] [db1160c5-67da-4b71-a623-db9f655d31cf] p.e.config.RequestLoggingFilter - HTTP GET /api/notifications/unread-count -> 200 (6 ms) user=admin@shop.com
2026-05-31 09:26:28.664 INFO  [http-nio-0.0.0.0-8080-exec-9] [15558d6e-176c-4305-8823-e18271b9c1af] p.e.config.RequestLoggingFilter - HTTP GET /api/cart/summary -> 200 (9 ms) user=admin@shop.com
2026-05-31 09:26:45.886 INFO  [http-nio-0.0.0.0-8080-exec-8] [e10b65c7-d9c6-4960-84a5-450e11006383] p.e.config.RequestLoggingFilter - HTTP GET /api/cart/summary -> 200 (14 ms) user=admin@shop.com
2026-05-31 09:26:46.180 INFO  [http-nio-0.0.0.0-8080-exec-7] [3fb6a001-2b28-4ec2-94a3-2d2d20d1bcb5] p.e.config.RequestLoggingFilter - HTTP GET /api/notifications/unread-count -> 200 (5 ms) user=admin@shop.com
2026-05-31 09:26:46.180 INFO  [http-nio-0.0.0.0-8080-exec-1] [867a2e9d-0518-45b2-80a0-536cf510e16e] p.e.config.RequestLoggingFilter - HTTP GET /api/wishlist/count -> 200 (5 ms) user=admin@shop.com
2026-05-31 09:26:46.209 INFO  [http-nio-0.0.0.0-8080-exec-10] [407367bb-0af8-4f27-8ae9-001a668adb58] p.e.config.RequestLoggingFilter - HTTP GET /api/wishlist/count -> 200 (5 ms) user=admin@shop.com
2026-05-31 09:26:46.210 INFO  [http-nio-0.0.0.0-8080-exec-5] [25b0dbb6-4d06-401a-8fc9-1536826e4442] p.e.config.RequestLoggingFilter - HTTP GET /api/notifications/unread-count -> 200 (4 ms) user=admin@shop.com
2026-05-31 09:26:46.213 INFO  [http-nio-0.0.0.0-8080-exec-3] [5bba477d-d56d-4207-b28c-61b6ead252c0] p.e.config.RequestLoggingFilter - HTTP GET /api/cart/summary -> 200 (7 ms) user=admin@shop.com
2026-05-31 09:26:51.281 INFO  [http-nio-0.0.0.0-8080-exec-2] [0fc7994c-63e9-4693-9a8a-dbcad17731b2] p.e.config.RequestLoggingFilter - HTTP GET /api/cart/summary -> 200 (11 ms) user=admin@shop.com
2026-05-31 09:26:51.396 INFO  [http-nio-0.0.0.0-8080-exec-4] [da969ad4-2f32-498f-a934-c12d1b7a8d1f] p.e.config.RequestLoggingFilter - HTTP GET /api/wishlist/count -> 200 (6 ms) user=admin@shop.com
2026-05-31 09:26:51.398 INFO  [http-nio-0.0.0.0-8080-exec-6] [a0dc0a1f-0631-4d68-b795-2c26057baf9b] p.e.config.RequestLoggingFilter - HTTP GET /api/notifications/unread-count -> 200 (6 ms) user=admin@shop.com
2026-05-31 09:26:51.404 INFO  [http-nio-0.0.0.0-8080-exec-9] [5065b565-8897-40e4-901d-ad86335c9a1d] p.e.config.RequestLoggingFilter - HTTP GET /api/shipping-addresses?page=0&size=10 -> 200 (12 ms) user=admin@shop.com
2026-05-31 09:26:57.488 INFO  [http-nio-0.0.0.0-8080-exec-7] [d0e794c3-fac9-404b-99d0-923c3ce72d79] p.e.config.RequestLoggingFilter - HTTP GET /api/wishlist/count -> 200 (6 ms) user=admin@shop.com
2026-05-31 09:26:57.492 INFO  [http-nio-0.0.0.0-8080-exec-8] [9b0944c3-3946-4d91-9674-a192e8e4d87b] p.e.config.RequestLoggingFilter - HTTP GET /api/cart/summary -> 200 (10 ms) user=admin@shop.com
2026-05-31 09:26:57.801 INFO  [http-nio-0.0.0.0-8080-exec-1] [47759756-cbcb-449f-b864-839866bb80d4] p.e.config.RequestLoggingFilter - HTTP GET /api/notifications/unread-count -> 200 (6 ms) user=admin@shop.com
2026-05-31 09:27:21.225 INFO  [http-nio-0.0.0.0-8080-exec-10] [b05e1960-0324-45dc-a8a5-66bb300b1b10] p.e.service.impl.AuthServiceImpl - User profile updated userId=1
2026-05-31 09:27:21.253 INFO  [http-nio-0.0.0.0-8080-exec-10] [b05e1960-0324-45dc-a8a5-66bb300b1b10] p.e.config.RequestLoggingFilter - HTTP PATCH /api/auth/profile -> 200 (45 ms) user=admin@shop.com
2026-05-31 09:27:21.778 INFO  [http-nio-0.0.0.0-8080-exec-5] [bc9a38c0-f653-457e-876b-fead679ca2a7] p.e.config.RequestLoggingFilter - HTTP GET /api/cart/summary -> 200 (8 ms) user=admin@shop.com
2026-05-31 09:27:22.088 INFO  [http-nio-0.0.0.0-8080-exec-2] [206d4066-8ee8-4f42-b3c2-91237823eeb7] p.e.config.RequestLoggingFilter - HTTP GET /api/notifications/unread-count -> 200 (5 ms) user=admin@shop.com
2026-05-31 09:27:22.088 INFO  [http-nio-0.0.0.0-8080-exec-3] [e41a21f0-113a-4ada-b540-5d96615986b0] p.e.config.RequestLoggingFilter - HTTP GET /api/wishlist/count -> 200 (5 ms) user=admin@shop.com
2026-05-31 09:27:28.663 INFO  [http-nio-0.0.0.0-8080-exec-9] [5b46d0d5-9c84-41e9-b11b-13d7565f98ab] p.e.config.RequestLoggingFilter - HTTP GET /api/notifications/unread-count -> 200 (6 ms) user=admin@shop.com
2026-05-31 09:27:28.663 INFO  [http-nio-0.0.0.0-8080-exec-6] [61fe775c-b821-4c5c-be37-d9068497c786] p.e.config.RequestLoggingFilter - HTTP GET /api/wishlist/count -> 200 (6 ms) user=admin@shop.com
2026-05-31 09:27:28.666 INFO  [http-nio-0.0.0.0-8080-exec-4] [4fa57dda-7290-49bb-b1b5-e1aca0bfdc54] p.e.config.RequestLoggingFilter - HTTP GET /api/cart/summary -> 200 (8 ms) user=admin@shop.com
2026-05-31 09:27:31.882 INFO  [http-nio-0.0.0.0-8080-exec-7] [a75a199b-5ca3-4383-bc92-ccb315b5648c] p.e.config.RequestLoggingFilter - HTTP GET /api/cart/summary -> 200 (15 ms) user=admin@shop.com
2026-05-31 09:27:32.170 INFO  [http-nio-0.0.0.0-8080-exec-8] [802403fc-7fc2-4965-9dd6-7b6cc70cce0c] p.e.config.RequestLoggingFilter - HTTP GET /api/wishlist/count -> 200 (7 ms) user=admin@shop.com
2026-05-31 09:27:32.197 INFO  [http-nio-0.0.0.0-8080-exec-1] [f0a66784-12b0-4305-bdc4-4fbb526861d2] p.e.config.RequestLoggingFilter - HTTP GET /api/notifications/unread-count -> 200 (8 ms) user=admin@shop.com
2026-05-31 09:27:32.197 INFO  [http-nio-0.0.0.0-8080-exec-5] [54f6b702-ee4e-4806-b819-f8f0d970af8e] p.e.config.RequestLoggingFilter - HTTP GET /api/wishlist/count -> 200 (9 ms) user=admin@shop.com
2026-05-31 09:27:32.197 INFO  [http-nio-0.0.0.0-8080-exec-3] [a554ef7a-cc7f-4208-8edd-e2d7d1b8fad4] p.e.config.RequestLoggingFilter - HTTP GET /api/notifications/unread-count -> 200 (9 ms) user=admin@shop.com
2026-05-31 09:27:32.202 INFO  [http-nio-0.0.0.0-8080-exec-10] [0379dc8b-6bf1-4bba-9bbb-825886c92b76] p.e.config.RequestLoggingFilter - HTTP GET /api/cart/summary -> 200 (16 ms) user=admin@shop.com
2026-05-31 09:27:33.482 INFO  [http-nio-0.0.0.0-8080-exec-2] [32b7872a-5660-4f7a-91d5-770c612ddd4e] p.e.config.RequestLoggingFilter - HTTP GET /api/cart/summary -> 200 (9 ms) user=admin@shop.com
2026-05-31 09:27:33.558 INFO  [http-nio-0.0.0.0-8080-exec-9] [1e02f767-d182-4b54-a915-1fed23cc8069] p.e.config.RequestLoggingFilter - HTTP GET /api/notifications/unread-count -> 200 (6 ms) user=admin@shop.com
2026-05-31 09:27:33.560 INFO  [http-nio-0.0.0.0-8080-exec-6] [a27f8cac-ce13-4c2a-a453-b2c1553988a3] p.e.config.RequestLoggingFilter - HTTP GET /api/wishlist/count -> 200 (7 ms) user=admin@shop.com
2026-05-31 09:27:33.560 INFO  [http-nio-0.0.0.0-8080-exec-4] [8876788d-aaa8-46ad-800c-fff57427271f] p.e.config.RequestLoggingFilter - HTTP GET /api/categories -> 200 (7 ms) user=admin@shop.com
2026-05-31 09:27:33.635 INFO  [http-nio-0.0.0.0-8080-exec-7] [126e0581-2bff-4fe0-946a-cc2361a715f0] p.e.config.RequestLoggingFilter - HTTP GET /api/products?page=0&size=12&sort=name%2Casc -> 200 (82 ms) user=admin@shop.com
2026-05-31 09:27:38.068 INFO  [http-nio-0.0.0.0-8080-exec-5] [94541fb1-2144-4570-a740-79d9aea13d6a] p.e.config.RequestLoggingFilter - HTTP GET /api/cart/summary -> 200 (10 ms) user=admin@shop.com
2026-05-31 09:27:38.113 WARN  [http-nio-0.0.0.0-8080-exec-9] [480dcf76-6dde-4945-b860-c2253eb509a1] org.hibernate.orm.query - HHH90003004: firstResult/maxResults specified with collection fetch; applying in memory
2026-05-31 09:27:38.114 INFO  [http-nio-0.0.0.0-8080-exec-1] [c1344373-5475-4c5b-a6cf-76ca17dac72f] p.e.config.RequestLoggingFilter - HTTP GET /api/notifications/unread-count -> 200 (7 ms) user=admin@shop.com
2026-05-31 09:27:38.114 INFO  [http-nio-0.0.0.0-8080-exec-10] [c9399d5a-fff7-42a2-b5ff-c45adfa42eb9] p.e.config.RequestLoggingFilter - HTTP GET /api/wishlist/count -> 200 (7 ms) user=admin@shop.com
2026-05-31 09:27:38.128 INFO  [http-nio-0.0.0.0-8080-exec-9] [480dcf76-6dde-4945-b860-c2253eb509a1] p.e.config.RequestLoggingFilter - HTTP GET /api/orders?page=0&size=10 -> 200 (21 ms) user=admin@shop.com
2026-05-31 09:27:38.947 INFO  [http-nio-0.0.0.0-8080-exec-2] [52d7dfb6-c6fc-448a-bcaa-0791280ff2f6] p.e.config.RequestLoggingFilter - HTTP GET /api/wishlist/count -> 200 (8 ms) user=admin@shop.com
2026-05-31 09:27:38.954 INFO  [http-nio-0.0.0.0-8080-exec-3] [b5d6f957-0150-4b29-932c-0e8522b946f7] p.e.config.RequestLoggingFilter - HTTP GET /api/cart/summary -> 200 (15 ms) user=admin@shop.com
2026-05-31 09:27:39.250 INFO  [http-nio-0.0.0.0-8080-exec-4] [f1f24591-d2bc-4c81-88e2-19193b610425] p.e.config.RequestLoggingFilter - HTTP GET /api/notifications/unread-count -> 200 (7 ms) user=admin@shop.com
2026-05-31 09:27:43.009 INFO  [http-nio-0.0.0.0-8080-exec-6] [760b3e0a-f9af-432f-a14b-53ac76e2398a] p.e.config.RequestLoggingFilter - HTTP GET /api/cart/summary -> 200 (10 ms) user=admin@shop.com
2026-05-31 09:27:43.063 INFO  [http-nio-0.0.0.0-8080-exec-7] [471e571f-6434-409f-98bf-8f7eba5ea7bb] p.e.config.RequestLoggingFilter - HTTP GET /api/wishlist/count -> 200 (5 ms) user=admin@shop.com
2026-05-31 09:27:43.063 INFO  [http-nio-0.0.0.0-8080-exec-8] [25142acb-38d1-43d7-96b4-b47ffa697990] p.e.config.RequestLoggingFilter - HTTP GET /api/notifications/unread-count -> 200 (5 ms) user=admin@shop.com
2026-05-31 09:27:43.068 INFO  [http-nio-0.0.0.0-8080-exec-5] [68931bfc-87d3-414c-9ece-1c2791a27a0e] p.e.config.RequestLoggingFilter - HTTP GET /api/cart -> 200 (10 ms) user=admin@shop.com
2026-05-31 09:27:44.625 INFO  [http-nio-0.0.0.0-8080-exec-10] [7fb5e30a-5ef7-4268-b3e5-64bc71eeefd1] p.e.config.RequestLoggingFilter - HTTP GET /api/wishlist/count -> 200 (6 ms) user=admin@shop.com
2026-05-31 09:27:44.628 INFO  [http-nio-0.0.0.0-8080-exec-1] [d2edd37a-949c-40a6-a114-7f95dce76506] p.e.config.RequestLoggingFilter - HTTP GET /api/cart/summary -> 200 (9 ms) user=admin@shop.com
2026-05-31 09:27:44.936 INFO  [http-nio-0.0.0.0-8080-exec-9] [7c604ba1-a723-465b-8f2b-1e3fcbd9f334] p.e.config.RequestLoggingFilter - HTTP GET /api/notifications/unread-count -> 200 (7 ms) user=admin@shop.com
2026-05-31 09:27:44.952 INFO  [http-nio-0.0.0.0-8080-exec-2] [846092e3-ad3b-4527-9d3c-ea42e340ca7e] p.e.config.RequestLoggingFilter - HTTP GET /api/wishlist?page=0&size=12 -> 200 (21 ms) user=admin@shop.com
2026-05-31 09:27:46.707 INFO  [http-nio-0.0.0.0-8080-exec-3] [0a8baa7f-ae00-450b-a812-c36d9d3c2802] p.e.config.RequestLoggingFilter - HTTP GET /api/cart/summary -> 200 (21 ms) user=admin@shop.com
2026-05-31 09:27:46.797 INFO  [http-nio-0.0.0.0-8080-exec-4] [9c6b91af-5898-4d04-a698-c3dde11d7358] p.e.config.RequestLoggingFilter - HTTP GET /api/wishlist/count -> 200 (16 ms) user=admin@shop.com
2026-05-31 09:27:46.804 INFO  [http-nio-0.0.0.0-8080-exec-6] [f8aa3807-767a-43e0-973b-d4b4c814254d] p.e.config.RequestLoggingFilter - HTTP GET /api/notifications/unread-count -> 200 (17 ms) user=admin@shop.com
2026-05-31 09:27:58.352 INFO  [http-nio-0.0.0.0-8080-exec-7] [0406bae1-0537-416f-b2a0-5068726c3d78] p.e.config.RequestLoggingFilter - HTTP GET /api/wishlist/count -> 200 (7 ms) user=admin@shop.com
2026-05-31 09:27:58.356 INFO  [http-nio-0.0.0.0-8080-exec-8] [9af57c50-e8ff-4f13-b423-ce09013646fb] p.e.config.RequestLoggingFilter - HTTP GET /api/cart/summary -> 200 (11 ms) user=admin@shop.com
2026-05-31 09:27:58.653 INFO  [http-nio-0.0.0.0-8080-exec-5] [64aa5180-6cc9-4d5b-9409-78a190a2eade] p.e.config.RequestLoggingFilter - HTTP GET /api/notifications/unread-count -> 200 (5 ms) user=admin@shop.com
2026-05-31 09:27:59.764 INFO  [http-nio-0.0.0.0-8080-exec-1] [c24e2a8d-e8cb-433f-b7f2-8c5e1b862b1e] p.e.config.RequestLoggingFilter - HTTP GET /api/wishlist/count -> 200 (7 ms) user=admin@shop.com
2026-05-31 09:27:59.764 INFO  [http-nio-0.0.0.0-8080-exec-9] [1a3be57c-dcd2-4ae0-8586-d17f371038b9] p.e.config.RequestLoggingFilter - HTTP GET /api/notifications/unread-count -> 200 (7 ms) user=admin@shop.com
2026-05-31 09:27:59.769 INFO  [http-nio-0.0.0.0-8080-exec-10] [528a5155-661e-4ca1-a9d6-7b8e01820517] p.e.config.RequestLoggingFilter - HTTP GET /api/cart/summary -> 200 (12 ms) user=admin@shop.com
2026-05-31 09:27:59.779 INFO  [http-nio-0.0.0.0-8080-exec-3] [13857f01-2c75-4d7e-aaf3-70e9bda61005] p.e.config.RequestLoggingFilter - HTTP GET /api/wishlist/count -> 200 (9 ms) user=admin@shop.com
2026-05-31 09:27:59.781 INFO  [http-nio-0.0.0.0-8080-exec-4] [202184ce-4e8b-4ceb-9977-cb5332a2965e] p.e.config.RequestLoggingFilter - HTTP GET /api/notifications/unread-count -> 200 (9 ms) user=admin@shop.com
2026-05-31 09:27:59.782 INFO  [http-nio-0.0.0.0-8080-exec-2] [e76f6502-0994-46ec-9a87-b9efef7b7ab2] p.e.config.RequestLoggingFilter - HTTP GET /api/cart/summary -> 200 (12 ms) user=admin@shop.com
2026-05-31 09:28:04.169 INFO  [http-nio-0.0.0.0-8080-exec-6] [85a7d977-9953-4f00-90ea-671781065d5d] p.e.config.RequestLoggingFilter - HTTP GET /api/cart/summary -> 200 (7 ms) user=admin@shop.com
2026-05-31 09:28:04.185 INFO  [http-nio-0.0.0.0-8080-exec-8] [12c48b77-b13d-4f8c-b334-b2abfc368670] p.e.config.RequestLoggingFilter - HTTP GET /api/notifications/unread-count -> 200 (4 ms) user=admin@shop.com
2026-05-31 09:28:04.185 INFO  [http-nio-0.0.0.0-8080-exec-7] [06802e32-d98f-4d1b-84e5-1851bdece43b] p.e.config.RequestLoggingFilter - HTTP GET /api/wishlist/count -> 200 (4 ms) user=admin@shop.com
2026-05-31 09:28:07.809 INFO  [http-nio-0.0.0.0-8080-exec-9] [4125b11b-159c-476b-b4ac-aced77d09cec] p.e.config.RequestLoggingFilter - HTTP GET /api/wishlist/count -> 200 (8 ms) user=admin@shop.com
2026-05-31 09:28:07.813 INFO  [http-nio-0.0.0.0-8080-exec-5] [28725d1a-a190-4e46-ac8e-0036f7087d54] p.e.config.RequestLoggingFilter - HTTP GET /api/cart/summary -> 200 (12 ms) user=admin@shop.com
2026-05-31 09:28:08.121 INFO  [http-nio-0.0.0.0-8080-exec-1] [8147f919-3096-449c-9d82-77deb220a6d1] p.e.config.RequestLoggingFilter - HTTP GET /api/notifications/unread-count -> 200 (5 ms) user=admin@shop.com
2026-05-31 09:28:08.129 WARN  [http-nio-0.0.0.0-8080-exec-10] [f748f93a-d926-489a-b984-3ca60a6e04aa] org.hibernate.orm.query - HHH90003004: firstResult/maxResults specified with collection fetch; applying in memory
2026-05-31 09:28:08.156 INFO  [http-nio-0.0.0.0-8080-exec-10] [f748f93a-d926-489a-b984-3ca60a6e04aa] p.e.config.RequestLoggingFilter - HTTP GET /api/admin/dashboard -> 200 (40 ms) user=admin@shop.com
2026-05-31 09:28:09.694 INFO  [http-nio-0.0.0.0-8080-exec-3] [5f226cae-1f50-4591-9d84-aed04c529936] p.e.config.RequestLoggingFilter - HTTP GET /api/cart/summary -> 200 (7 ms) user=admin@shop.com
2026-05-31 09:28:09.768 WARN  [http-nio-0.0.0.0-8080-exec-6] [cb4680ce-99f8-4e48-8863-5254a9dd7cce] org.hibernate.orm.query - HHH90003004: firstResult/maxResults specified with collection fetch; applying in memory
2026-05-31 09:28:09.771 INFO  [http-nio-0.0.0.0-8080-exec-4] [19c73578-efe0-4a7e-a39b-6f84c29bc67d] p.e.config.RequestLoggingFilter - HTTP GET /api/wishlist/count -> 200 (6 ms) user=admin@shop.com
2026-05-31 09:28:09.771 INFO  [http-nio-0.0.0.0-8080-exec-2] [5f360054-2c4e-4070-b94c-ebbecc440141] p.e.config.RequestLoggingFilter - HTTP GET /api/notifications/unread-count -> 200 (6 ms) user=admin@shop.com
2026-05-31 09:28:09.790 INFO  [http-nio-0.0.0.0-8080-exec-6] [cb4680ce-99f8-4e48-8863-5254a9dd7cce] p.e.config.RequestLoggingFilter - HTTP GET /api/orders/admin/all?page=0&size=10 -> 200 (25 ms) user=admin@shop.com
2026-05-31 09:28:21.385 INFO  [http-nio-0.0.0.0-8080-exec-8] [86cc8718-3be8-4ca7-9e73-9cece4957a81] p.e.service.impl.OrderServiceImpl - Admin updated order status orderId=17 from=DELIVERED to=CANCELLED
2026-05-31 09:28:21.421 INFO  [http-nio-0.0.0.0-8080-exec-8] [86cc8718-3be8-4ca7-9e73-9cece4957a81] p.e.config.RequestLoggingFilter - HTTP PATCH /api/orders/17/status -> 200 (77 ms) user=admin@shop.com
2026-05-31 09:28:21.437 WARN  [http-nio-0.0.0.0-8080-exec-7] [7e68c52f-6a21-4624-bb26-62d57a6f8931] org.hibernate.orm.query - HHH90003004: firstResult/maxResults specified with collection fetch; applying in memory
2026-05-31 09:28:21.453 INFO  [http-nio-0.0.0.0-8080-exec-7] [7e68c52f-6a21-4624-bb26-62d57a6f8931] p.e.config.RequestLoggingFilter - HTTP GET /api/orders/admin/all?page=0&size=10 -> 200 (18 ms) user=admin@shop.com
2026-05-31 09:28:22.257 INFO  [http-nio-0.0.0.0-8080-exec-5] [25fe6604-750e-4ed4-9f14-ffe9013b13bb] p.e.config.RequestLoggingFilter - HTTP GET /api/wishlist/count -> 200 (4 ms) user=admin@shop.com
2026-05-31 09:28:22.257 INFO  [http-nio-0.0.0.0-8080-exec-1] [f10b60e1-c901-4fc2-b66e-d6ce549afaf6] p.e.config.RequestLoggingFilter - HTTP GET /api/notifications/unread-count -> 200 (4 ms) user=admin@shop.com
2026-05-31 09:28:22.259 INFO  [http-nio-0.0.0.0-8080-exec-9] [14e1cd8c-21d9-489c-9b8c-20ef798b52ff] p.e.config.RequestLoggingFilter - HTTP GET /api/cart/summary -> 200 (6 ms) user=admin@shop.com
2026-05-31 09:28:26.010 INFO  [http-nio-0.0.0.0-8080-exec-10] [79739485-bde9-4019-9e8b-153ca875f469] p.e.service.impl.OrderServiceImpl - Admin updated order status orderId=18 from=DELIVERED to=SHIPPED
2026-05-31 09:28:26.055 ERROR [http-nio-0.0.0.0-8080-exec-10] [79739485-bde9-4019-9e8b-153ca875f469] p.e.service.impl.EmailServiceImpl - Failed to send email to admin@shop.com (shipped notification for order #18)
org.springframework.mail.MailSendException: Mail server connection failed. Failed messages: org.eclipse.angus.mail.util.MailConnectException: Couldn't connect to host, port: localhost, 1025; timeout -1;
  nested exception is:
	java.net.ConnectException: Connection refused: connect; message exceptions (1) are:
Failed message 1: org.eclipse.angus.mail.util.MailConnectException: Couldn't connect to host, port: localhost, 1025; timeout -1;
  nested exception is:
	java.net.ConnectException: Connection refused: connect
	at org.springframework.mail.javamail.JavaMailSenderImpl.doSend(JavaMailSenderImpl.java:397)
	at org.springframework.mail.javamail.JavaMailSenderImpl.send(JavaMailSenderImpl.java:337)
	at org.springframework.mail.javamail.JavaMailSender.send(JavaMailSender.java:101)
	at personal.ecommercebackend.service.impl.EmailServiceImpl.sendHtml(EmailServiceImpl.java:132)
	at personal.ecommercebackend.service.impl.EmailServiceImpl.sendOrderShipped(EmailServiceImpl.java:103)
	at java.base/jdk.internal.reflect.DirectMethodHandleAccessor.invoke(DirectMethodHandleAccessor.java:104)
	at java.base/java.lang.reflect.Method.invoke(Method.java:578)
	at org.springframework.aop.support.AopUtils.invokeJoinpointUsingReflection(AopUtils.java:359)
	at org.springframework.aop.framework.ReflectiveMethodInvocation.invokeJoinpoint(ReflectiveMethodInvocation.java:190)
	at org.springframework.aop.framework.ReflectiveMethodInvocation.proceed(ReflectiveMethodInvocation.java:158)
	at org.springframework.aop.aspectj.MethodInvocationProceedingJoinPoint.proceed(MethodInvocationProceedingJoinPoint.java:82)
	at personal.ecommercebackend.config.LoggingAspect.logExecution(LoggingAspect.java:37)
	at personal.ecommercebackend.config.LoggingAspect.logService(LoggingAspect.java:20)
	at java.base/jdk.internal.reflect.DirectMethodHandleAccessor.invoke(DirectMethodHandleAccessor.java:104)
	at java.base/java.lang.reflect.Method.invoke(Method.java:578)
	at org.springframework.aop.aspectj.AbstractAspectJAdvice.invokeAdviceMethodWithGivenArgs(AbstractAspectJAdvice.java:648)
	at org.springframework.aop.aspectj.AbstractAspectJAdvice.invokeAdviceMethod(AbstractAspectJAdvice.java:630)
	at org.springframework.aop.aspectj.AspectJAroundAdvice.invoke(AspectJAroundAdvice.java:70)
	at org.springframework.aop.framework.ReflectiveMethodInvocation.proceed(ReflectiveMethodInvocation.java:179)
	at org.springframework.aop.interceptor.ExposeInvocationInterceptor.invoke(ExposeInvocationInterceptor.java:96)
	at org.springframework.aop.framework.ReflectiveMethodInvocation.proceed(ReflectiveMethodInvocation.java:179)
	at org.springframework.aop.framework.CglibAopProxy$DynamicAdvisedInterceptor.intercept(CglibAopProxy.java:719)
	at personal.ecommercebackend.service.impl.EmailServiceImpl$$SpringCGLIB$$0.sendOrderShipped(<generated>)
	at personal.ecommercebackend.service.impl.OrderServiceImpl.updateStatus(OrderServiceImpl.java:296)
	at java.base/jdk.internal.reflect.DirectMethodHandleAccessor.invoke(DirectMethodHandleAccessor.java:104)
	at java.base/java.lang.reflect.Method.invoke(Method.java:578)
	at org.springframework.aop.support.AopUtils.invokeJoinpointUsingReflection(AopUtils.java:359)
	at org.springframework.aop.framework.ReflectiveMethodInvocation.invokeJoinpoint(ReflectiveMethodInvocation.java:190)
	at org.springframework.aop.framework.ReflectiveMethodInvocation.proceed(ReflectiveMethodInvocation.java:158)
	at org.springframework.aop.aspectj.MethodInvocationProceedingJoinPoint.proceed(MethodInvocationProceedingJoinPoint.java:82)
	at personal.ecommercebackend.config.LoggingAspect.logExecution(LoggingAspect.java:37)
	at personal.ecommercebackend.config.LoggingAspect.logService(LoggingAspect.java:20)
	at java.base/jdk.internal.reflect.DirectMethodHandleAccessor.invoke(DirectMethodHandleAccessor.java:104)
	at java.base/java.lang.reflect.Method.invoke(Method.java:578)
	at org.springframework.aop.aspectj.AbstractAspectJAdvice.invokeAdviceMethodWithGivenArgs(AbstractAspectJAdvice.java:648)
	at org.springframework.aop.aspectj.AbstractAspectJAdvice.invokeAdviceMethod(AbstractAspectJAdvice.java:630)
	at org.springframework.aop.aspectj.AspectJAroundAdvice.invoke(AspectJAroundAdvice.java:70)
	at org.springframework.aop.framework.ReflectiveMethodInvocation.proceed(ReflectiveMethodInvocation.java:179)
	at org.springframework.transaction.interceptor.TransactionInterceptor$1.proceedWithInvocation(TransactionInterceptor.java:133)
	at org.springframework.transaction.interceptor.TransactionAspectSupport.invokeWithinTransaction(TransactionAspectSupport.java:371)
	at org.springframework.transaction.interceptor.TransactionInterceptor.invoke(TransactionInterceptor.java:130)
	at org.springframework.aop.framework.ReflectiveMethodInvocation.proceed(ReflectiveMethodInvocation.java:179)
	at org.springframework.aop.interceptor.ExposeInvocationInterceptor.invoke(ExposeInvocationInterceptor.java:96)
	at org.springframework.aop.framework.ReflectiveMethodInvocation.proceed(ReflectiveMethodInvocation.java:179)
	at org.springframework.aop.framework.CglibAopProxy$DynamicAdvisedInterceptor.intercept(CglibAopProxy.java:719)
	at personal.ecommercebackend.service.impl.OrderServiceImpl$$SpringCGLIB$$0.updateStatus(<generated>)
	at personal.ecommercebackend.controller.OrderController.updateStatus(OrderController.java:70)
	at java.base/jdk.internal.reflect.DirectMethodHandleAccessor.invoke(DirectMethodHandleAccessor.java:104)
	at java.base/java.lang.reflect.Method.invoke(Method.java:578)
	at org.springframework.aop.support.AopUtils.invokeJoinpointUsingReflection(AopUtils.java:359)
	at org.springframework.aop.framework.ReflectiveMethodInvocation.invokeJoinpoint(ReflectiveMethodInvocation.java:190)
	at org.springframework.aop.framework.ReflectiveMethodInvocation.proceed(ReflectiveMethodInvocation.java:158)
	at org.springframework.aop.aspectj.MethodInvocationProceedingJoinPoint.proceed(MethodInvocationProceedingJoinPoint.java:82)
	at personal.ecommercebackend.config.LoggingAspect.logExecution(LoggingAspect.java:37)
	at personal.ecommercebackend.config.LoggingAspect.logController(LoggingAspect.java:25)
	at java.base/jdk.internal.reflect.DirectMethodHandleAccessor.invoke(DirectMethodHandleAccessor.java:104)
	at java.base/java.lang.reflect.Method.invoke(Method.java:578)
	at org.springframework.aop.aspectj.AbstractAspectJAdvice.invokeAdviceMethodWithGivenArgs(AbstractAspectJAdvice.java:648)
	at org.springframework.aop.aspectj.AbstractAspectJAdvice.invokeAdviceMethod(AbstractAspectJAdvice.java:630)
	at org.springframework.aop.aspectj.AspectJAroundAdvice.invoke(AspectJAroundAdvice.java:70)
	at org.springframework.aop.framework.ReflectiveMethodInvocation.proceed(ReflectiveMethodInvocation.java:179)
	at org.springframework.security.authorization.method.AuthorizationManagerBeforeMethodInterceptor.proceed(AuthorizationManagerBeforeMethodInterceptor.java:271)
	at org.springframework.security.authorization.method.AuthorizationManagerBeforeMethodInterceptor.attemptAuthorization(AuthorizationManagerBeforeMethodInterceptor.java:266)
	at org.springframework.security.authorization.method.AuthorizationManagerBeforeMethodInterceptor.invoke(AuthorizationManagerBeforeMethodInterceptor.java:197)
	at org.springframework.security.config.annotation.method.configuration.DeferringMethodInterceptor.invoke(DeferringMethodInterceptor.java:44)
	at org.springframework.aop.framework.ReflectiveMethodInvocation.proceed(ReflectiveMethodInvocation.java:179)
	at org.springframework.aop.interceptor.ExposeInvocationInterceptor.invoke(ExposeInvocationInterceptor.java:96)
	at org.springframework.aop.framework.ReflectiveMethodInvocation.proceed(ReflectiveMethodInvocation.java:179)
	at org.springframework.aop.framework.CglibAopProxy$DynamicAdvisedInterceptor.intercept(CglibAopProxy.java:719)
	at personal.ecommercebackend.controller.OrderController$$SpringCGLIB$$0.updateStatus(<generated>)
	at java.base/jdk.internal.reflect.DirectMethodHandleAccessor.invoke(DirectMethodHandleAccessor.java:104)
	at java.base/java.lang.reflect.Method.invoke(Method.java:578)
	at org.springframework.web.method.support.InvocableHandlerMethod.doInvoke(InvocableHandlerMethod.java:252)
	at org.springframework.web.method.support.InvocableHandlerMethod.invokeForRequest(InvocableHandlerMethod.java:184)
	at org.springframework.web.servlet.mvc.method.annotation.ServletInvocableHandlerMethod.invokeAndHandle(ServletInvocableHandlerMethod.java:117)
	at org.springframework.web.servlet.mvc.method.annotation.RequestMappingHandlerAdapter.invokeHandlerMethod(RequestMappingHandlerAdapter.java:934)
	at org.springframework.web.servlet.mvc.method.annotation.RequestMappingHandlerAdapter.handleInternal(RequestMappingHandlerAdapter.java:853)
	at org.springframework.web.servlet.mvc.method.AbstractHandlerMethodAdapter.handle(AbstractHandlerMethodAdapter.java:86)
	at org.springframework.web.servlet.DispatcherServlet.doDispatch(DispatcherServlet.java:963)
	at org.springframework.web.servlet.DispatcherServlet.doService(DispatcherServlet.java:866)
	at org.springframework.web.servlet.FrameworkServlet.processRequest(FrameworkServlet.java:1000)
	at org.springframework.web.servlet.FrameworkServlet.service(FrameworkServlet.java:877)
	at jakarta.servlet.http.HttpServlet.service(HttpServlet.java:710)
	at org.apache.catalina.core.ApplicationFilterChain.doFilter(ApplicationFilterChain.java:128)
	at org.apache.tomcat.websocket.server.WsFilter.doFilter(WsFilter.java:53)
	at org.apache.catalina.core.ApplicationFilterChain.doFilter(ApplicationFilterChain.java:107)
	at org.springframework.web.filter.OncePerRequestFilter.doFilter(OncePerRequestFilter.java:110)
	at org.apache.catalina.core.ApplicationFilterChain.doFilter(ApplicationFilterChain.java:107)
	at personal.ecommercebackend.config.RequestLoggingFilter.doFilterInternal(RequestLoggingFilter.java:38)
	at org.springframework.web.filter.OncePerRequestFilter.doFilter(OncePerRequestFilter.java:116)
	at org.apache.catalina.core.ApplicationFilterChain.doFilter(ApplicationFilterChain.java:107)
	at personal.ecommercebackend.config.AuthRateLimitFilter.doFilterInternal(AuthRateLimitFilter.java:36)
	at org.springframework.web.filter.OncePerRequestFilter.doFilter(OncePerRequestFilter.java:116)
	at org.apache.catalina.core.ApplicationFilterChain.doFilter(ApplicationFilterChain.java:107)
	at org.springframework.web.filter.CompositeFilter$VirtualFilterChain.doFilter(CompositeFilter.java:108)
	at org.springframework.security.web.FilterChainProxy.lambda$doFilterInternal$3(FilterChainProxy.java:235)
	at org.springframework.security.web.ObservationFilterChainDecorator$FilterObservation$SimpleFilterObservation.lambda$wrap$1(ObservationFilterChainDecorator.java:493)
	at org.springframework.security.web.ObservationFilterChainDecorator$AroundFilterObservation$SimpleAroundFilterObservation.lambda$wrap$1(ObservationFilterChainDecorator.java:354)
	at org.springframework.security.web.ObservationFilterChainDecorator.lambda$wrapSecured$0(ObservationFilterChainDecorator.java:86)
	at org.springframework.security.web.ObservationFilterChainDecorator$VirtualFilterChain.doFilter(ObservationFilterChainDecorator.java:132)
	at org.springframework.security.web.access.intercept.AuthorizationFilter.doFilter(AuthorizationFilter.java:101)
	at org.springframework.security.web.ObservationFilterChainDecorator$ObservationFilter.wrapFilter(ObservationFilterChainDecorator.java:244)
	at org.springframework.security.web.ObservationFilterChainDecorator$ObservationFilter.doFilter(ObservationFilterChainDecorator.java:231)
	at org.springframework.security.web.ObservationFilterChainDecorator$VirtualFilterChain.doFilter(ObservationFilterChainDecorator.java:141)
	at org.springframework.security.web.access.ExceptionTranslationFilter.doFilter(ExceptionTranslationFilter.java:126)
	at org.springframework.security.web.access.ExceptionTranslationFilter.doFilter(ExceptionTranslationFilter.java:120)
	at org.springframework.security.web.ObservationFilterChainDecorator$ObservationFilter.wrapFilter(ObservationFilterChainDecorator.java:244)
	at org.springframework.security.web.ObservationFilterChainDecorator$ObservationFilter.doFilter(ObservationFilterChainDecorator.java:231)
	at org.springframework.security.web.ObservationFilterChainDecorator$VirtualFilterChain.doFilter(ObservationFilterChainDecorator.java:141)
	at org.springframework.security.web.session.SessionManagementFilter.doFilter(SessionManagementFilter.java:132)
	at org.springframework.security.web.session.SessionManagementFilter.doFilter(SessionManagementFilter.java:86)
	at org.springframework.security.web.ObservationFilterChainDecorator$ObservationFilter.wrapFilter(ObservationFilterChainDecorator.java:244)
	at org.springframework.security.web.ObservationFilterChainDecorator$ObservationFilter.doFilter(ObservationFilterChainDecorator.java:231)
	at org.springframework.security.web.ObservationFilterChainDecorator$VirtualFilterChain.doFilter(ObservationFilterChainDecorator.java:141)
	at org.springframework.security.web.authentication.AnonymousAuthenticationFilter.doFilter(AnonymousAuthenticationFilter.java:100)
	at org.springframework.security.web.ObservationFilterChainDecorator$ObservationFilter.wrapFilter(ObservationFilterChainDecorator.java:244)
	at org.springframework.security.web.ObservationFilterChainDecorator$ObservationFilter.doFilter(ObservationFilterChainDecorator.java:231)
	at org.springframework.security.web.ObservationFilterChainDecorator$VirtualFilterChain.doFilter(ObservationFilterChainDecorator.java:141)
	at org.springframework.security.web.servletapi.SecurityContextHolderAwareRequestFilter.doFilter(SecurityContextHolderAwareRequestFilter.java:181)
	at org.springframework.security.web.ObservationFilterChainDecorator$ObservationFilter.wrapFilter(ObservationFilterChainDecorator.java:244)
	at org.springframework.security.web.ObservationFilterChainDecorator$ObservationFilter.doFilter(ObservationFilterChainDecorator.java:231)
	at org.springframework.security.web.ObservationFilterChainDecorator$VirtualFilterChain.doFilter(ObservationFilterChainDecorator.java:141)
	at org.springframework.security.web.savedrequest.RequestCacheAwareFilter.doFilter(RequestCacheAwareFilter.java:63)
	at org.springframework.security.web.ObservationFilterChainDecorator$ObservationFilter.wrapFilter(ObservationFilterChainDecorator.java:244)
	at org.springframework.security.web.ObservationFilterChainDecorator$ObservationFilter.doFilter(ObservationFilterChainDecorator.java:231)
	at org.springframework.security.web.ObservationFilterChainDecorator$VirtualFilterChain.doFilter(ObservationFilterChainDecorator.java:141)
	at personal.ecommercebackend.security.JwtAuthenticationFilter.doFilterInternal(JwtAuthenticationFilter.java:53)
	at org.springframework.web.filter.OncePerRequestFilter.doFilter(OncePerRequestFilter.java:116)
	at org.springframework.security.web.ObservationFilterChainDecorator$ObservationFilter.wrapFilter(ObservationFilterChainDecorator.java:244)
	at org.springframework.security.web.ObservationFilterChainDecorator$ObservationFilter.doFilter(ObservationFilterChainDecorator.java:231)
	at org.springframework.security.web.ObservationFilterChainDecorator$VirtualFilterChain.doFilter(ObservationFilterChainDecorator.java:141)
	at org.springframework.security.web.authentication.logout.LogoutFilter.doFilter(LogoutFilter.java:110)
	at org.springframework.security.web.authentication.logout.LogoutFilter.doFilter(LogoutFilter.java:96)
	at org.springframework.security.web.ObservationFilterChainDecorator$ObservationFilter.wrapFilter(ObservationFilterChainDecorator.java:244)
	at org.springframework.security.web.ObservationFilterChainDecorator$ObservationFilter.doFilter(ObservationFilterChainDecorator.java:231)
	at org.springframework.security.web.ObservationFilterChainDecorator$VirtualFilterChain.doFilter(ObservationFilterChainDecorator.java:141)
	at org.springframework.security.web.header.HeaderWriterFilter.doHeadersAfter(HeaderWriterFilter.java:90)
	at org.springframework.security.web.header.HeaderWriterFilter.doFilterInternal(HeaderWriterFilter.java:75)
	at org.springframework.web.filter.OncePerRequestFilter.doFilter(OncePerRequestFilter.java:116)
	at org.springframework.security.web.ObservationFilterChainDecorator$ObservationFilter.wrapFilter(ObservationFilterChainDecorator.java:244)
	at org.springframework.security.web.ObservationFilterChainDecorator$ObservationFilter.doFilter(ObservationFilterChainDecorator.java:231)
	at org.springframework.security.web.ObservationFilterChainDecorator$VirtualFilterChain.doFilter(ObservationFilterChainDecorator.java:141)
	at org.springframework.security.web.context.SecurityContextHolderFilter.doFilter(SecurityContextHolderFilter.java:82)
	at org.springframework.security.web.context.SecurityContextHolderFilter.doFilter(SecurityContextHolderFilter.java:69)
	at org.springframework.security.web.ObservationFilterChainDecorator$ObservationFilter.wrapFilter(ObservationFilterChainDecorator.java:244)
	at org.springframework.security.web.ObservationFilterChainDecorator$ObservationFilter.doFilter(ObservationFilterChainDecorator.java:231)
	at org.springframework.security.web.ObservationFilterChainDecorator$VirtualFilterChain.doFilter(ObservationFilterChainDecorator.java:141)
	at org.springframework.security.web.context.request.async.WebAsyncManagerIntegrationFilter.doFilterInternal(WebAsyncManagerIntegrationFilter.java:62)
	at org.springframework.web.filter.OncePerRequestFilter.doFilter(OncePerRequestFilter.java:116)
	at org.springframework.security.web.ObservationFilterChainDecorator$ObservationFilter.wrapFilter(ObservationFilterChainDecorator.java:244)
	at org.springframework.security.web.ObservationFilterChainDecorator$ObservationFilter.doFilter(ObservationFilterChainDecorator.java:231)
	at org.springframework.security.web.ObservationFilterChainDecorator$VirtualFilterChain.doFilter(ObservationFilterChainDecorator.java:141)
	at org.springframework.security.web.session.DisableEncodeUrlFilter.doFilterInternal(DisableEncodeUrlFilter.java:42)
	at org.springframework.web.filter.OncePerRequestFilter.doFilter(OncePerRequestFilter.java:116)
	at org.springframework.security.web.ObservationFilterChainDecorator$ObservationFilter.wrapFilter(ObservationFilterChainDecorator.java:244)
	at org.springframework.security.web.ObservationFilterChainDecorator$AroundFilterObservation$SimpleAroundFilterObservation.lambda$wrap$0(ObservationFilterChainDecorator.java:337)
	at org.springframework.security.web.ObservationFilterChainDecorator$ObservationFilter.doFilter(ObservationFilterChainDecorator.java:228)
	at org.springframework.security.web.ObservationFilterChainDecorator$VirtualFilterChain.doFilter(ObservationFilterChainDecorator.java:141)
	at org.springframework.security.web.FilterChainProxy.doFilterInternal(FilterChainProxy.java:237)
	at org.springframework.security.web.FilterChainProxy.doFilter(FilterChainProxy.java:195)
	at org.springframework.web.filter.CompositeFilter$VirtualFilterChain.doFilter(CompositeFilter.java:113)
	at org.springframework.web.filter.ServletRequestPathFilter.doFilter(ServletRequestPathFilter.java:52)
	at org.springframework.web.filter.CompositeFilter$VirtualFilterChain.doFilter(CompositeFilter.java:113)
	at org.springframework.web.filter.CompositeFilter.doFilter(CompositeFilter.java:74)
	at org.springframework.security.config.annotation.web.configuration.WebSecurityConfiguration$CompositeFilterChainProxy.doFilter(WebSecurityConfiguration.java:317)
	at org.springframework.web.filter.DelegatingFilterProxy.invokeDelegate(DelegatingFilterProxy.java:355)
	at org.springframework.web.filter.DelegatingFilterProxy.doFilter(DelegatingFilterProxy.java:272)
	at org.apache.catalina.core.ApplicationFilterChain.doFilter(ApplicationFilterChain.java:107)
	at org.springframework.web.filter.RequestContextFilter.doFilterInternal(RequestContextFilter.java:100)
	at org.springframework.web.filter.OncePerRequestFilter.doFilter(OncePerRequestFilter.java:116)
	at org.apache.catalina.core.ApplicationFilterChain.doFilter(ApplicationFilterChain.java:107)
	at org.springframework.web.filter.FormContentFilter.doFilterInternal(FormContentFilter.java:93)
	at org.springframework.web.filter.OncePerRequestFilter.doFilter(OncePerRequestFilter.java:116)
	at org.apache.catalina.core.ApplicationFilterChain.doFilter(ApplicationFilterChain.java:107)
	at org.springframework.web.filter.ServerHttpObservationFilter.doFilterInternal(ServerHttpObservationFilter.java:110)
	at org.springframework.web.filter.OncePerRequestFilter.doFilter(OncePerRequestFilter.java:116)
	at org.apache.catalina.core.ApplicationFilterChain.doFilter(ApplicationFilterChain.java:107)
	at org.springframework.web.filter.CharacterEncodingFilter.doFilterInternal(CharacterEncodingFilter.java:199)
	at org.springframework.web.filter.OncePerRequestFilter.doFilter(OncePerRequestFilter.java:116)
	at org.apache.catalina.core.ApplicationFilterChain.doFilter(ApplicationFilterChain.java:107)
	at org.apache.catalina.core.StandardWrapperValve.invoke(StandardWrapperValve.java:165)
	at org.apache.catalina.core.StandardContextValve.invoke(StandardContextValve.java:77)
	at org.apache.catalina.authenticator.AuthenticatorBase.invoke(AuthenticatorBase.java:492)
	at org.apache.catalina.core.StandardHostValve.invoke(StandardHostValve.java:113)
	at org.apache.catalina.valves.ErrorReportValve.invoke(ErrorReportValve.java:83)
	at org.apache.catalina.core.StandardEngineValve.invoke(StandardEngineValve.java:72)
	at org.apache.catalina.connector.CoyoteAdapter.service(CoyoteAdapter.java:341)
	at org.apache.coyote.http11.Http11Processor.service(Http11Processor.java:397)
	at org.apache.coyote.AbstractProcessorLight.process(AbstractProcessorLight.java:63)
	at org.apache.coyote.AbstractProtocol$ConnectionHandler.process(AbstractProtocol.java:903)
	at org.apache.tomcat.util.net.NioEndpoint$SocketProcessor.doRun(NioEndpoint.java:1801)
	at org.apache.tomcat.util.net.SocketProcessorBase.run(SocketProcessorBase.java:52)
	at org.apache.tomcat.util.threads.ThreadPoolExecutor.runWorker(ThreadPoolExecutor.java:946)
	at org.apache.tomcat.util.threads.ThreadPoolExecutor$Worker.run(ThreadPoolExecutor.java:480)
	at org.apache.tomcat.util.threads.TaskThread$WrappingRunnable.run(TaskThread.java:57)
	at java.base/java.lang.Thread.run(Thread.java:1589)
Caused by: org.eclipse.angus.mail.util.MailConnectException: Couldn't connect to host, port: localhost, 1025; timeout -1;
  nested exception is:
	java.net.ConnectException: Connection refused: connect
	at org.eclipse.angus.mail.smtp.SMTPTransport.openServer(SMTPTransport.java:2243)
	at org.eclipse.angus.mail.smtp.SMTPTransport.protocolConnect(SMTPTransport.java:729)
	at jakarta.mail.Service.connect(Service.java:345)
	at org.springframework.mail.javamail.JavaMailSenderImpl.connectTransport(JavaMailSenderImpl.java:467)
	at org.springframework.mail.javamail.JavaMailSenderImpl.doSend(JavaMailSenderImpl.java:386)
	... 195 common frames omitted
Caused by: java.net.ConnectException: Connection refused: connect
	at java.base/sun.nio.ch.Net.connect0(Native Method)
	at java.base/sun.nio.ch.Net.connect(Net.java:579)
	at java.base/sun.nio.ch.Net.connect(Net.java:568)
	at java.base/sun.nio.ch.NioSocketImpl.connect(NioSocketImpl.java:576)
	at java.base/java.net.SocksSocketImpl.connect(SocksSocketImpl.java:327)
	at java.base/java.net.Socket.connect(Socket.java:666)
	at java.base/java.net.Socket.connect(Socket.java:600)
	at org.eclipse.angus.mail.util.SocketFetcher.createSocket(SocketFetcher.java:368)
	at org.eclipse.angus.mail.util.SocketFetcher.getSocket(SocketFetcher.java:243)
	at org.eclipse.angus.mail.smtp.SMTPTransport.openServer(SMTPTransport.java:2193)
	... 199 common frames omitted
2026-05-31 09:28:26.058 WARN  [http-nio-0.0.0.0-8080-exec-10] [79739485-bde9-4019-9e8b-153ca875f469] p.e.config.LoggingAspect - SERVICE EmailServiceImpl.sendOrderShipped - failed (48 ms): Failed to send email
2026-05-31 09:28:26.059 WARN  [http-nio-0.0.0.0-8080-exec-10] [79739485-bde9-4019-9e8b-153ca875f469] p.e.config.LoggingAspect - SERVICE OrderServiceImpl.updateStatus - failed (58 ms): Failed to send email
2026-05-31 09:28:26.064 WARN  [http-nio-0.0.0.0-8080-exec-10] [79739485-bde9-4019-9e8b-153ca875f469] p.e.config.LoggingAspect - CONTROLLER OrderController.updateStatus - failed (63 ms): Failed to send email
2026-05-31 09:28:26.066 ERROR [http-nio-0.0.0.0-8080-exec-10] [79739485-bde9-4019-9e8b-153ca875f469] p.e.exception.GlobalExceptionHandler - Unhandled exception: Failed to send email
java.lang.RuntimeException: Failed to send email
	at personal.ecommercebackend.service.impl.EmailServiceImpl.sendHtml(EmailServiceImpl.java:136)
	at personal.ecommercebackend.service.impl.EmailServiceImpl.sendOrderShipped(EmailServiceImpl.java:103)
	at java.base/jdk.internal.reflect.DirectMethodHandleAccessor.invoke(DirectMethodHandleAccessor.java:104)
	at java.base/java.lang.reflect.Method.invoke(Method.java:578)
	at org.springframework.aop.support.AopUtils.invokeJoinpointUsingReflection(AopUtils.java:359)
	at org.springframework.aop.framework.ReflectiveMethodInvocation.invokeJoinpoint(ReflectiveMethodInvocation.java:190)
	at org.springframework.aop.framework.ReflectiveMethodInvocation.proceed(ReflectiveMethodInvocation.java:158)
	at org.springframework.aop.aspectj.MethodInvocationProceedingJoinPoint.proceed(MethodInvocationProceedingJoinPoint.java:82)
	at personal.ecommercebackend.config.LoggingAspect.logExecution(LoggingAspect.java:37)
	at personal.ecommercebackend.config.LoggingAspect.logService(LoggingAspect.java:20)
	at java.base/jdk.internal.reflect.DirectMethodHandleAccessor.invoke(DirectMethodHandleAccessor.java:104)
	at java.base/java.lang.reflect.Method.invoke(Method.java:578)
	at org.springframework.aop.aspectj.AbstractAspectJAdvice.invokeAdviceMethodWithGivenArgs(AbstractAspectJAdvice.java:648)
	at org.springframework.aop.aspectj.AbstractAspectJAdvice.invokeAdviceMethod(AbstractAspectJAdvice.java:630)
	at org.springframework.aop.aspectj.AspectJAroundAdvice.invoke(AspectJAroundAdvice.java:70)
	at org.springframework.aop.framework.ReflectiveMethodInvocation.proceed(ReflectiveMethodInvocation.java:179)
	at org.springframework.aop.interceptor.ExposeInvocationInterceptor.invoke(ExposeInvocationInterceptor.java:96)
	at org.springframework.aop.framework.ReflectiveMethodInvocation.proceed(ReflectiveMethodInvocation.java:179)
	at org.springframework.aop.framework.CglibAopProxy$DynamicAdvisedInterceptor.intercept(CglibAopProxy.java:719)
	at personal.ecommercebackend.service.impl.EmailServiceImpl$$SpringCGLIB$$0.sendOrderShipped(<generated>)
	at personal.ecommercebackend.service.impl.OrderServiceImpl.updateStatus(OrderServiceImpl.java:296)
	at java.base/jdk.internal.reflect.DirectMethodHandleAccessor.invoke(DirectMethodHandleAccessor.java:104)
	at java.base/java.lang.reflect.Method.invoke(Method.java:578)
	at org.springframework.aop.support.AopUtils.invokeJoinpointUsingReflection(AopUtils.java:359)
	at org.springframework.aop.framework.ReflectiveMethodInvocation.invokeJoinpoint(ReflectiveMethodInvocation.java:190)
	at org.springframework.aop.framework.ReflectiveMethodInvocation.proceed(ReflectiveMethodInvocation.java:158)
	at org.springframework.aop.aspectj.MethodInvocationProceedingJoinPoint.proceed(MethodInvocationProceedingJoinPoint.java:82)
	at personal.ecommercebackend.config.LoggingAspect.logExecution(LoggingAspect.java:37)
	at personal.ecommercebackend.config.LoggingAspect.logService(LoggingAspect.java:20)
	at java.base/jdk.internal.reflect.DirectMethodHandleAccessor.invoke(DirectMethodHandleAccessor.java:104)
	at java.base/java.lang.reflect.Method.invoke(Method.java:578)
	at org.springframework.aop.aspectj.AbstractAspectJAdvice.invokeAdviceMethodWithGivenArgs(AbstractAspectJAdvice.java:648)
	at org.springframework.aop.aspectj.AbstractAspectJAdvice.invokeAdviceMethod(AbstractAspectJAdvice.java:630)
	at org.springframework.aop.aspectj.AspectJAroundAdvice.invoke(AspectJAroundAdvice.java:70)
	at org.springframework.aop.framework.ReflectiveMethodInvocation.proceed(ReflectiveMethodInvocation.java:179)
	at org.springframework.transaction.interceptor.TransactionInterceptor$1.proceedWithInvocation(TransactionInterceptor.java:133)
	at org.springframework.transaction.interceptor.TransactionAspectSupport.invokeWithinTransaction(TransactionAspectSupport.java:371)
	at org.springframework.transaction.interceptor.TransactionInterceptor.invoke(TransactionInterceptor.java:130)
	at org.springframework.aop.framework.ReflectiveMethodInvocation.proceed(ReflectiveMethodInvocation.java:179)
	at org.springframework.aop.interceptor.ExposeInvocationInterceptor.invoke(ExposeInvocationInterceptor.java:96)
	at org.springframework.aop.framework.ReflectiveMethodInvocation.proceed(ReflectiveMethodInvocation.java:179)
	at org.springframework.aop.framework.CglibAopProxy$DynamicAdvisedInterceptor.intercept(CglibAopProxy.java:719)
	at personal.ecommercebackend.service.impl.OrderServiceImpl$$SpringCGLIB$$0.updateStatus(<generated>)
	at personal.ecommercebackend.controller.OrderController.updateStatus(OrderController.java:70)
	at java.base/jdk.internal.reflect.DirectMethodHandleAccessor.invoke(DirectMethodHandleAccessor.java:104)
	at java.base/java.lang.reflect.Method.invoke(Method.java:578)
	at org.springframework.aop.support.AopUtils.invokeJoinpointUsingReflection(AopUtils.java:359)
	at org.springframework.aop.framework.ReflectiveMethodInvocation.invokeJoinpoint(ReflectiveMethodInvocation.java:190)
	at org.springframework.aop.framework.ReflectiveMethodInvocation.proceed(ReflectiveMethodInvocation.java:158)
	at org.springframework.aop.aspectj.MethodInvocationProceedingJoinPoint.proceed(MethodInvocationProceedingJoinPoint.java:82)
	at personal.ecommercebackend.config.LoggingAspect.logExecution(LoggingAspect.java:37)
	at personal.ecommercebackend.config.LoggingAspect.logController(LoggingAspect.java:25)
	at java.base/jdk.internal.reflect.DirectMethodHandleAccessor.invoke(DirectMethodHandleAccessor.java:104)
	at java.base/java.lang.reflect.Method.invoke(Method.java:578)
	at org.springframework.aop.aspectj.AbstractAspectJAdvice.invokeAdviceMethodWithGivenArgs(AbstractAspectJAdvice.java:648)
	at org.springframework.aop.aspectj.AbstractAspectJAdvice.invokeAdviceMethod(AbstractAspectJAdvice.java:630)
	at org.springframework.aop.aspectj.AspectJAroundAdvice.invoke(AspectJAroundAdvice.java:70)
	at org.springframework.aop.framework.ReflectiveMethodInvocation.proceed(ReflectiveMethodInvocation.java:179)
	at org.springframework.security.authorization.method.AuthorizationManagerBeforeMethodInterceptor.proceed(AuthorizationManagerBeforeMethodInterceptor.java:271)
	at org.springframework.security.authorization.method.AuthorizationManagerBeforeMethodInterceptor.attemptAuthorization(AuthorizationManagerBeforeMethodInterceptor.java:266)
	at org.springframework.security.authorization.method.AuthorizationManagerBeforeMethodInterceptor.invoke(AuthorizationManagerBeforeMethodInterceptor.java:197)
	at org.springframework.security.config.annotation.method.configuration.DeferringMethodInterceptor.invoke(DeferringMethodInterceptor.java:44)
	at org.springframework.aop.framework.ReflectiveMethodInvocation.proceed(ReflectiveMethodInvocation.java:179)
	at org.springframework.aop.interceptor.ExposeInvocationInterceptor.invoke(ExposeInvocationInterceptor.java:96)
	at org.springframework.aop.framework.ReflectiveMethodInvocation.proceed(ReflectiveMethodInvocation.java:179)
	at org.springframework.aop.framework.CglibAopProxy$DynamicAdvisedInterceptor.intercept(CglibAopProxy.java:719)
	at personal.ecommercebackend.controller.OrderController$$SpringCGLIB$$0.updateStatus(<generated>)
	at java.base/jdk.internal.reflect.DirectMethodHandleAccessor.invoke(DirectMethodHandleAccessor.java:104)
	at java.base/java.lang.reflect.Method.invoke(Method.java:578)
	at org.springframework.web.method.support.InvocableHandlerMethod.doInvoke(InvocableHandlerMethod.java:252)
	at org.springframework.web.method.support.InvocableHandlerMethod.invokeForRequest(InvocableHandlerMethod.java:184)
	at org.springframework.web.servlet.mvc.method.annotation.ServletInvocableHandlerMethod.invokeAndHandle(ServletInvocableHandlerMethod.java:117)
	at org.springframework.web.servlet.mvc.method.annotation.RequestMappingHandlerAdapter.invokeHandlerMethod(RequestMappingHandlerAdapter.java:934)
	at org.springframework.web.servlet.mvc.method.annotation.RequestMappingHandlerAdapter.handleInternal(RequestMappingHandlerAdapter.java:853)
	at org.springframework.web.servlet.mvc.method.AbstractHandlerMethodAdapter.handle(AbstractHandlerMethodAdapter.java:86)
	at org.springframework.web.servlet.DispatcherServlet.doDispatch(DispatcherServlet.java:963)
	at org.springframework.web.servlet.DispatcherServlet.doService(DispatcherServlet.java:866)
	at org.springframework.web.servlet.FrameworkServlet.processRequest(FrameworkServlet.java:1000)
	at org.springframework.web.servlet.FrameworkServlet.service(FrameworkServlet.java:877)
	at jakarta.servlet.http.HttpServlet.service(HttpServlet.java:710)
	at org.apache.catalina.core.ApplicationFilterChain.doFilter(ApplicationFilterChain.java:128)
	at org.apache.tomcat.websocket.server.WsFilter.doFilter(WsFilter.java:53)
	at org.apache.catalina.core.ApplicationFilterChain.doFilter(ApplicationFilterChain.java:107)
	at org.springframework.web.filter.OncePerRequestFilter.doFilter(OncePerRequestFilter.java:110)
	at org.apache.catalina.core.ApplicationFilterChain.doFilter(ApplicationFilterChain.java:107)
	at personal.ecommercebackend.config.RequestLoggingFilter.doFilterInternal(RequestLoggingFilter.java:38)
	at org.springframework.web.filter.OncePerRequestFilter.doFilter(OncePerRequestFilter.java:116)
	at org.apache.catalina.core.ApplicationFilterChain.doFilter(ApplicationFilterChain.java:107)
	at personal.ecommercebackend.config.AuthRateLimitFilter.doFilterInternal(AuthRateLimitFilter.java:36)
	at org.springframework.web.filter.OncePerRequestFilter.doFilter(OncePerRequestFilter.java:116)
	at org.apache.catalina.core.ApplicationFilterChain.doFilter(ApplicationFilterChain.java:107)
	at org.springframework.web.filter.CompositeFilter$VirtualFilterChain.doFilter(CompositeFilter.java:108)
	at org.springframework.security.web.FilterChainProxy.lambda$doFilterInternal$3(FilterChainProxy.java:235)
	at org.springframework.security.web.ObservationFilterChainDecorator$FilterObservation$SimpleFilterObservation.lambda$wrap$1(ObservationFilterChainDecorator.java:493)
	at org.springframework.security.web.ObservationFilterChainDecorator$AroundFilterObservation$SimpleAroundFilterObservation.lambda$wrap$1(ObservationFilterChainDecorator.java:354)
	at org.springframework.security.web.ObservationFilterChainDecorator.lambda$wrapSecured$0(ObservationFilterChainDecorator.java:86)
	at org.springframework.security.web.ObservationFilterChainDecorator$VirtualFilterChain.doFilter(ObservationFilterChainDecorator.java:132)
	at org.springframework.security.web.access.intercept.AuthorizationFilter.doFilter(AuthorizationFilter.java:101)
	at org.springframework.security.web.ObservationFilterChainDecorator$ObservationFilter.wrapFilter(ObservationFilterChainDecorator.java:244)
	at org.springframework.security.web.ObservationFilterChainDecorator$ObservationFilter.doFilter(ObservationFilterChainDecorator.java:231)
	at org.springframework.security.web.ObservationFilterChainDecorator$VirtualFilterChain.doFilter(ObservationFilterChainDecorator.java:141)
	at org.springframework.security.web.access.ExceptionTranslationFilter.doFilter(ExceptionTranslationFilter.java:126)
	at org.springframework.security.web.access.ExceptionTranslationFilter.doFilter(ExceptionTranslationFilter.java:120)
	at org.springframework.security.web.ObservationFilterChainDecorator$ObservationFilter.wrapFilter(ObservationFilterChainDecorator.java:244)
	at org.springframework.security.web.ObservationFilterChainDecorator$ObservationFilter.doFilter(ObservationFilterChainDecorator.java:231)
	at org.springframework.security.web.ObservationFilterChainDecorator$VirtualFilterChain.doFilter(ObservationFilterChainDecorator.java:141)
	at org.springframework.security.web.session.SessionManagementFilter.doFilter(SessionManagementFilter.java:132)
	at org.springframework.security.web.session.SessionManagementFilter.doFilter(SessionManagementFilter.java:86)
	at org.springframework.security.web.ObservationFilterChainDecorator$ObservationFilter.wrapFilter(ObservationFilterChainDecorator.java:244)
	at org.springframework.security.web.ObservationFilterChainDecorator$ObservationFilter.doFilter(ObservationFilterChainDecorator.java:231)
	at org.springframework.security.web.ObservationFilterChainDecorator$VirtualFilterChain.doFilter(ObservationFilterChainDecorator.java:141)
	at org.springframework.security.web.authentication.AnonymousAuthenticationFilter.doFilter(AnonymousAuthenticationFilter.java:100)
	at org.springframework.security.web.ObservationFilterChainDecorator$ObservationFilter.wrapFilter(ObservationFilterChainDecorator.java:244)
	at org.springframework.security.web.ObservationFilterChainDecorator$ObservationFilter.doFilter(ObservationFilterChainDecorator.java:231)
	at org.springframework.security.web.ObservationFilterChainDecorator$VirtualFilterChain.doFilter(ObservationFilterChainDecorator.java:141)
	at org.springframework.security.web.servletapi.SecurityContextHolderAwareRequestFilter.doFilter(SecurityContextHolderAwareRequestFilter.java:181)
	at org.springframework.security.web.ObservationFilterChainDecorator$ObservationFilter.wrapFilter(ObservationFilterChainDecorator.java:244)
	at org.springframework.security.web.ObservationFilterChainDecorator$ObservationFilter.doFilter(ObservationFilterChainDecorator.java:231)
	at org.springframework.security.web.ObservationFilterChainDecorator$VirtualFilterChain.doFilter(ObservationFilterChainDecorator.java:141)
	at org.springframework.security.web.savedrequest.RequestCacheAwareFilter.doFilter(RequestCacheAwareFilter.java:63)
	at org.springframework.security.web.ObservationFilterChainDecorator$ObservationFilter.wrapFilter(ObservationFilterChainDecorator.java:244)
	at org.springframework.security.web.ObservationFilterChainDecorator$ObservationFilter.doFilter(ObservationFilterChainDecorator.java:231)
	at org.springframework.security.web.ObservationFilterChainDecorator$VirtualFilterChain.doFilter(ObservationFilterChainDecorator.java:141)
	at personal.ecommercebackend.security.JwtAuthenticationFilter.doFilterInternal(JwtAuthenticationFilter.java:53)
	at org.springframework.web.filter.OncePerRequestFilter.doFilter(OncePerRequestFilter.java:116)
	at org.springframework.security.web.ObservationFilterChainDecorator$ObservationFilter.wrapFilter(ObservationFilterChainDecorator.java:244)
	at org.springframework.security.web.ObservationFilterChainDecorator$ObservationFilter.doFilter(ObservationFilterChainDecorator.java:231)
	at org.springframework.security.web.ObservationFilterChainDecorator$VirtualFilterChain.doFilter(ObservationFilterChainDecorator.java:141)
	at org.springframework.security.web.authentication.logout.LogoutFilter.doFilter(LogoutFilter.java:110)
	at org.springframework.security.web.authentication.logout.LogoutFilter.doFilter(LogoutFilter.java:96)
	at org.springframework.security.web.ObservationFilterChainDecorator$ObservationFilter.wrapFilter(ObservationFilterChainDecorator.java:244)
	at org.springframework.security.web.ObservationFilterChainDecorator$ObservationFilter.doFilter(ObservationFilterChainDecorator.java:231)
	at org.springframework.security.web.ObservationFilterChainDecorator$VirtualFilterChain.doFilter(ObservationFilterChainDecorator.java:141)
	at org.springframework.security.web.header.HeaderWriterFilter.doHeadersAfter(HeaderWriterFilter.java:90)
	at org.springframework.security.web.header.HeaderWriterFilter.doFilterInternal(HeaderWriterFilter.java:75)
	at org.springframework.web.filter.OncePerRequestFilter.doFilter(OncePerRequestFilter.java:116)
	at org.springframework.security.web.ObservationFilterChainDecorator$ObservationFilter.wrapFilter(ObservationFilterChainDecorator.java:244)
	at org.springframework.security.web.ObservationFilterChainDecorator$ObservationFilter.doFilter(ObservationFilterChainDecorator.java:231)
	at org.springframework.security.web.ObservationFilterChainDecorator$VirtualFilterChain.doFilter(ObservationFilterChainDecorator.java:141)
	at org.springframework.security.web.context.SecurityContextHolderFilter.doFilter(SecurityContextHolderFilter.java:82)
	at org.springframework.security.web.context.SecurityContextHolderFilter.doFilter(SecurityContextHolderFilter.java:69)
	at org.springframework.security.web.ObservationFilterChainDecorator$ObservationFilter.wrapFilter(ObservationFilterChainDecorator.java:244)
	at org.springframework.security.web.ObservationFilterChainDecorator$ObservationFilter.doFilter(ObservationFilterChainDecorator.java:231)
	at org.springframework.security.web.ObservationFilterChainDecorator$VirtualFilterChain.doFilter(ObservationFilterChainDecorator.java:141)
	at org.springframework.security.web.context.request.async.WebAsyncManagerIntegrationFilter.doFilterInternal(WebAsyncManagerIntegrationFilter.java:62)
	at org.springframework.web.filter.OncePerRequestFilter.doFilter(OncePerRequestFilter.java:116)
	at org.springframework.security.web.ObservationFilterChainDecorator$ObservationFilter.wrapFilter(ObservationFilterChainDecorator.java:244)
	at org.springframework.security.web.ObservationFilterChainDecorator$ObservationFilter.doFilter(ObservationFilterChainDecorator.java:231)
	at org.springframework.security.web.ObservationFilterChainDecorator$VirtualFilterChain.doFilter(ObservationFilterChainDecorator.java:141)
	at org.springframework.security.web.session.DisableEncodeUrlFilter.doFilterInternal(DisableEncodeUrlFilter.java:42)
	at org.springframework.web.filter.OncePerRequestFilter.doFilter(OncePerRequestFilter.java:116)
	at org.springframework.security.web.ObservationFilterChainDecorator$ObservationFilter.wrapFilter(ObservationFilterChainDecorator.java:244)
	at org.springframework.security.web.ObservationFilterChainDecorator$AroundFilterObservation$SimpleAroundFilterObservation.lambda$wrap$0(ObservationFilterChainDecorator.java:337)
	at org.springframework.security.web.ObservationFilterChainDecorator$ObservationFilter.doFilter(ObservationFilterChainDecorator.java:228)
	at org.springframework.security.web.ObservationFilterChainDecorator$VirtualFilterChain.doFilter(ObservationFilterChainDecorator.java:141)
	at org.springframework.security.web.FilterChainProxy.doFilterInternal(FilterChainProxy.java:237)
	at org.springframework.security.web.FilterChainProxy.doFilter(FilterChainProxy.java:195)
	at org.springframework.web.filter.CompositeFilter$VirtualFilterChain.doFilter(CompositeFilter.java:113)
	at org.springframework.web.filter.ServletRequestPathFilter.doFilter(ServletRequestPathFilter.java:52)
	at org.springframework.web.filter.CompositeFilter$VirtualFilterChain.doFilter(CompositeFilter.java:113)
	at org.springframework.web.filter.CompositeFilter.doFilter(CompositeFilter.java:74)
	at org.springframework.security.config.annotation.web.configuration.WebSecurityConfiguration$CompositeFilterChainProxy.doFilter(WebSecurityConfiguration.java:317)
	at org.springframework.web.filter.DelegatingFilterProxy.invokeDelegate(DelegatingFilterProxy.java:355)
	at org.springframework.web.filter.DelegatingFilterProxy.doFilter(DelegatingFilterProxy.java:272)
	at org.apache.catalina.core.ApplicationFilterChain.doFilter(ApplicationFilterChain.java:107)
	at org.springframework.web.filter.RequestContextFilter.doFilterInternal(RequestContextFilter.java:100)
	at org.springframework.web.filter.OncePerRequestFilter.doFilter(OncePerRequestFilter.java:116)
	at org.apache.catalina.core.ApplicationFilterChain.doFilter(ApplicationFilterChain.java:107)
	at org.springframework.web.filter.FormContentFilter.doFilterInternal(FormContentFilter.java:93)
	at org.springframework.web.filter.OncePerRequestFilter.doFilter(OncePerRequestFilter.java:116)
	at org.apache.catalina.core.ApplicationFilterChain.doFilter(ApplicationFilterChain.java:107)
	at org.springframework.web.filter.ServerHttpObservationFilter.doFilterInternal(ServerHttpObservationFilter.java:110)
	at org.springframework.web.filter.OncePerRequestFilter.doFilter(OncePerRequestFilter.java:116)
	at org.apache.catalina.core.ApplicationFilterChain.doFilter(ApplicationFilterChain.java:107)
	at org.springframework.web.filter.CharacterEncodingFilter.doFilterInternal(CharacterEncodingFilter.java:199)
	at org.springframework.web.filter.OncePerRequestFilter.doFilter(OncePerRequestFilter.java:116)
	at org.apache.catalina.core.ApplicationFilterChain.doFilter(ApplicationFilterChain.java:107)
	at org.apache.catalina.core.StandardWrapperValve.invoke(StandardWrapperValve.java:165)
	at org.apache.catalina.core.StandardContextValve.invoke(StandardContextValve.java:77)
	at org.apache.catalina.authenticator.AuthenticatorBase.invoke(AuthenticatorBase.java:492)
	at org.apache.catalina.core.StandardHostValve.invoke(StandardHostValve.java:113)
	at org.apache.catalina.valves.ErrorReportValve.invoke(ErrorReportValve.java:83)
	at org.apache.catalina.core.StandardEngineValve.invoke(StandardEngineValve.java:72)
	at org.apache.catalina.connector.CoyoteAdapter.service(CoyoteAdapter.java:341)
	at org.apache.coyote.http11.Http11Processor.service(Http11Processor.java:397)
	at org.apache.coyote.AbstractProcessorLight.process(AbstractProcessorLight.java:63)
	at org.apache.coyote.AbstractProtocol$ConnectionHandler.process(AbstractProtocol.java:903)
	at org.apache.tomcat.util.net.NioEndpoint$SocketProcessor.doRun(NioEndpoint.java:1801)
	at org.apache.tomcat.util.net.SocketProcessorBase.run(SocketProcessorBase.java:52)
	at org.apache.tomcat.util.threads.ThreadPoolExecutor.runWorker(ThreadPoolExecutor.java:946)
	at org.apache.tomcat.util.threads.ThreadPoolExecutor$Worker.run(ThreadPoolExecutor.java:480)
	at org.apache.tomcat.util.threads.TaskThread$WrappingRunnable.run(TaskThread.java:57)
	at java.base/java.lang.Thread.run(Thread.java:1589)
Caused by: org.springframework.mail.MailSendException: Mail server connection failed. Failed messages: org.eclipse.angus.mail.util.MailConnectException: Couldn't connect to host, port: localhost, 1025; timeout -1;
  nested exception is:
	java.net.ConnectException: Connection refused: connect; message exceptions (1) are:
Failed message 1: org.eclipse.angus.mail.util.MailConnectException: Couldn't connect to host, port: localhost, 1025; timeout -1;
  nested exception is:
	java.net.ConnectException: Connection refused: connect
	at org.springframework.mail.javamail.JavaMailSenderImpl.doSend(JavaMailSenderImpl.java:397)
	at org.springframework.mail.javamail.JavaMailSenderImpl.send(JavaMailSenderImpl.java:337)
	at org.springframework.mail.javamail.JavaMailSender.send(JavaMailSender.java:101)
	at personal.ecommercebackend.service.impl.EmailServiceImpl.sendHtml(EmailServiceImpl.java:132)
	... 192 common frames omitted
Caused by: org.eclipse.angus.mail.util.MailConnectException: Couldn't connect to host, port: localhost, 1025; timeout -1;
  nested exception is:
	java.net.ConnectException: Connection refused: connect
	at org.eclipse.angus.mail.smtp.SMTPTransport.openServer(SMTPTransport.java:2243)
	at org.eclipse.angus.mail.smtp.SMTPTransport.protocolConnect(SMTPTransport.java:729)
	at jakarta.mail.Service.connect(Service.java:345)
	at org.springframework.mail.javamail.JavaMailSenderImpl.connectTransport(JavaMailSenderImpl.java:467)
	at org.springframework.mail.javamail.JavaMailSenderImpl.doSend(JavaMailSenderImpl.java:386)
	... 195 common frames omitted
Caused by: java.net.ConnectException: Connection refused: connect
	at java.base/sun.nio.ch.Net.connect0(Native Method)
	at java.base/sun.nio.ch.Net.connect(Net.java:579)
	at java.base/sun.nio.ch.Net.connect(Net.java:568)
	at java.base/sun.nio.ch.NioSocketImpl.connect(NioSocketImpl.java:576)
	at java.base/java.net.SocksSocketImpl.connect(SocksSocketImpl.java:327)
	at java.base/java.net.Socket.connect(Socket.java:666)
	at java.base/java.net.Socket.connect(Socket.java:600)
	at org.eclipse.angus.mail.util.SocketFetcher.createSocket(SocketFetcher.java:368)
	at org.eclipse.angus.mail.util.SocketFetcher.getSocket(SocketFetcher.java:243)
	at org.eclipse.angus.mail.smtp.SMTPTransport.openServer(SMTPTransport.java:2193)
	... 199 common frames omitted
2026-05-31 09:28:26.078 INFO  [http-nio-0.0.0.0-8080-exec-10] [79739485-bde9-4019-9e8b-153ca875f469] p.e.config.RequestLoggingFilter - HTTP PATCH /api/orders/18/status -> 500 (79 ms) user=admin@shop.com
2026-05-31 09:28:27.793 INFO  [http-nio-0.0.0.0-8080-exec-2] [11b0d4e2-bf76-4a42-8274-843c5d0292b6] p.e.config.RequestLoggingFilter - HTTP GET /api/notifications/unread-count -> 200 (7 ms) user=admin@shop.com
2026-05-31 09:28:27.793 INFO  [http-nio-0.0.0.0-8080-exec-4] [a31773e1-b98b-441f-a702-a6def9250028] p.e.config.RequestLoggingFilter - HTTP GET /api/wishlist/count -> 200 (7 ms) user=admin@shop.com
2026-05-31 09:28:27.795 INFO  [http-nio-0.0.0.0-8080-exec-3] [007ce41b-f729-4d4a-b6b0-53d1fe31a841] p.e.config.RequestLoggingFilter - HTTP GET /api/cart/summary -> 200 (9 ms) user=admin@shop.com
2026-05-31 09:28:30.669 INFO  [http-nio-0.0.0.0-8080-exec-6] [7ce16e86-e193-44eb-8945-2ce513f9616b] p.e.service.impl.OrderServiceImpl - Admin updated order status orderId=11 from=SHIPPED to=DELIVERED
2026-05-31 09:28:30.681 INFO  [http-nio-0.0.0.0-8080-exec-6] [7ce16e86-e193-44eb-8945-2ce513f9616b] p.e.config.RequestLoggingFilter - HTTP PATCH /api/orders/11/status -> 200 (21 ms) user=admin@shop.com
2026-05-31 09:28:31.006 WARN  [http-nio-0.0.0.0-8080-exec-8] [3f884810-beec-4adf-8b3b-b0495024df4b] org.hibernate.orm.query - HHH90003004: firstResult/maxResults specified with collection fetch; applying in memory
2026-05-31 09:28:31.026 INFO  [http-nio-0.0.0.0-8080-exec-8] [3f884810-beec-4adf-8b3b-b0495024df4b] p.e.config.RequestLoggingFilter - HTTP GET /api/orders/admin/all?page=0&size=10 -> 200 (21 ms) user=admin@shop.com
2026-05-31 09:28:31.276 INFO  [http-nio-0.0.0.0-8080-exec-7] [c1a81b75-519e-47a4-813a-eb2484090990] p.e.config.RequestLoggingFilter - HTTP GET /api/cart/summary -> 200 (7 ms) user=admin@shop.com
2026-05-31 09:28:31.526 INFO  [http-nio-0.0.0.0-8080-exec-5] [23c4b4c9-2713-41a2-b483-fe01f9524d53] p.e.config.RequestLoggingFilter - HTTP GET /api/wishlist/count -> 200 (5 ms) user=admin@shop.com
2026-05-31 09:28:31.526 INFO  [http-nio-0.0.0.0-8080-exec-1] [27239aac-a3b2-458d-807a-6fb3e25955cb] p.e.config.RequestLoggingFilter - HTTP GET /api/notifications/unread-count -> 200 (5 ms) user=admin@shop.com
2026-05-31 09:28:37.821 WARN  [http-nio-0.0.0.0-8080-exec-9] [de81106a-be30-49d0-9462-a7383c3217ad] p.e.config.LoggingAspect - SERVICE OrderServiceImpl.updateStatus - failed (8 ms): Cannot update status until payment is completed
2026-05-31 09:28:37.824 WARN  [http-nio-0.0.0.0-8080-exec-9] [de81106a-be30-49d0-9462-a7383c3217ad] p.e.config.LoggingAspect - CONTROLLER OrderController.updateStatus - failed (11 ms): Cannot update status until payment is completed
2026-05-31 09:28:37.826 WARN  [http-nio-0.0.0.0-8080-exec-9] [de81106a-be30-49d0-9462-a7383c3217ad] p.e.exception.GlobalExceptionHandler - API error [400]: Cannot update status until payment is completed
2026-05-31 09:28:37.827 INFO  [http-nio-0.0.0.0-8080-exec-9] [de81106a-be30-49d0-9462-a7383c3217ad] p.e.config.RequestLoggingFilter - HTTP PATCH /api/orders/14/status -> 400 (16 ms) user=admin@shop.com
2026-05-31 09:28:40.918 INFO  [http-nio-0.0.0.0-8080-exec-10] [7bc1ecfb-4503-425b-b7e2-8a025cd18206] p.e.config.RequestLoggingFilter - HTTP GET /api/cart/summary -> 200 (7 ms) user=admin@shop.com
2026-05-31 09:28:40.932 WARN  [http-nio-0.0.0.0-8080-exec-3] [1d74a6ce-1683-4efd-a9c0-dd58e5d0aaa1] org.hibernate.orm.query - HHH90003004: firstResult/maxResults specified with collection fetch; applying in memory
2026-05-31 09:28:40.934 INFO  [http-nio-0.0.0.0-8080-exec-2] [fc435062-4685-453a-9901-10ea40d8ca03] p.e.config.RequestLoggingFilter - HTTP GET /api/wishlist/count -> 200 (5 ms) user=admin@shop.com
2026-05-31 09:28:40.936 INFO  [http-nio-0.0.0.0-8080-exec-4] [45297a9e-c446-43b9-aafa-142f8adff9e4] p.e.config.RequestLoggingFilter - HTTP GET /api/notifications/unread-count -> 200 (5 ms) user=admin@shop.com
2026-05-31 09:28:40.941 INFO  [http-nio-0.0.0.0-8080-exec-3] [1d74a6ce-1683-4efd-a9c0-dd58e5d0aaa1] p.e.config.RequestLoggingFilter - HTTP GET /api/orders?page=0&size=10 -> 200 (10 ms) user=admin@shop.com
2026-05-31 09:28:46.096 INFO  [http-nio-0.0.0.0-8080-exec-8] [05bde1d1-daa0-478e-87c0-7f534c343276] p.e.config.RequestLoggingFilter - HTTP GET /api/wishlist/count -> 200 (7 ms) user=admin@shop.com
2026-05-31 09:28:46.099 INFO  [http-nio-0.0.0.0-8080-exec-6] [50bd7fe6-06a5-4480-baf4-8a33ecee59ba] p.e.config.RequestLoggingFilter - HTTP GET /api/cart/summary -> 200 (10 ms) user=admin@shop.com
2026-05-31 09:28:46.407 INFO  [http-nio-0.0.0.0-8080-exec-7] [e3fd9efc-49d4-4b89-9583-12196cb02d1c] p.e.config.RequestLoggingFilter - HTTP GET /api/notifications/unread-count -> 200 (4 ms) user=admin@shop.com
2026-05-31 09:28:46.410 INFO  [http-nio-0.0.0.0-8080-exec-5] [4fddd392-a2e4-4f5f-8d17-1bc0c21b9321] p.e.config.RequestLoggingFilter - HTTP GET /api/cart -> 200 (7 ms) user=admin@shop.com
2026-05-31 09:28:47.785 INFO  [http-nio-0.0.0.0-8080-exec-9] [715942a4-d4a1-4ee0-a448-4d1a8b7d535f] p.e.config.RequestLoggingFilter - HTTP GET /api/cart/summary -> 200 (7 ms) user=admin@shop.com
2026-05-31 09:28:48.089 INFO  [http-nio-0.0.0.0-8080-exec-4] [86240096-722a-4a3b-bfb5-74bb53bbf8d1] p.e.config.RequestLoggingFilter - HTTP GET /api/shipping-addresses/all -> 200 (6 ms) user=admin@shop.com
2026-05-31 09:28:48.089 INFO  [http-nio-0.0.0.0-8080-exec-2] [5f9bd667-fad4-4064-98f1-3f245c626625] p.e.config.RequestLoggingFilter - HTTP GET /api/notifications/unread-count -> 200 (6 ms) user=admin@shop.com
2026-05-31 09:28:48.089 INFO  [http-nio-0.0.0.0-8080-exec-10] [7989021c-bba8-4f8e-ac04-6974a06f98e2] p.e.config.RequestLoggingFilter - HTTP GET /api/wishlist/count -> 200 (6 ms) user=admin@shop.com
2026-05-31 09:28:53.112 INFO  [http-nio-0.0.0.0-8080-exec-3] [6349af16-9ad0-439e-b9ce-3bcd8519026e] p.e.config.RequestLoggingFilter - HTTP GET /api/auth/me -> 200 (5 ms) user=admin@shop.com
2026-05-31 09:28:53.432 INFO  [http-nio-0.0.0.0-8080-exec-7] [c11731da-74ac-4933-81e3-8cbf1f9805ea] p.e.config.RequestLoggingFilter - HTTP GET /api/notifications/unread-count -> 200 (7 ms) user=admin@shop.com
2026-05-31 09:28:53.432 INFO  [http-nio-0.0.0.0-8080-exec-6] [5d14bf49-af55-4920-8a1c-87005aab6d07] p.e.config.RequestLoggingFilter - HTTP GET /api/wishlist/count -> 200 (7 ms) user=admin@shop.com
2026-05-31 09:28:53.435 INFO  [http-nio-0.0.0.0-8080-exec-8] [53252e3f-9039-4992-a4f7-874af67a2d8a] p.e.config.RequestLoggingFilter - HTTP GET /api/cart/summary -> 200 (10 ms) user=admin@shop.com
2026-05-31 09:28:53.435 INFO  [http-nio-0.0.0.0-8080-exec-5] [184a66b6-60a6-4748-874d-48d693105767] p.e.config.RequestLoggingFilter - HTTP GET /api/shipping-addresses?page=0&size=10 -> 200 (10 ms) user=admin@shop.com
2026-05-31 09:28:57.883 INFO  [http-nio-0.0.0.0-8080-exec-1] [d169707f-f8f7-43d5-98bc-38ee831151a6] p.e.config.RequestLoggingFilter - HTTP GET /api/cart/summary -> 200 (10 ms) user=admin@shop.com
2026-05-31 09:28:58.180 INFO  [http-nio-0.0.0.0-8080-exec-2] [af8a080d-d245-4e3f-803e-d33c127fd657] p.e.config.RequestLoggingFilter - HTTP GET /api/notifications/unread-count -> 200 (6 ms) user=admin@shop.com
2026-05-31 09:28:58.181 INFO  [http-nio-0.0.0.0-8080-exec-9] [1d5d6d65-b7e3-49f2-8bd0-df75c8d0fb5b] p.e.config.RequestLoggingFilter - HTTP GET /api/wishlist/count -> 200 (5 ms) user=admin@shop.com
2026-05-31 09:28:58.181 INFO  [http-nio-0.0.0.0-8080-exec-3] [69a04e87-8eb6-4866-8b8e-ec892c3bc2a8] p.e.config.RequestLoggingFilter - HTTP GET /api/notifications/unread-count -> 200 (5 ms) user=admin@shop.com
2026-05-31 09:28:58.181 INFO  [http-nio-0.0.0.0-8080-exec-4] [ac3610ec-25b7-4a0e-8dda-efdae432377e] p.e.config.RequestLoggingFilter - HTTP GET /api/wishlist/count -> 200 (5 ms) user=admin@shop.com
2026-05-31 09:28:58.185 INFO  [http-nio-0.0.0.0-8080-exec-10] [e8f4cede-77a1-48eb-9f5c-1debc5e5195b] p.e.config.RequestLoggingFilter - HTTP GET /api/cart/summary -> 200 (9 ms) user=admin@shop.com
2026-05-31 09:28:58.203 INFO  [http-nio-0.0.0.0-8080-exec-6] [859995e2-b872-4fa5-9a8c-aea386585270] p.e.config.RequestLoggingFilter - HTTP GET /api/cart/summary -> 200 (8 ms) user=admin@shop.com
2026-05-31 09:28:58.506 INFO  [http-nio-0.0.0.0-8080-exec-7] [ae1e0f54-cb41-4b7c-91e5-9ceb47788cd4] p.e.config.RequestLoggingFilter - HTTP GET /api/wishlist/count -> 200 (6 ms) user=admin@shop.com
2026-05-31 09:28:58.508 INFO  [http-nio-0.0.0.0-8080-exec-5] [f019c039-c0dc-45ba-9de5-e332d2f0418a] p.e.config.RequestLoggingFilter - HTTP GET /api/notifications/unread-count -> 200 (6 ms) user=admin@shop.com
2026-05-31 09:28:59.662 INFO  [http-nio-0.0.0.0-8080-exec-8] [9cedf77f-2c4a-4f19-8d28-63810038dd30] p.e.service.impl.OrderServiceImpl - Checkout initiated orderId=19 userId=1 subtotal=24.99 total=33.46 devMode=true
2026-05-31 09:28:59.767 INFO  [http-nio-0.0.0.0-8080-exec-8] [9cedf77f-2c4a-4f19-8d28-63810038dd30] p.e.config.RequestLoggingFilter - HTTP POST /api/orders/checkout/initiate -> 201 (160 ms) user=admin@shop.com
2026-05-31 09:28:59.880 INFO  [http-nio-0.0.0.0-8080-exec-1] [01c1a215-b533-4a0a-b485-dfaf5af18257] p.e.config.RequestLoggingFilter - HTTP GET /api/orders/19 -> 200 (9 ms) user=admin@shop.com
2026-05-31 09:29:00.301 INFO  [http-nio-0.0.0.0-8080-exec-2] [32dfd38c-7279-42d9-9ffb-fb26acab5794] p.e.config.RequestLoggingFilter - HTTP GET /api/cart/summary -> 200 (6 ms) user=admin@shop.com
2026-05-31 09:29:00.617 INFO  [http-nio-0.0.0.0-8080-exec-9] [28043d7f-23e6-4ef5-a70d-d31858db1d5a] p.e.config.RequestLoggingFilter - HTTP GET /api/wishlist/count -> 200 (5 ms) user=admin@shop.com
2026-05-31 09:29:00.617 INFO  [http-nio-0.0.0.0-8080-exec-3] [a43f19b9-1add-4c5c-b669-060d5f8331a3] p.e.config.RequestLoggingFilter - HTTP GET /api/notifications/unread-count -> 200 (5 ms) user=admin@shop.com
2026-05-31 09:29:03.298 INFO  [http-nio-0.0.0.0-8080-exec-4] [83d4f411-c280-4d37-9751-3f46775d2604] p.e.service.impl.OrderServiceImpl - Order fulfilled orderId=19 userId=1 total=33.46 itemCount=1
2026-05-31 09:29:03.309 ERROR [http-nio-0.0.0.0-8080-exec-4] [83d4f411-c280-4d37-9751-3f46775d2604] p.e.service.impl.EmailServiceImpl - Failed to send email to admin@shop.com (order confirmation #19)
org.springframework.mail.MailSendException: Mail server connection failed. Failed messages: org.eclipse.angus.mail.util.MailConnectException: Couldn't connect to host, port: localhost, 1025; timeout -1;
  nested exception is:
	java.net.ConnectException: Connection refused: connect; message exceptions (1) are:
Failed message 1: org.eclipse.angus.mail.util.MailConnectException: Couldn't connect to host, port: localhost, 1025; timeout -1;
  nested exception is:
	java.net.ConnectException: Connection refused: connect
	at org.springframework.mail.javamail.JavaMailSenderImpl.doSend(JavaMailSenderImpl.java:397)
	at org.springframework.mail.javamail.JavaMailSenderImpl.send(JavaMailSenderImpl.java:337)
	at org.springframework.mail.javamail.JavaMailSender.send(JavaMailSender.java:101)
	at personal.ecommercebackend.service.impl.EmailServiceImpl.sendHtml(EmailServiceImpl.java:132)
	at personal.ecommercebackend.service.impl.EmailServiceImpl.sendOrderConfirmation(EmailServiceImpl.java:47)
	at java.base/jdk.internal.reflect.DirectMethodHandleAccessor.invoke(DirectMethodHandleAccessor.java:104)
	at java.base/java.lang.reflect.Method.invoke(Method.java:578)
	at org.springframework.aop.support.AopUtils.invokeJoinpointUsingReflection(AopUtils.java:359)
	at org.springframework.aop.framework.ReflectiveMethodInvocation.invokeJoinpoint(ReflectiveMethodInvocation.java:190)
	at org.springframework.aop.framework.ReflectiveMethodInvocation.proceed(ReflectiveMethodInvocation.java:158)
	at org.springframework.aop.aspectj.MethodInvocationProceedingJoinPoint.proceed(MethodInvocationProceedingJoinPoint.java:82)
	at personal.ecommercebackend.config.LoggingAspect.logExecution(LoggingAspect.java:37)
	at personal.ecommercebackend.config.LoggingAspect.logService(LoggingAspect.java:20)
	at java.base/jdk.internal.reflect.DirectMethodHandleAccessor.invoke(DirectMethodHandleAccessor.java:104)
	at java.base/java.lang.reflect.Method.invoke(Method.java:578)
	at org.springframework.aop.aspectj.AbstractAspectJAdvice.invokeAdviceMethodWithGivenArgs(AbstractAspectJAdvice.java:648)
	at org.springframework.aop.aspectj.AbstractAspectJAdvice.invokeAdviceMethod(AbstractAspectJAdvice.java:630)
	at org.springframework.aop.aspectj.AspectJAroundAdvice.invoke(AspectJAroundAdvice.java:70)
	at org.springframework.aop.framework.ReflectiveMethodInvocation.proceed(ReflectiveMethodInvocation.java:179)
	at org.springframework.aop.interceptor.ExposeInvocationInterceptor.invoke(ExposeInvocationInterceptor.java:96)
	at org.springframework.aop.framework.ReflectiveMethodInvocation.proceed(ReflectiveMethodInvocation.java:179)
	at org.springframework.aop.framework.CglibAopProxy$DynamicAdvisedInterceptor.intercept(CglibAopProxy.java:719)
	at personal.ecommercebackend.service.impl.EmailServiceImpl$$SpringCGLIB$$0.sendOrderConfirmation(<generated>)
	at personal.ecommercebackend.service.impl.OrderServiceImpl.fulfillPaidOrder(OrderServiceImpl.java:218)
	at personal.ecommercebackend.service.impl.OrderServiceImpl.confirmPayment(OrderServiceImpl.java:167)
	at java.base/jdk.internal.reflect.DirectMethodHandleAccessor.invoke(DirectMethodHandleAccessor.java:104)
	at java.base/java.lang.reflect.Method.invoke(Method.java:578)
	at org.springframework.aop.support.AopUtils.invokeJoinpointUsingReflection(AopUtils.java:359)
	at org.springframework.aop.framework.ReflectiveMethodInvocation.invokeJoinpoint(ReflectiveMethodInvocation.java:190)
	at org.springframework.aop.framework.ReflectiveMethodInvocation.proceed(ReflectiveMethodInvocation.java:158)
	at org.springframework.aop.aspectj.MethodInvocationProceedingJoinPoint.proceed(MethodInvocationProceedingJoinPoint.java:82)
	at personal.ecommercebackend.config.LoggingAspect.logExecution(LoggingAspect.java:37)
	at personal.ecommercebackend.config.LoggingAspect.logService(LoggingAspect.java:20)
	at java.base/jdk.internal.reflect.DirectMethodHandleAccessor.invoke(DirectMethodHandleAccessor.java:104)
	at java.base/java.lang.reflect.Method.invoke(Method.java:578)
	at org.springframework.aop.aspectj.AbstractAspectJAdvice.invokeAdviceMethodWithGivenArgs(AbstractAspectJAdvice.java:648)
	at org.springframework.aop.aspectj.AbstractAspectJAdvice.invokeAdviceMethod(AbstractAspectJAdvice.java:630)
	at org.springframework.aop.aspectj.AspectJAroundAdvice.invoke(AspectJAroundAdvice.java:70)
	at org.springframework.aop.framework.ReflectiveMethodInvocation.proceed(ReflectiveMethodInvocation.java:179)
	at org.springframework.transaction.interceptor.TransactionInterceptor$1.proceedWithInvocation(TransactionInterceptor.java:133)
	at org.springframework.transaction.interceptor.TransactionAspectSupport.invokeWithinTransaction(TransactionAspectSupport.java:371)
	at org.springframework.transaction.interceptor.TransactionInterceptor.invoke(TransactionInterceptor.java:130)
	at org.springframework.aop.framework.ReflectiveMethodInvocation.proceed(ReflectiveMethodInvocation.java:179)
	at org.springframework.aop.interceptor.ExposeInvocationInterceptor.invoke(ExposeInvocationInterceptor.java:96)
	at org.springframework.aop.framework.ReflectiveMethodInvocation.proceed(ReflectiveMethodInvocation.java:179)
	at org.springframework.aop.framework.CglibAopProxy$DynamicAdvisedInterceptor.intercept(CglibAopProxy.java:719)
	at personal.ecommercebackend.service.impl.OrderServiceImpl$$SpringCGLIB$$0.confirmPayment(<generated>)
	at personal.ecommercebackend.controller.OrderController.confirmPayment(OrderController.java:39)
	at java.base/jdk.internal.reflect.DirectMethodHandleAccessor.invoke(DirectMethodHandleAccessor.java:104)
	at java.base/java.lang.reflect.Method.invoke(Method.java:578)
	at org.springframework.aop.support.AopUtils.invokeJoinpointUsingReflection(AopUtils.java:359)
	at org.springframework.aop.framework.ReflectiveMethodInvocation.invokeJoinpoint(ReflectiveMethodInvocation.java:190)
	at org.springframework.aop.framework.ReflectiveMethodInvocation.proceed(ReflectiveMethodInvocation.java:158)
	at org.springframework.aop.aspectj.MethodInvocationProceedingJoinPoint.proceed(MethodInvocationProceedingJoinPoint.java:82)
	at personal.ecommercebackend.config.LoggingAspect.logExecution(LoggingAspect.java:37)
	at personal.ecommercebackend.config.LoggingAspect.logController(LoggingAspect.java:25)
	at java.base/jdk.internal.reflect.DirectMethodHandleAccessor.invoke(DirectMethodHandleAccessor.java:104)
	at java.base/java.lang.reflect.Method.invoke(Method.java:578)
	at org.springframework.aop.aspectj.AbstractAspectJAdvice.invokeAdviceMethodWithGivenArgs(AbstractAspectJAdvice.java:648)
	at org.springframework.aop.aspectj.AbstractAspectJAdvice.invokeAdviceMethod(AbstractAspectJAdvice.java:630)
	at org.springframework.aop.aspectj.AspectJAroundAdvice.invoke(AspectJAroundAdvice.java:70)
	at org.springframework.aop.framework.ReflectiveMethodInvocation.proceed(ReflectiveMethodInvocation.java:179)
	at org.springframework.aop.interceptor.ExposeInvocationInterceptor.invoke(ExposeInvocationInterceptor.java:96)
	at org.springframework.aop.framework.ReflectiveMethodInvocation.proceed(ReflectiveMethodInvocation.java:179)
	at org.springframework.aop.framework.CglibAopProxy$DynamicAdvisedInterceptor.intercept(CglibAopProxy.java:719)
	at personal.ecommercebackend.controller.OrderController$$SpringCGLIB$$0.confirmPayment(<generated>)
	at java.base/jdk.internal.reflect.DirectMethodHandleAccessor.invoke(DirectMethodHandleAccessor.java:104)
	at java.base/java.lang.reflect.Method.invoke(Method.java:578)
	at org.springframework.web.method.support.InvocableHandlerMethod.doInvoke(InvocableHandlerMethod.java:252)
	at org.springframework.web.method.support.InvocableHandlerMethod.invokeForRequest(InvocableHandlerMethod.java:184)
	at org.springframework.web.servlet.mvc.method.annotation.ServletInvocableHandlerMethod.invokeAndHandle(ServletInvocableHandlerMethod.java:117)
	at org.springframework.web.servlet.mvc.method.annotation.RequestMappingHandlerAdapter.invokeHandlerMethod(RequestMappingHandlerAdapter.java:934)
	at org.springframework.web.servlet.mvc.method.annotation.RequestMappingHandlerAdapter.handleInternal(RequestMappingHandlerAdapter.java:853)
	at org.springframework.web.servlet.mvc.method.AbstractHandlerMethodAdapter.handle(AbstractHandlerMethodAdapter.java:86)
	at org.springframework.web.servlet.DispatcherServlet.doDispatch(DispatcherServlet.java:963)
	at org.springframework.web.servlet.DispatcherServlet.doService(DispatcherServlet.java:866)
	at org.springframework.web.servlet.FrameworkServlet.processRequest(FrameworkServlet.java:1000)
	at org.springframework.web.servlet.FrameworkServlet.doPost(FrameworkServlet.java:903)
	at jakarta.servlet.http.HttpServlet.service(HttpServlet.java:649)
	at org.springframework.web.servlet.FrameworkServlet.service(FrameworkServlet.java:874)
	at jakarta.servlet.http.HttpServlet.service(HttpServlet.java:710)
	at org.apache.catalina.core.ApplicationFilterChain.doFilter(ApplicationFilterChain.java:128)
	at org.apache.tomcat.websocket.server.WsFilter.doFilter(WsFilter.java:53)
	at org.apache.catalina.core.ApplicationFilterChain.doFilter(ApplicationFilterChain.java:107)
	at org.springframework.web.filter.OncePerRequestFilter.doFilter(OncePerRequestFilter.java:110)
	at org.apache.catalina.core.ApplicationFilterChain.doFilter(ApplicationFilterChain.java:107)
	at personal.ecommercebackend.config.RequestLoggingFilter.doFilterInternal(RequestLoggingFilter.java:38)
	at org.springframework.web.filter.OncePerRequestFilter.doFilter(OncePerRequestFilter.java:116)
	at org.apache.catalina.core.ApplicationFilterChain.doFilter(ApplicationFilterChain.java:107)
	at personal.ecommercebackend.config.AuthRateLimitFilter.doFilterInternal(AuthRateLimitFilter.java:36)
	at org.springframework.web.filter.OncePerRequestFilter.doFilter(OncePerRequestFilter.java:116)
	at org.apache.catalina.core.ApplicationFilterChain.doFilter(ApplicationFilterChain.java:107)
	at org.springframework.web.filter.CompositeFilter$VirtualFilterChain.doFilter(CompositeFilter.java:108)
	at org.springframework.security.web.FilterChainProxy.lambda$doFilterInternal$3(FilterChainProxy.java:235)
	at org.springframework.security.web.ObservationFilterChainDecorator$FilterObservation$SimpleFilterObservation.lambda$wrap$1(ObservationFilterChainDecorator.java:493)
	at org.springframework.security.web.ObservationFilterChainDecorator$AroundFilterObservation$SimpleAroundFilterObservation.lambda$wrap$1(ObservationFilterChainDecorator.java:354)
	at org.springframework.security.web.ObservationFilterChainDecorator.lambda$wrapSecured$0(ObservationFilterChainDecorator.java:86)
	at org.springframework.security.web.ObservationFilterChainDecorator$VirtualFilterChain.doFilter(ObservationFilterChainDecorator.java:132)
	at org.springframework.security.web.access.intercept.AuthorizationFilter.doFilter(AuthorizationFilter.java:101)
	at org.springframework.security.web.ObservationFilterChainDecorator$ObservationFilter.wrapFilter(ObservationFilterChainDecorator.java:244)
	at org.springframework.security.web.ObservationFilterChainDecorator$ObservationFilter.doFilter(ObservationFilterChainDecorator.java:231)
	at org.springframework.security.web.ObservationFilterChainDecorator$VirtualFilterChain.doFilter(ObservationFilterChainDecorator.java:141)
	at org.springframework.security.web.access.ExceptionTranslationFilter.doFilter(ExceptionTranslationFilter.java:126)
	at org.springframework.security.web.access.ExceptionTranslationFilter.doFilter(ExceptionTranslationFilter.java:120)
	at org.springframework.security.web.ObservationFilterChainDecorator$ObservationFilter.wrapFilter(ObservationFilterChainDecorator.java:244)
	at org.springframework.security.web.ObservationFilterChainDecorator$ObservationFilter.doFilter(ObservationFilterChainDecorator.java:231)
	at org.springframework.security.web.ObservationFilterChainDecorator$VirtualFilterChain.doFilter(ObservationFilterChainDecorator.java:141)
	at org.springframework.security.web.session.SessionManagementFilter.doFilter(SessionManagementFilter.java:132)
	at org.springframework.security.web.session.SessionManagementFilter.doFilter(SessionManagementFilter.java:86)
	at org.springframework.security.web.ObservationFilterChainDecorator$ObservationFilter.wrapFilter(ObservationFilterChainDecorator.java:244)
	at org.springframework.security.web.ObservationFilterChainDecorator$ObservationFilter.doFilter(ObservationFilterChainDecorator.java:231)
	at org.springframework.security.web.ObservationFilterChainDecorator$VirtualFilterChain.doFilter(ObservationFilterChainDecorator.java:141)
	at org.springframework.security.web.authentication.AnonymousAuthenticationFilter.doFilter(AnonymousAuthenticationFilter.java:100)
	at org.springframework.security.web.ObservationFilterChainDecorator$ObservationFilter.wrapFilter(ObservationFilterChainDecorator.java:244)
	at org.springframework.security.web.ObservationFilterChainDecorator$ObservationFilter.doFilter(ObservationFilterChainDecorator.java:231)
	at org.springframework.security.web.ObservationFilterChainDecorator$VirtualFilterChain.doFilter(ObservationFilterChainDecorator.java:141)
	at org.springframework.security.web.servletapi.SecurityContextHolderAwareRequestFilter.doFilter(SecurityContextHolderAwareRequestFilter.java:181)
	at org.springframework.security.web.ObservationFilterChainDecorator$ObservationFilter.wrapFilter(ObservationFilterChainDecorator.java:244)
	at org.springframework.security.web.ObservationFilterChainDecorator$ObservationFilter.doFilter(ObservationFilterChainDecorator.java:231)
	at org.springframework.security.web.ObservationFilterChainDecorator$VirtualFilterChain.doFilter(ObservationFilterChainDecorator.java:141)
	at org.springframework.security.web.savedrequest.RequestCacheAwareFilter.doFilter(RequestCacheAwareFilter.java:63)
	at org.springframework.security.web.ObservationFilterChainDecorator$ObservationFilter.wrapFilter(ObservationFilterChainDecorator.java:244)
	at org.springframework.security.web.ObservationFilterChainDecorator$ObservationFilter.doFilter(ObservationFilterChainDecorator.java:231)
	at org.springframework.security.web.ObservationFilterChainDecorator$VirtualFilterChain.doFilter(ObservationFilterChainDecorator.java:141)
	at personal.ecommercebackend.security.JwtAuthenticationFilter.doFilterInternal(JwtAuthenticationFilter.java:53)
	at org.springframework.web.filter.OncePerRequestFilter.doFilter(OncePerRequestFilter.java:116)
	at org.springframework.security.web.ObservationFilterChainDecorator$ObservationFilter.wrapFilter(ObservationFilterChainDecorator.java:244)
	at org.springframework.security.web.ObservationFilterChainDecorator$ObservationFilter.doFilter(ObservationFilterChainDecorator.java:231)
	at org.springframework.security.web.ObservationFilterChainDecorator$VirtualFilterChain.doFilter(ObservationFilterChainDecorator.java:141)
	at org.springframework.security.web.authentication.logout.LogoutFilter.doFilter(LogoutFilter.java:110)
	at org.springframework.security.web.authentication.logout.LogoutFilter.doFilter(LogoutFilter.java:96)
	at org.springframework.security.web.ObservationFilterChainDecorator$ObservationFilter.wrapFilter(ObservationFilterChainDecorator.java:244)
	at org.springframework.security.web.ObservationFilterChainDecorator$ObservationFilter.doFilter(ObservationFilterChainDecorator.java:231)
	at org.springframework.security.web.ObservationFilterChainDecorator$VirtualFilterChain.doFilter(ObservationFilterChainDecorator.java:141)
	at org.springframework.security.web.header.HeaderWriterFilter.doHeadersAfter(HeaderWriterFilter.java:90)
	at org.springframework.security.web.header.HeaderWriterFilter.doFilterInternal(HeaderWriterFilter.java:75)
	at org.springframework.web.filter.OncePerRequestFilter.doFilter(OncePerRequestFilter.java:116)
	at org.springframework.security.web.ObservationFilterChainDecorator$ObservationFilter.wrapFilter(ObservationFilterChainDecorator.java:244)
	at org.springframework.security.web.ObservationFilterChainDecorator$ObservationFilter.doFilter(ObservationFilterChainDecorator.java:231)
	at org.springframework.security.web.ObservationFilterChainDecorator$VirtualFilterChain.doFilter(ObservationFilterChainDecorator.java:141)
	at org.springframework.security.web.context.SecurityContextHolderFilter.doFilter(SecurityContextHolderFilter.java:82)
	at org.springframework.security.web.context.SecurityContextHolderFilter.doFilter(SecurityContextHolderFilter.java:69)
	at org.springframework.security.web.ObservationFilterChainDecorator$ObservationFilter.wrapFilter(ObservationFilterChainDecorator.java:244)
	at org.springframework.security.web.ObservationFilterChainDecorator$ObservationFilter.doFilter(ObservationFilterChainDecorator.java:231)
	at org.springframework.security.web.ObservationFilterChainDecorator$VirtualFilterChain.doFilter(ObservationFilterChainDecorator.java:141)
	at org.springframework.security.web.context.request.async.WebAsyncManagerIntegrationFilter.doFilterInternal(WebAsyncManagerIntegrationFilter.java:62)
	at org.springframework.web.filter.OncePerRequestFilter.doFilter(OncePerRequestFilter.java:116)
	at org.springframework.security.web.ObservationFilterChainDecorator$ObservationFilter.wrapFilter(ObservationFilterChainDecorator.java:244)
	at org.springframework.security.web.ObservationFilterChainDecorator$ObservationFilter.doFilter(ObservationFilterChainDecorator.java:231)
	at org.springframework.security.web.ObservationFilterChainDecorator$VirtualFilterChain.doFilter(ObservationFilterChainDecorator.java:141)
	at org.springframework.security.web.session.DisableEncodeUrlFilter.doFilterInternal(DisableEncodeUrlFilter.java:42)
	at org.springframework.web.filter.OncePerRequestFilter.doFilter(OncePerRequestFilter.java:116)
	at org.springframework.security.web.ObservationFilterChainDecorator$ObservationFilter.wrapFilter(ObservationFilterChainDecorator.java:244)
	at org.springframework.security.web.ObservationFilterChainDecorator$AroundFilterObservation$SimpleAroundFilterObservation.lambda$wrap$0(ObservationFilterChainDecorator.java:337)
	at org.springframework.security.web.ObservationFilterChainDecorator$ObservationFilter.doFilter(ObservationFilterChainDecorator.java:228)
	at org.springframework.security.web.ObservationFilterChainDecorator$VirtualFilterChain.doFilter(ObservationFilterChainDecorator.java:141)
	at org.springframework.security.web.FilterChainProxy.doFilterInternal(FilterChainProxy.java:237)
	at org.springframework.security.web.FilterChainProxy.doFilter(FilterChainProxy.java:195)
	at org.springframework.web.filter.CompositeFilter$VirtualFilterChain.doFilter(CompositeFilter.java:113)
	at org.springframework.web.filter.ServletRequestPathFilter.doFilter(ServletRequestPathFilter.java:52)
	at org.springframework.web.filter.CompositeFilter$VirtualFilterChain.doFilter(CompositeFilter.java:113)
	at org.springframework.web.filter.CompositeFilter.doFilter(CompositeFilter.java:74)
	at org.springframework.security.config.annotation.web.configuration.WebSecurityConfiguration$CompositeFilterChainProxy.doFilter(WebSecurityConfiguration.java:317)
	at org.springframework.web.filter.DelegatingFilterProxy.invokeDelegate(DelegatingFilterProxy.java:355)
	at org.springframework.web.filter.DelegatingFilterProxy.doFilter(DelegatingFilterProxy.java:272)
	at org.apache.catalina.core.ApplicationFilterChain.doFilter(ApplicationFilterChain.java:107)
	at org.springframework.web.filter.RequestContextFilter.doFilterInternal(RequestContextFilter.java:100)
	at org.springframework.web.filter.OncePerRequestFilter.doFilter(OncePerRequestFilter.java:116)
	at org.apache.catalina.core.ApplicationFilterChain.doFilter(ApplicationFilterChain.java:107)
	at org.springframework.web.filter.FormContentFilter.doFilterInternal(FormContentFilter.java:93)
	at org.springframework.web.filter.OncePerRequestFilter.doFilter(OncePerRequestFilter.java:116)
	at org.apache.catalina.core.ApplicationFilterChain.doFilter(ApplicationFilterChain.java:107)
	at org.springframework.web.filter.ServerHttpObservationFilter.doFilterInternal(ServerHttpObservationFilter.java:110)
	at org.springframework.web.filter.OncePerRequestFilter.doFilter(OncePerRequestFilter.java:116)
	at org.apache.catalina.core.ApplicationFilterChain.doFilter(ApplicationFilterChain.java:107)
	at org.springframework.web.filter.CharacterEncodingFilter.doFilterInternal(CharacterEncodingFilter.java:199)
	at org.springframework.web.filter.OncePerRequestFilter.doFilter(OncePerRequestFilter.java:116)
	at org.apache.catalina.core.ApplicationFilterChain.doFilter(ApplicationFilterChain.java:107)
	at org.apache.catalina.core.StandardWrapperValve.invoke(StandardWrapperValve.java:165)
	at org.apache.catalina.core.StandardContextValve.invoke(StandardContextValve.java:77)
	at org.apache.catalina.authenticator.AuthenticatorBase.invoke(AuthenticatorBase.java:492)
	at org.apache.catalina.core.StandardHostValve.invoke(StandardHostValve.java:113)
	at org.apache.catalina.valves.ErrorReportValve.invoke(ErrorReportValve.java:83)
	at org.apache.catalina.core.StandardEngineValve.invoke(StandardEngineValve.java:72)
	at org.apache.catalina.connector.CoyoteAdapter.service(CoyoteAdapter.java:341)
	at org.apache.coyote.http11.Http11Processor.service(Http11Processor.java:397)
	at org.apache.coyote.AbstractProcessorLight.process(AbstractProcessorLight.java:63)
	at org.apache.coyote.AbstractProtocol$ConnectionHandler.process(AbstractProtocol.java:903)
	at org.apache.tomcat.util.net.NioEndpoint$SocketProcessor.doRun(NioEndpoint.java:1801)
	at org.apache.tomcat.util.net.SocketProcessorBase.run(SocketProcessorBase.java:52)
	at org.apache.tomcat.util.threads.ThreadPoolExecutor.runWorker(ThreadPoolExecutor.java:946)
	at org.apache.tomcat.util.threads.ThreadPoolExecutor$Worker.run(ThreadPoolExecutor.java:480)
	at org.apache.tomcat.util.threads.TaskThread$WrappingRunnable.run(TaskThread.java:57)
	at java.base/java.lang.Thread.run(Thread.java:1589)
Caused by: org.eclipse.angus.mail.util.MailConnectException: Couldn't connect to host, port: localhost, 1025; timeout -1;
  nested exception is:
	java.net.ConnectException: Connection refused: connect
	at org.eclipse.angus.mail.smtp.SMTPTransport.openServer(SMTPTransport.java:2243)
	at org.eclipse.angus.mail.smtp.SMTPTransport.protocolConnect(SMTPTransport.java:729)
	at jakarta.mail.Service.connect(Service.java:345)
	at org.springframework.mail.javamail.JavaMailSenderImpl.connectTransport(JavaMailSenderImpl.java:467)
	at org.springframework.mail.javamail.JavaMailSenderImpl.doSend(JavaMailSenderImpl.java:386)
	... 193 common frames omitted
Caused by: java.net.ConnectException: Connection refused: connect
	at java.base/sun.nio.ch.Net.connect0(Native Method)
	at java.base/sun.nio.ch.Net.connect(Net.java:579)
	at java.base/sun.nio.ch.Net.connect(Net.java:568)
	at java.base/sun.nio.ch.NioSocketImpl.connect(NioSocketImpl.java:576)
	at java.base/java.net.SocksSocketImpl.connect(SocksSocketImpl.java:327)
	at java.base/java.net.Socket.connect(Socket.java:666)
	at java.base/java.net.Socket.connect(Socket.java:600)
	at org.eclipse.angus.mail.util.SocketFetcher.createSocket(SocketFetcher.java:368)
	at org.eclipse.angus.mail.util.SocketFetcher.getSocket(SocketFetcher.java:243)
	at org.eclipse.angus.mail.smtp.SMTPTransport.openServer(SMTPTransport.java:2193)
	... 197 common frames omitted
2026-05-31 09:29:03.311 WARN  [http-nio-0.0.0.0-8080-exec-4] [83d4f411-c280-4d37-9751-3f46775d2604] p.e.config.LoggingAspect - SERVICE EmailServiceImpl.sendOrderConfirmation - failed (13 ms): Failed to send email
2026-05-31 09:29:03.334 INFO  [http-nio-0.0.0.0-8080-exec-4] [83d4f411-c280-4d37-9751-3f46775d2604] p.e.config.RequestLoggingFilter - HTTP POST /api/orders/19/confirm-payment -> 200 (82 ms) user=admin@shop.com
2026-05-31 09:29:03.527 INFO  [http-nio-0.0.0.0-8080-exec-10] [2c4d5b91-5e3a-4718-88b9-371ee6085e6f] p.e.config.RequestLoggingFilter - HTTP GET /api/cart/summary -> 200 (7 ms) user=admin@shop.com
2026-05-31 09:29:03.675 INFO  [http-nio-0.0.0.0-8080-exec-6] [b4c1ec0f-5511-4ae6-8468-73435e956ad7] p.e.config.RequestLoggingFilter - HTTP GET /api/wishlist/count -> 200 (4 ms) user=admin@shop.com
2026-05-31 09:29:03.689 INFO  [http-nio-0.0.0.0-8080-exec-7] [a7d20c2b-d9e4-4b5a-9560-d7de94f380a1] p.e.config.RequestLoggingFilter - HTTP GET /api/notifications/unread-count -> 200 (4 ms) user=admin@shop.com
2026-05-31 09:29:03.695 INFO  [http-nio-0.0.0.0-8080-exec-5] [cded6be4-ca64-4952-95f9-8b6b847b5b98] p.e.config.RequestLoggingFilter - HTTP GET /api/orders/19 -> 200 (8 ms) user=admin@shop.com
2026-05-31 09:29:03.859 INFO  [http-nio-0.0.0.0-8080-exec-1] [e0b61e90-f7d5-451f-bd3a-e5cb2e6aec1e] p.e.config.RequestLoggingFilter - HTTP GET /api/wishlist/count -> 200 (4 ms) user=admin@shop.com
2026-05-31 09:29:03.862 INFO  [http-nio-0.0.0.0-8080-exec-8] [a5ee1d24-040a-483e-9e8d-6fa60f9f0208] p.e.config.RequestLoggingFilter - HTTP GET /api/cart/summary -> 200 (7 ms) user=admin@shop.com
2026-05-31 09:29:04.159 INFO  [http-nio-0.0.0.0-8080-exec-2] [1d5cf30a-ed8b-4fc4-b154-bb95fe2cd9a4] p.e.config.RequestLoggingFilter - HTTP GET /api/notifications/unread-count -> 200 (4 ms) user=admin@shop.com
2026-05-31 09:29:07.133 INFO  [http-nio-0.0.0.0-8080-exec-3] [2ba8060d-2a99-4954-b6ec-47565f0781d7] p.e.config.RequestLoggingFilter - HTTP GET /api/notifications?page=0&size=20 -> 200 (10 ms) user=admin@shop.com
2026-05-31 09:29:27.480 INFO  [http-nio-0.0.0.0-8080-exec-9] [a41e2acd-ca32-4531-b1b1-1d4b466a2b8c] p.e.config.RequestLoggingFilter - HTTP GET /api/cart/summary -> 200 (6 ms) user=admin@shop.com
2026-05-31 09:29:27.781 INFO  [http-nio-0.0.0.0-8080-exec-4] [3e931965-8567-47e0-8a5b-0c227a9eefa2] p.e.config.RequestLoggingFilter - HTTP GET /api/wishlist/count -> 200 (4 ms) user=admin@shop.com
2026-05-31 09:29:27.781 INFO  [http-nio-0.0.0.0-8080-exec-10] [8457fe63-79a9-4e03-a88e-520ee39d6947] p.e.config.RequestLoggingFilter - HTTP GET /api/notifications/unread-count -> 200 (4 ms) user=admin@shop.com
2026-05-31 09:29:29.698 INFO  [http-nio-0.0.0.0-8080-exec-6] [e2fbbf3a-d099-4a2e-ac20-3adb6f26cf31] p.e.config.RequestLoggingFilter - HTTP PATCH /api/notifications/read-all -> 200 (11 ms) user=admin@shop.com
2026-05-31 09:29:35.107 INFO  [http-nio-0.0.0.0-8080-exec-7] [fd56e060-7a87-4b89-9931-b8618d6d9766] p.e.config.RequestLoggingFilter - HTTP GET /api/notifications?page=0&size=20 -> 200 (7 ms) user=admin@shop.com
2026-05-31 09:29:58.651 INFO  [http-nio-0.0.0.0-8080-exec-1] [40833c0f-282e-4696-acc0-2d1bc89457b5] p.e.config.RequestLoggingFilter - HTTP GET /api/wishlist/count -> 200 (4 ms) user=admin@shop.com
2026-05-31 09:29:58.651 INFO  [http-nio-0.0.0.0-8080-exec-8] [b82a5d9c-7ec0-402e-b511-799541476646] p.e.config.RequestLoggingFilter - HTTP GET /api/notifications/unread-count -> 200 (4 ms) user=admin@shop.com
2026-05-31 09:29:58.653 INFO  [http-nio-0.0.0.0-8080-exec-5] [217bf7bd-96ff-4c37-a700-267ac8434c93] p.e.config.RequestLoggingFilter - HTTP GET /api/cart/summary -> 200 (6 ms) user=admin@shop.com
2026-05-31 09:30:28.342 INFO  [http-nio-0.0.0.0-8080-exec-2] [44ab3280-bd4a-4424-8241-22419b0092e8] p.e.config.RequestLoggingFilter - HTTP GET /api/cart/summary -> 200 (8 ms) user=admin@shop.com
2026-05-31 09:30:28.651 INFO  [http-nio-0.0.0.0-8080-exec-9] [c3c538ca-0c9a-4dbd-a1d7-c3c4afea78c9] p.e.config.RequestLoggingFilter - HTTP GET /api/notifications/unread-count -> 200 (5 ms) user=admin@shop.com
2026-05-31 09:30:28.651 INFO  [http-nio-0.0.0.0-8080-exec-3] [d54f9308-fe67-4618-9d2b-da42ffe5a14c] p.e.config.RequestLoggingFilter - HTTP GET /api/wishlist/count -> 200 (5 ms) user=admin@shop.com
2026-05-31 09:30:43.467 INFO  [http-nio-0.0.0.0-8080-exec-6] [5df2f48f-3d4a-4627-9edb-5f9d426c0ba8] p.e.config.RequestLoggingFilter - HTTP GET /api/notifications/unread-count -> 200 (5 ms) user=admin@shop.com
2026-05-31 09:30:43.467 INFO  [http-nio-0.0.0.0-8080-exec-10] [6845acfc-f5f7-4a34-8e2c-6f0308688117] p.e.config.RequestLoggingFilter - HTTP GET /api/wishlist/count -> 200 (5 ms) user=admin@shop.com
2026-05-31 09:30:43.468 INFO  [http-nio-0.0.0.0-8080-exec-4] [d73a422a-63b7-4dd4-99d7-6b2c2ca00745] p.e.config.RequestLoggingFilter - HTTP GET /api/cart/summary -> 200 (6 ms) user=admin@shop.com
2026-05-31 09:30:43.482 INFO  [http-nio-0.0.0.0-8080-exec-8] [3270f755-cc0a-417a-9929-35e37f6918a6] p.e.config.RequestLoggingFilter - HTTP GET /api/notifications/unread-count -> 200 (4 ms) user=admin@shop.com
2026-05-31 09:30:43.485 INFO  [http-nio-0.0.0.0-8080-exec-1] [5e43c7ce-8d20-412d-af17-345019b6e487] p.e.config.RequestLoggingFilter - HTTP GET /api/wishlist/count -> 200 (5 ms) user=admin@shop.com
2026-05-31 09:30:43.485 INFO  [http-nio-0.0.0.0-8080-exec-7] [f90079a5-3a33-44e5-8268-14cd282f1d2a] p.e.config.RequestLoggingFilter - HTTP GET /api/cart/summary -> 200 (7 ms) user=admin@shop.com
2026-05-31 09:30:45.269 INFO  [http-nio-0.0.0.0-8080-exec-5] [4c4e4de8-bde3-4299-8708-74250903d553] p.e.config.RequestLoggingFilter - HTTP GET /api/notifications?page=0&size=20 -> 200 (8 ms) user=admin@shop.com
2026-05-31 09:30:58.337 INFO  [http-nio-0.0.0.0-8080-exec-2] [2fd37b0d-509f-480b-97cf-0941c4298240] p.e.config.RequestLoggingFilter - HTTP GET /api/cart/summary -> 200 (6 ms) user=admin@shop.com
2026-05-31 09:30:58.650 INFO  [http-nio-0.0.0.0-8080-exec-9] [09304768-f306-4df0-8e24-a4c181b0b176] p.e.config.RequestLoggingFilter - HTTP GET /api/wishlist/count -> 200 (6 ms) user=admin@shop.com
2026-05-31 09:30:58.650 INFO  [http-nio-0.0.0.0-8080-exec-3] [7fe9bbe9-2278-4397-a203-f0fad6b6ba9e] p.e.config.RequestLoggingFilter - HTTP GET /api/notifications/unread-count -> 200 (6 ms) user=admin@shop.com
2026-05-31 09:31:03.422 INFO  [http-nio-0.0.0.0-8080-exec-10] [b5f38cf5-6360-46db-8e5a-5ff3539e67b3] p.e.config.RequestLoggingFilter - HTTP GET /api/wishlist/count -> 200 (5 ms) user=admin@shop.com
2026-05-31 09:31:03.422 INFO  [http-nio-0.0.0.0-8080-exec-4] [dfa5f765-07cb-4684-a485-3f0a6451230f] p.e.config.RequestLoggingFilter - HTTP GET /api/notifications/unread-count -> 200 (5 ms) user=admin@shop.com
2026-05-31 09:31:03.426 INFO  [http-nio-0.0.0.0-8080-exec-6] [7441310d-9caa-4a36-a8bb-949b2e49dfbf] p.e.config.RequestLoggingFilter - HTTP GET /api/cart/summary -> 200 (9 ms) user=admin@shop.com
2026-05-31 09:31:03.443 INFO  [http-nio-0.0.0.0-8080-exec-7] [bf4603b8-6cac-40ef-bb3b-01f8e08b491f] p.e.config.RequestLoggingFilter - HTTP GET /api/wishlist/count -> 200 (6 ms) user=admin@shop.com
2026-05-31 09:31:03.445 INFO  [http-nio-0.0.0.0-8080-exec-8] [67457f0a-c41e-4f06-8557-4e3f6e4d7d1e] p.e.config.RequestLoggingFilter - HTTP GET /api/cart/summary -> 200 (8 ms) user=admin@shop.com
2026-05-31 09:31:03.445 INFO  [http-nio-0.0.0.0-8080-exec-1] [ca5ed0f0-313c-4b25-a16c-01ee55ec0258] p.e.config.RequestLoggingFilter - HTTP GET /api/notifications/unread-count -> 200 (5 ms) user=admin@shop.com
2026-05-31 09:31:05.346 INFO  [http-nio-0.0.0.0-8080-exec-2] [7b277970-74cd-409f-b02b-ddcd7eea540d] p.e.config.RequestLoggingFilter - HTTP GET /api/wishlist/count -> 200 (5 ms) user=admin@shop.com
2026-05-31 09:31:05.346 INFO  [http-nio-0.0.0.0-8080-exec-9] [09c41610-dda3-4ac8-a054-b157e52bc132] p.e.config.RequestLoggingFilter - HTTP GET /api/notifications/unread-count -> 200 (5 ms) user=admin@shop.com
2026-05-31 09:31:05.349 INFO  [http-nio-0.0.0.0-8080-exec-5] [5328673e-2e90-4e58-8831-4af4a93cbc98] p.e.config.RequestLoggingFilter - HTTP GET /api/cart/summary -> 200 (8 ms) user=admin@shop.com
2026-05-31 09:31:05.371 INFO  [http-nio-0.0.0.0-8080-exec-4] [569410ae-5320-40d4-b668-bfe1935a85b9] p.e.config.RequestLoggingFilter - HTTP GET /api/notifications/unread-count -> 200 (8 ms) user=admin@shop.com
2026-05-31 09:31:05.371 INFO  [http-nio-0.0.0.0-8080-exec-10] [a0fd2da5-0987-4cc3-b2e8-59964d4cf420] p.e.config.RequestLoggingFilter - HTTP GET /api/wishlist/count -> 200 (8 ms) user=admin@shop.com
2026-05-31 09:31:05.373 INFO  [http-nio-0.0.0.0-8080-exec-3] [52516d1d-a8b7-41d3-b192-40c4b74657e1] p.e.config.RequestLoggingFilter - HTTP GET /api/cart/summary -> 200 (10 ms) user=admin@shop.com
2026-05-31 09:31:13.799 INFO  [http-nio-0.0.0.0-8080-exec-7] [e9eb6855-2184-41ab-a312-9640d3ebc144] p.e.config.RequestLoggingFilter - HTTP GET /api/wishlist/count -> 200 (7 ms) user=admin@shop.com
2026-05-31 09:31:13.799 INFO  [http-nio-0.0.0.0-8080-exec-1] [7ebc0296-ed7f-4aee-b2a0-7db4342f7290] p.e.config.RequestLoggingFilter - HTTP GET /api/notifications/unread-count -> 200 (7 ms) user=admin@shop.com
2026-05-31 09:31:13.803 INFO  [http-nio-0.0.0.0-8080-exec-6] [bc14dd17-3970-49bb-ba39-bfab5817731c] p.e.config.RequestLoggingFilter - HTTP GET /api/cart/summary -> 200 (11 ms) user=admin@shop.com
2026-05-31 09:31:13.819 INFO  [http-nio-0.0.0.0-8080-exec-2] [1da33b81-4c08-4a2b-b296-7ac76872327f] p.e.config.RequestLoggingFilter - HTTP GET /api/notifications/unread-count -> 200 (6 ms) user=admin@shop.com
2026-05-31 09:31:13.819 INFO  [http-nio-0.0.0.0-8080-exec-9] [d0d70296-29a6-4394-9583-7f04ccfb20c0] p.e.config.RequestLoggingFilter - HTTP GET /api/wishlist/count -> 200 (5 ms) user=admin@shop.com
2026-05-31 09:31:13.822 INFO  [http-nio-0.0.0.0-8080-exec-8] [16d3856f-ca5e-4d97-bd1e-018f41c4ab21] p.e.config.RequestLoggingFilter - HTTP GET /api/cart/summary -> 200 (10 ms) user=admin@shop.com
2026-05-31 09:31:28.672 INFO  [http-nio-0.0.0.0-8080-exec-10] [895d964f-33aa-4e88-9cf6-9804d518ed01] p.e.config.RequestLoggingFilter - HTTP GET /api/notifications/unread-count -> 200 (7 ms) user=admin@shop.com
2026-05-31 09:31:28.672 INFO  [http-nio-0.0.0.0-8080-exec-4] [133a9ea4-ff9d-4cec-a745-78a7a07db130] p.e.config.RequestLoggingFilter - HTTP GET /api/wishlist/count -> 200 (7 ms) user=admin@shop.com
2026-05-31 09:31:28.675 INFO  [http-nio-0.0.0.0-8080-exec-5] [904b2368-db6a-4796-8a15-1243ace425dd] p.e.config.RequestLoggingFilter - HTTP GET /api/cart/summary -> 200 (10 ms) user=admin@shop.com
2026-05-31 09:31:58.354 INFO  [http-nio-0.0.0.0-8080-exec-3] [189bc8c4-c604-46b6-930a-47398f98419c] p.e.config.RequestLoggingFilter - HTTP GET /api/cart/summary -> 200 (8 ms) user=admin@shop.com
2026-05-31 09:31:58.659 INFO  [http-nio-0.0.0.0-8080-exec-7] [22c56456-6439-4795-a55a-b64f9cbcbb36] p.e.config.RequestLoggingFilter - HTTP GET /api/notifications/unread-count -> 200 (5 ms) user=admin@shop.com
2026-05-31 09:31:58.659 INFO  [http-nio-0.0.0.0-8080-exec-1] [d098fff4-22ba-4d04-83f2-04912b79235e] p.e.config.RequestLoggingFilter - HTTP GET /api/wishlist/count -> 200 (5 ms) user=admin@shop.com
2026-05-31 09:32:25.383 INFO  [http-nio-0.0.0.0-8080-exec-6] [6acedf65-e68f-46ac-868b-bee4f5eea300] p.e.config.RequestLoggingFilter - HTTP GET /api/cart/summary -> 200 (6 ms) user=admin@shop.com
2026-05-31 09:32:25.493 INFO  [http-nio-0.0.0.0-8080-exec-9] [f5171957-8e6f-4154-99d9-06f16ff82c41] p.e.config.RequestLoggingFilter - HTTP GET /api/wishlist/count -> 200 (5 ms) user=admin@shop.com
2026-05-31 09:32:25.696 INFO  [http-nio-0.0.0.0-8080-exec-2] [70193aba-7a97-44f1-93f6-8c83b65f4856] p.e.config.RequestLoggingFilter - HTTP GET /api/notifications/unread-count -> 200 (5 ms) user=admin@shop.com
2026-05-31 09:32:56.346 INFO  [http-nio-0.0.0.0-8080-exec-8] [0b710fb4-c153-46bc-bd61-f9d9989d3b73] p.e.config.RequestLoggingFilter - HTTP GET /api/cart/summary -> 200 (7 ms) user=admin@shop.com
2026-05-31 09:32:56.656 INFO  [http-nio-0.0.0.0-8080-exec-4] [cc900e95-93d2-4d44-ac64-c162305db45c] p.e.config.RequestLoggingFilter - HTTP GET /api/notifications/unread-count -> 200 (7 ms) user=admin@shop.com
2026-05-31 09:32:56.657 INFO  [http-nio-0.0.0.0-8080-exec-10] [5b02842c-1d3c-46e6-9e73-59e85fa726f3] p.e.config.RequestLoggingFilter - HTTP GET /api/wishlist/count -> 200 (6 ms) user=admin@shop.com
2026-05-31 09:33:13.052 INFO  [http-nio-0.0.0.0-8080-exec-5] [33126fe9-795b-4aa0-b9d8-71fe7de03bd2] p.e.config.RequestLoggingFilter - HTTP GET /api/auth/me -> 200 (6 ms) user=admin@shop.com
2026-05-31 09:33:13.310 INFO  [http-nio-0.0.0.0-8080-exec-7] [fc68cd6d-b64c-4ad6-834f-4a72ffc5695d] p.e.config.RequestLoggingFilter - HTTP GET /api/wishlist/count -> 200 (7 ms) user=admin@shop.com
2026-05-31 09:33:13.313 INFO  [http-nio-0.0.0.0-8080-exec-3] [55862a81-80b3-4a75-ad5e-273c028c45f3] p.e.config.RequestLoggingFilter - HTTP GET /api/cart/summary -> 200 (10 ms) user=admin@shop.com
2026-05-31 09:33:13.611 INFO  [http-nio-0.0.0.0-8080-exec-1] [89a84774-4b57-4c27-915c-53ba7b3c79e9] p.e.config.RequestLoggingFilter - HTTP GET /api/notifications/unread-count -> 200 (5 ms) user=admin@shop.com
2026-05-31 09:33:13.616 INFO  [http-nio-0.0.0.0-8080-exec-6] [84718268-6919-46d0-b7f3-b196acac2198] p.e.config.RequestLoggingFilter - HTTP GET /api/orders/19 -> 200 (13 ms) user=admin@shop.com
2026-05-31 09:33:43.380 INFO  [http-nio-0.0.0.0-8080-exec-9] [e9952106-2092-4a4a-88e1-06d81480cf3b] p.e.config.RequestLoggingFilter - HTTP GET /api/cart/summary -> 200 (8 ms) user=admin@shop.com
2026-05-31 09:33:43.687 INFO  [http-nio-0.0.0.0-8080-exec-2] [01750460-8385-4aae-b653-83a6bc314342] p.e.config.RequestLoggingFilter - HTTP GET /api/wishlist/count -> 200 (6 ms) user=admin@shop.com
2026-05-31 09:33:43.687 INFO  [http-nio-0.0.0.0-8080-exec-8] [ae6580c1-6285-4eff-a62c-4a99f2537963] p.e.config.RequestLoggingFilter - HTTP GET /api/notifications/unread-count -> 200 (6 ms) user=admin@shop.com
2026-05-31 09:34:13.650 INFO  [http-nio-0.0.0.0-8080-exec-10] [0b6ed392-dc69-485c-a69d-b17321c8bb0e] p.e.config.RequestLoggingFilter - HTTP GET /api/wishlist/count -> 200 (6 ms) user=admin@shop.com
2026-05-31 09:34:13.650 INFO  [http-nio-0.0.0.0-8080-exec-5] [5f64d19b-e554-4d96-860a-ac40c85b2725] p.e.config.RequestLoggingFilter - HTTP GET /api/notifications/unread-count -> 200 (6 ms) user=admin@shop.com
2026-05-31 09:34:13.652 INFO  [http-nio-0.0.0.0-8080-exec-4] [61074add-dd06-4799-b9f8-679b9ad3676b] p.e.config.RequestLoggingFilter - HTTP GET /api/cart/summary -> 200 (8 ms) user=admin@shop.com
2026-05-31 09:34:19.361 INFO  [http-nio-0.0.0.0-8080-exec-7] [7f20e61d-e410-4a94-a655-96edf3c709cf] p.e.config.RequestLoggingFilter - HTTP GET /api/cart/summary -> 200 (7 ms) user=admin@shop.com
2026-05-31 09:34:19.671 INFO  [http-nio-0.0.0.0-8080-exec-3] [a5f2b738-1008-499c-a81b-44bf9c143dba] p.e.config.RequestLoggingFilter - HTTP GET /api/wishlist/count -> 200 (5 ms) user=admin@shop.com
2026-05-31 09:34:19.671 INFO  [http-nio-0.0.0.0-8080-exec-1] [6bc052b6-8a4b-4689-9b31-ebbacc6d5e18] p.e.config.RequestLoggingFilter - HTTP GET /api/notifications/unread-count -> 200 (5 ms) user=admin@shop.com
2026-05-31 09:34:50.661 INFO  [http-nio-0.0.0.0-8080-exec-2] [90619dfe-6c63-4540-ac38-c0b1ff137036] p.e.config.RequestLoggingFilter - HTTP GET /api/notifications/unread-count -> 200 (6 ms) user=admin@shop.com
2026-05-31 09:34:50.661 INFO  [http-nio-0.0.0.0-8080-exec-9] [c18f3a91-3c3b-4425-8d88-565368616f23] p.e.config.RequestLoggingFilter - HTTP GET /api/wishlist/count -> 200 (6 ms) user=admin@shop.com
2026-05-31 09:34:50.664 INFO  [http-nio-0.0.0.0-8080-exec-6] [ad6a7235-2a8a-467c-95f7-1f76e0417b66] p.e.config.RequestLoggingFilter - HTTP GET /api/cart/summary -> 200 (9 ms) user=admin@shop.com
2026-05-31 09:34:59.014 INFO  [main] [no-request] p.e.ECommerceBackendApplicationTests - Starting ECommerceBackendApplicationTests using Java 17.0.8 with PID 32776 (started by God -01.11 in C:\Users\God -01.11\Desktop\e-commerce-backend - codex)
2026-05-31 09:34:59.020 INFO  [main] [no-request] p.e.ECommerceBackendApplicationTests - The following 1 profile is active: "test"
2026-05-31 09:35:11.978 INFO  [main] [no-request] o.s.s.c.a.a.c.InitializeAuthenticationProviderBeanManagerConfigurer$InitializeAuthenticationProviderManagerConfigurer - Global AuthenticationManager configured with AuthenticationProvider bean with name authenticationProvider
2026-05-31 09:35:11.981 WARN  [main] [no-request] o.s.s.c.a.a.c.InitializeUserDetailsBeanManagerConfigurer$InitializeUserDetailsManagerConfigurer - Global AuthenticationManager configured with an AuthenticationProvider bean. UserDetailsService beans will not be used by Spring Security for automatically configuring username/password login. Consider removing the AuthenticationProvider bean. Alternatively, consider using the UserDetailsService in a manually instantiated DaoAuthenticationProvider. If the current configuration is intentional, to turn off this warning, increase the logging level of 'org.springframework.security.config.annotation.authentication.configuration.InitializeUserDetailsBeanManagerConfigurer' to ERROR
2026-05-31 09:35:15.133 INFO  [main] [no-request] p.e.ECommerceBackendApplicationTests - Started ECommerceBackendApplicationTests in 16.99 seconds (process running for 19.287)
2026-05-31 09:35:15.212 INFO  [main] [no-request] p.ecommercebackend.config.DataSeeder - Running database seed checks...
2026-05-31 09:35:15.975 INFO  [main] [no-request] p.ecommercebackend.config.DataSeeder - Default shop settings seeded (low stock threshold: 10)
2026-05-31 09:35:16.049 WARN  [main] [no-request] p.ecommercebackend.config.MailConfig - Email delivery DISABLED — set MAIL_ENABLED=true and run MailHog (docker compose up -d mailhog)
2026-05-31 09:35:17.283 INFO  [main] [no-request] p.e.service.impl.OrderServiceImpl - Checkout initiated orderId=1 userId=2 subtotal=50.00 total=60.47 devMode=true
2026-05-31 09:35:17.436 INFO  [main] [no-request] p.e.service.impl.OrderServiceImpl - Order fulfilled orderId=1 userId=2 total=60.47 itemCount=1
2026-05-31 09:35:17.450 INFO  [main] [no-request] p.e.service.impl.EmailServiceImpl - Mail disabled - order confirmation for customer@example.com (order #1):
<html><body style="font-family:Segoe UI,sans-serif;color:#1a2332;">
<h2>Thank you for your order, Test!</h2>
<p>Your payment was received. Order <strong>#1</strong> is confirmed.</p>
<p><strong>Placed:</strong> May 31, 2026 09:35</p>
<h3>Shipping to</h3>
<p>123 Test Street<br>Test City, 12345<br>USA</p>
<h3>Items</h3>
<table border="1" cellpadding="8" cellspacing="0" style="border-collapse:collapse;">
<tr><th>Product</th><th>Qty</th><th>Total</th></tr>
<tr><td>Limited Product</td><td>2</td><td>$50.00</td></tr>
</table>
<p style="margin-top:16px;"><strong>Order total: $60.47</strong></p>
<p style="color:#64748b;font-size:14px;">ShopVerse - happy shopping!</p>
</body></html>

2026-05-31 09:35:17.484 INFO  [main] [no-request] p.e.service.impl.OrderServiceImpl - Payment confirmation ignored for already confirmed orderId=1
2026-05-31 09:35:20.351 INFO  [http-nio-0.0.0.0-8080-exec-8] [11bd634b-df47-4d7a-b3f8-0a665ba1f57a] p.e.config.RequestLoggingFilter - HTTP GET /api/cart/summary -> 200 (7 ms) user=admin@shop.com
2026-05-31 09:35:20.664 INFO  [http-nio-0.0.0.0-8080-exec-10] [741af26f-39f9-49d0-905e-fbc1d72858c4] p.e.config.RequestLoggingFilter - HTTP GET /api/wishlist/count -> 200 (7 ms) user=admin@shop.com
2026-05-31 09:35:20.664 INFO  [http-nio-0.0.0.0-8080-exec-5] [93af17fa-9d68-41d8-a993-a57c018ddb6b] p.e.config.RequestLoggingFilter - HTTP GET /api/notifications/unread-count -> 200 (7 ms) user=admin@shop.com
2026-05-31 09:35:50.651 INFO  [http-nio-0.0.0.0-8080-exec-3] [2bc75a78-aa05-4294-aed6-50f1a14a6f02] p.e.config.RequestLoggingFilter - HTTP GET /api/notifications/unread-count -> 200 (10 ms) user=admin@shop.com
2026-05-31 09:35:50.651 INFO  [http-nio-0.0.0.0-8080-exec-7] [23cabf1f-8bf6-4e6c-9da7-867730dabb8d] p.e.config.RequestLoggingFilter - HTTP GET /api/wishlist/count -> 200 (10 ms) user=admin@shop.com
2026-05-31 09:35:50.653 INFO  [http-nio-0.0.0.0-8080-exec-4] [d33aafca-7935-452c-a764-d4cc9af6fe3c] p.e.config.RequestLoggingFilter - HTTP GET /api/cart/summary -> 200 (12 ms) user=admin@shop.com
2026-05-31 09:36:20.343 INFO  [http-nio-0.0.0.0-8080-exec-1] [95524665-84ca-478d-a4c2-18aaed032c87] p.e.config.RequestLoggingFilter - HTTP GET /api/cart/summary -> 200 (5 ms) user=admin@shop.com
2026-05-31 09:36:20.652 INFO  [http-nio-0.0.0.0-8080-exec-2] [303343d4-b67a-494f-a43b-17fa5224e72e] p.e.config.RequestLoggingFilter - HTTP GET /api/wishlist/count -> 200 (4 ms) user=admin@shop.com
2026-05-31 09:36:20.655 INFO  [http-nio-0.0.0.0-8080-exec-9] [f03de808-72fb-4f2e-8a53-edbf6f571254] p.e.config.RequestLoggingFilter - HTTP GET /api/notifications/unread-count -> 200 (5 ms) user=admin@shop.com
2026-05-31 09:36:50.647 INFO  [http-nio-0.0.0.0-8080-exec-8] [5e86d843-02b7-47c0-b69c-c0899d0659ff] p.e.config.RequestLoggingFilter - HTTP GET /api/wishlist/count -> 200 (3 ms) user=admin@shop.com
2026-05-31 09:36:50.647 INFO  [http-nio-0.0.0.0-8080-exec-10] [1c67b8d5-93ca-4719-b6d5-142a82120197] p.e.config.RequestLoggingFilter - HTTP GET /api/notifications/unread-count -> 200 (3 ms) user=admin@shop.com
2026-05-31 09:36:50.649 INFO  [http-nio-0.0.0.0-8080-exec-6] [0b780593-a682-4c83-85b4-d95ac1239612] p.e.config.RequestLoggingFilter - HTTP GET /api/cart/summary -> 200 (5 ms) user=admin@shop.com
2026-05-31 09:37:24.171 INFO  [SpringApplicationShutdownHook] [no-request] o.s.boot.tomcat.GracefulShutdown - Commencing graceful shutdown. Waiting for active requests to complete
2026-05-31 09:37:25.133 INFO  [tomcat-shutdown] [no-request] o.s.boot.tomcat.GracefulShutdown - Graceful shutdown complete
2026-05-31 09:37:25.144 INFO  [SpringApplicationShutdownHook] [no-request] o.s.o.j.LocalContainerEntityManagerFactoryBean - Closing JPA EntityManagerFactory for persistence unit 'default'
2026-05-31 09:37:25.147 INFO  [SpringApplicationShutdownHook] [no-request] com.zaxxer.hikari.HikariDataSource - HikariPool-1 - Shutdown initiated...
2026-05-31 09:37:25.150 INFO  [SpringApplicationShutdownHook] [no-request] com.zaxxer.hikari.HikariDataSource - HikariPool-1 - Shutdown completed.
2026-05-31 09:37:32.209 INFO  [main] [no-request] p.e.ECommerceBackendApplication - Starting ECommerceBackendApplication using Java 19.0.2 with PID 22344 (C:\Users\God -01.11\Desktop\e-commerce-backend - codex\target\classes started by God -01.11 in C:\Users\God -01.11\Desktop\e-commerce-backend - codex)
2026-05-31 09:37:32.213 INFO  [main] [no-request] p.e.ECommerceBackendApplication - No active profile set, falling back to 1 default profile: "default"
2026-05-31 09:37:34.808 INFO  [main] [no-request] o.s.d.r.c.RepositoryConfigurationDelegate - Bootstrapping Spring Data JPA repositories in DEFAULT mode.
2026-05-31 09:37:34.911 INFO  [main] [no-request] o.s.d.r.c.RepositoryConfigurationDelegate - Finished Spring Data repository scanning in 93 ms. Found 14 JPA repository interfaces.
2026-05-31 09:37:36.125 INFO  [main] [no-request] o.s.boot.tomcat.TomcatWebServer - Tomcat initialized with port 8080 (http)
2026-05-31 09:37:36.138 INFO  [main] [no-request] o.a.catalina.core.StandardService - Starting service [Tomcat]
2026-05-31 09:37:36.138 INFO  [main] [no-request] o.a.catalina.core.StandardEngine - Starting Servlet engine: [Apache Tomcat/11.0.21]
2026-05-31 09:37:36.210 INFO  [main] [no-request] o.s.b.w.c.s.WebApplicationContextInitializer - Root WebApplicationContext: initialization completed in 3929 ms
2026-05-31 09:37:36.514 INFO  [main] [no-request] org.hibernate.orm.jpa - HHH008540: Processing PersistenceUnitInfo [name: default]
2026-05-31 09:37:36.573 INFO  [main] [no-request] org.hibernate.orm.core - HHH000001: Hibernate ORM core version 7.2.12.Final
2026-05-31 09:37:37.128 INFO  [main] [no-request] o.s.o.j.p.SpringPersistenceUnitInfo - No LoadTimeWeaver setup: ignoring JPA class transformer
2026-05-31 09:37:37.165 INFO  [main] [no-request] com.zaxxer.hikari.HikariDataSource - HikariPool-1 - Starting...
2026-05-31 09:37:37.361 INFO  [main] [no-request] com.zaxxer.hikari.pool.HikariPool - HikariPool-1 - Added connection org.postgresql.jdbc.PgConnection@c19bb2a
2026-05-31 09:37:37.362 INFO  [main] [no-request] com.zaxxer.hikari.HikariDataSource - HikariPool-1 - Start completed.
2026-05-31 09:37:37.442 INFO  [main] [no-request] o.hibernate.orm.connections.pooling - HHH10001005: Database info:
	Database JDBC URL [jdbc:postgresql://localhost:5432/ecommerce]
	Database driver: PostgreSQL JDBC Driver
	Database dialect: PostgreSQLDialect
	Database version: 16.2
	Default catalog/schema: ecommerce/public
	Autocommit mode: undefined/unknown
	Isolation level: READ_COMMITTED [default READ_COMMITTED]
	JDBC fetch size: none
	Pool: DataSourceConnectionProvider
	Minimum pool size: undefined/unknown
	Maximum pool size: undefined/unknown
2026-05-31 09:37:39.533 INFO  [main] [no-request] org.hibernate.orm.core - HHH000489: No JTA platform available (set 'hibernate.transaction.jta.platform' to enable JTA platform integration)
2026-05-31 09:37:39.669 INFO  [main] [no-request] o.s.o.j.LocalContainerEntityManagerFactoryBean - Initialized JPA EntityManagerFactory for persistence unit 'default'
2026-05-31 09:37:39.762 INFO  [main] [no-request] o.s.d.j.r.q.QueryEnhancerFactories - Hibernate is in classpath; If applicable, HQL parser will be used.
2026-05-31 09:37:41.811 INFO  [main] [no-request] o.s.s.c.a.a.c.InitializeAuthenticationProviderBeanManagerConfigurer$InitializeAuthenticationProviderManagerConfigurer - Global AuthenticationManager configured with AuthenticationProvider bean with name authenticationProvider
2026-05-31 09:37:41.812 WARN  [main] [no-request] o.s.s.c.a.a.c.InitializeUserDetailsBeanManagerConfigurer$InitializeUserDetailsManagerConfigurer - Global AuthenticationManager configured with an AuthenticationProvider bean. UserDetailsService beans will not be used by Spring Security for automatically configuring username/password login. Consider removing the AuthenticationProvider bean. Alternatively, consider using the UserDetailsService in a manually instantiated DaoAuthenticationProvider. If the current configuration is intentional, to turn off this warning, increase the logging level of 'org.springframework.security.config.annotation.authentication.configuration.InitializeUserDetailsBeanManagerConfigurer' to ERROR
2026-05-31 09:37:43.533 INFO  [main] [no-request] o.s.b.a.e.web.EndpointLinksResolver - Exposing 1 endpoint beneath base path '/actuator'
2026-05-31 09:37:43.650 INFO  [main] [no-request] o.s.boot.tomcat.TomcatWebServer - Tomcat started on port 8080 (http) with context path '/'
2026-05-31 09:37:43.660 INFO  [main] [no-request] p.e.ECommerceBackendApplication - Started ECommerceBackendApplication in 12.33 seconds (process running for 13.759)
2026-05-31 09:37:43.668 INFO  [main] [no-request] p.ecommercebackend.config.MailConfig - Email delivery ENABLED — SMTP localhost:1025 (view MailHog UI at http://localhost:8025)
2026-05-31 09:37:43.668 INFO  [main] [no-request] p.ecommercebackend.config.DataSeeder - Running database seed checks...
2026-05-31 09:37:44.494 INFO  [RMI TCP Connection(5)-172.23.0.1] [no-request] o.a.c.c.C.[Tomcat].[localhost].[/] - Initializing Spring DispatcherServlet 'dispatcherServlet'
2026-05-31 09:37:44.495 INFO  [RMI TCP Connection(5)-172.23.0.1] [no-request] o.s.web.servlet.DispatcherServlet - Initializing Servlet 'dispatcherServlet'
2026-05-31 09:37:44.500 INFO  [RMI TCP Connection(5)-172.23.0.1] [no-request] o.s.web.servlet.DispatcherServlet - Completed initialization in 5 ms
2026-05-31 09:37:44.577 WARN  [RMI TCP Connection(6)-172.23.0.1] [no-request] o.s.b.m.health.MailHealthIndicator - Mail health check failed
org.eclipse.angus.mail.util.MailConnectException: Couldn't connect to host, port: localhost, 1025; timeout -1;
  nested exception is:
	java.net.ConnectException: Connection refused: connect
	at org.eclipse.angus.mail.smtp.SMTPTransport.openServer(SMTPTransport.java:2243)
	at org.eclipse.angus.mail.smtp.SMTPTransport.protocolConnect(SMTPTransport.java:729)
	at jakarta.mail.Service.connect(Service.java:345)
	at org.springframework.mail.javamail.JavaMailSenderImpl.connectTransport(JavaMailSenderImpl.java:467)
	at org.springframework.mail.javamail.JavaMailSenderImpl.testConnection(JavaMailSenderImpl.java:347)
	at org.springframework.boot.mail.health.MailHealthIndicator.doHealthCheck(MailHealthIndicator.java:52)
	at org.springframework.boot.health.contributor.AbstractHealthIndicator.health(AbstractHealthIndicator.java:80)
	at org.springframework.boot.health.contributor.HealthIndicator.health(HealthIndicator.java:37)
	at org.springframework.boot.health.actuate.endpoint.Contributor$Blocking.getDescriptor(Contributor.java:148)
	at org.springframework.boot.health.actuate.endpoint.Contributor$Blocking.getDescriptor(Contributor.java:126)
	at org.springframework.boot.health.actuate.endpoint.HealthEndpointSupport.getDescriptorAndLogIfSlow(HealthEndpointSupport.java:172)
	at org.springframework.boot.health.actuate.endpoint.HealthEndpointSupport.getDescriptor(HealthEndpointSupport.java:145)
	at org.springframework.boot.health.actuate.endpoint.HealthEndpointSupport.getAggregateDescriptor(HealthEndpointSupport.java:157)
	at org.springframework.boot.health.actuate.endpoint.HealthEndpointSupport.getDescriptor(HealthEndpointSupport.java:141)
	at org.springframework.boot.health.actuate.endpoint.HealthEndpointSupport.getResult(HealthEndpointSupport.java:110)
	at org.springframework.boot.health.actuate.endpoint.HealthEndpointSupport.getResult(HealthEndpointSupport.java:82)
	at org.springframework.boot.health.actuate.endpoint.HealthEndpoint.health(HealthEndpoint.java:80)
	at org.springframework.boot.health.actuate.endpoint.HealthEndpoint.health(HealthEndpoint.java:70)
	at java.base/jdk.internal.reflect.DirectMethodHandleAccessor.invoke(DirectMethodHandleAccessor.java:104)
	at java.base/java.lang.reflect.Method.invoke(Method.java:578)
	at org.springframework.util.ReflectionUtils.invokeMethod(ReflectionUtils.java:281)
	at org.springframework.boot.actuate.endpoint.invoke.reflect.ReflectiveOperationInvoker.invoke(ReflectiveOperationInvoker.java:76)
	at org.springframework.boot.actuate.endpoint.annotation.AbstractDiscoveredOperation.invoke(AbstractDiscoveredOperation.java:62)
	at org.springframework.boot.actuate.endpoint.jmx.EndpointMBean.invoke(EndpointMBean.java:127)
	at org.springframework.boot.actuate.endpoint.jmx.EndpointMBean.invoke(EndpointMBean.java:99)
	at java.management/com.sun.jmx.interceptor.DefaultMBeanServerInterceptor.invoke(DefaultMBeanServerInterceptor.java:809)
	at java.management/com.sun.jmx.mbeanserver.JmxMBeanServer.invoke(JmxMBeanServer.java:802)
	at java.management.rmi/javax.management.remote.rmi.RMIConnectionImpl.doOperation(RMIConnectionImpl.java:1472)
	at java.management.rmi/javax.management.remote.rmi.RMIConnectionImpl$PrivilegedOperation.run(RMIConnectionImpl.java:1310)
	at java.management.rmi/javax.management.remote.rmi.RMIConnectionImpl.doPrivilegedOperation(RMIConnectionImpl.java:1405)
	at java.management.rmi/javax.management.remote.rmi.RMIConnectionImpl.invoke(RMIConnectionImpl.java:829)
	at java.base/jdk.internal.reflect.DirectMethodHandleAccessor.invoke(DirectMethodHandleAccessor.java:104)
	at java.base/java.lang.reflect.Method.invoke(Method.java:578)
	at java.rmi/sun.rmi.server.UnicastServerRef.dispatch(UnicastServerRef.java:360)
	at java.rmi/sun.rmi.transport.Transport$1.run(Transport.java:200)
	at java.rmi/sun.rmi.transport.Transport$1.run(Transport.java:197)
	at java.base/java.security.AccessController.doPrivileged(AccessController.java:712)
	at java.rmi/sun.rmi.transport.Transport.serviceCall(Transport.java:196)
	at java.rmi/sun.rmi.transport.tcp.TCPTransport.handleMessages(TCPTransport.java:598)
	at java.rmi/sun.rmi.transport.tcp.TCPTransport$ConnectionHandler.run0(TCPTransport.java:844)
	at java.rmi/sun.rmi.transport.tcp.TCPTransport$ConnectionHandler.lambda$run$0(TCPTransport.java:721)
	at java.base/java.security.AccessController.doPrivileged(AccessController.java:399)
	at java.rmi/sun.rmi.transport.tcp.TCPTransport$ConnectionHandler.run(TCPTransport.java:720)
	at java.base/java.util.concurrent.ThreadPoolExecutor.runWorker(ThreadPoolExecutor.java:1144)
	at java.base/java.util.concurrent.ThreadPoolExecutor$Worker.run(ThreadPoolExecutor.java:642)
	at java.base/java.lang.Thread.run(Thread.java:1589)
Caused by: java.net.ConnectException: Connection refused: connect
	at java.base/sun.nio.ch.Net.connect0(Native Method)
	at java.base/sun.nio.ch.Net.connect(Net.java:579)
	at java.base/sun.nio.ch.Net.connect(Net.java:568)
	at java.base/sun.nio.ch.NioSocketImpl.connect(NioSocketImpl.java:576)
	at java.base/java.net.SocksSocketImpl.connect(SocksSocketImpl.java:327)
	at java.base/java.net.Socket.connect(Socket.java:666)
	at java.base/java.net.Socket.connect(Socket.java:600)
	at org.eclipse.angus.mail.util.SocketFetcher.createSocket(SocketFetcher.java:368)
	at org.eclipse.angus.mail.util.SocketFetcher.getSocket(SocketFetcher.java:243)
	at org.eclipse.angus.mail.smtp.SMTPTransport.openServer(SMTPTransport.java:2193)
	... 45 common frames omitted
2026-05-31 09:37:47.303 INFO  [http-nio-0.0.0.0-8080-exec-1] [bc519359-00a4-4a85-9f48-f95c076293f3] p.e.config.RequestLoggingFilter - HTTP GET /api/categories -> 200 (149 ms) user=admin@shop.com
2026-05-31 09:37:47.304 INFO  [http-nio-0.0.0.0-8080-exec-4] [f7c91cd4-5e76-463f-ada4-2eaec7107240] p.e.config.RequestLoggingFilter - HTTP GET /api/auth/me -> 200 (150 ms) user=admin@shop.com
2026-05-31 09:37:47.382 INFO  [http-nio-0.0.0.0-8080-exec-5] [efb665d3-cacf-479e-8df0-4d5223695cb5] p.e.config.RequestLoggingFilter - HTTP GET /api/wishlist/count -> 200 (23 ms) user=admin@shop.com
2026-05-31 09:37:47.388 INFO  [http-nio-0.0.0.0-8080-exec-6] [a3e93602-6ccd-4d44-84b2-abc9845e7c12] p.e.config.RequestLoggingFilter - HTTP GET /api/notifications/unread-count -> 200 (20 ms) user=admin@shop.com
2026-05-31 09:37:47.427 INFO  [http-nio-0.0.0.0-8080-exec-3] [20f9568e-7801-4815-8fc9-0ce1d4af4e74] p.e.config.RequestLoggingFilter - HTTP GET /api/cart/summary -> 200 (69 ms) user=admin@shop.com
2026-05-31 09:37:47.444 INFO  [http-nio-0.0.0.0-8080-exec-2] [a67ffef1-5316-4530-b0e4-cc49a5ad8821] p.e.config.RequestLoggingFilter - HTTP GET /api/products?page=0&size=12&sort=name%2Casc -> 200 (290 ms) user=admin@shop.com
2026-05-31 09:37:47.758 INFO  [http-nio-0.0.0.0-8080-exec-9] [b3eb74df-3207-4b27-b3e8-55947a0c8318] p.e.config.RequestLoggingFilter - HTTP GET /api/notifications/unread-count -> 200 (9 ms) user=admin@shop.com
2026-05-31 09:37:47.758 INFO  [http-nio-0.0.0.0-8080-exec-8] [21f4b522-0903-4c6f-add3-596d64185f7c] p.e.config.RequestLoggingFilter - HTTP GET /api/wishlist/count -> 200 (9 ms) user=admin@shop.com
2026-05-31 09:37:47.764 INFO  [http-nio-0.0.0.0-8080-exec-7] [1d0dd87d-8368-4947-9d32-61e457fa39ce] p.e.config.RequestLoggingFilter - HTTP GET /api/cart/summary -> 200 (15 ms) user=admin@shop.com
2026-05-31 09:37:55.310 INFO  [http-nio-0.0.0.0-8080-exec-10] [af2d0d14-1651-400c-838a-48e77c774a29] p.e.config.RequestLoggingFilter - HTTP GET /api/cart/summary -> 200 (8 ms) user=admin@shop.com
2026-05-31 09:37:55.444 INFO  [http-nio-0.0.0.0-8080-exec-1] [608af92b-88ed-48b7-84ea-943b9623bf66] p.e.config.RequestLoggingFilter - HTTP GET /api/notifications/unread-count -> 200 (8 ms) user=admin@shop.com
2026-05-31 09:37:55.444 INFO  [http-nio-0.0.0.0-8080-exec-6] [5401b8d4-e482-4bc4-983a-1d81b8e44076] p.e.config.RequestLoggingFilter - HTTP GET /api/wishlist/count -> 200 (6 ms) user=admin@shop.com
2026-05-31 09:37:55.455 INFO  [http-nio-0.0.0.0-8080-exec-5] [2e42ef09-7c23-4c07-ac40-91752e37da78] p.e.config.RequestLoggingFilter - HTTP GET /api/shipping-addresses?page=0&size=10 -> 200 (17 ms) user=admin@shop.com
2026-05-31 09:38:12.696 INFO  [http-nio-0.0.0.0-8080-exec-2] [9da25f30-a5b4-473f-b47b-f842fb111c03] p.e.config.RequestLoggingFilter - HTTP GET /api/wishlist/count -> 200 (14 ms) user=admin@shop.com
2026-05-31 09:38:12.699 INFO  [http-nio-0.0.0.0-8080-exec-3] [ebd58a22-9acc-45da-8e31-88a7a2a4551d] p.e.config.RequestLoggingFilter - HTTP GET /api/cart/summary -> 200 (17 ms) user=admin@shop.com
2026-05-31 09:38:12.980 INFO  [http-nio-0.0.0.0-8080-exec-7] [8f1554e8-19bc-4227-bdcc-8bcd46124652] p.e.config.RequestLoggingFilter - HTTP GET /api/notifications/unread-count -> 200 (6 ms) user=admin@shop.com
2026-05-31 09:38:17.772 INFO  [http-nio-0.0.0.0-8080-exec-9] [05450042-4e4d-42da-b58d-2e203787acb5] p.e.config.RequestLoggingFilter - HTTP GET /api/wishlist/count -> 200 (8 ms) user=admin@shop.com
2026-05-31 09:38:17.772 INFO  [http-nio-0.0.0.0-8080-exec-4] [d4195600-c3ac-4986-b427-4d85354c45dc] p.e.config.RequestLoggingFilter - HTTP GET /api/notifications/unread-count -> 200 (8 ms) user=admin@shop.com
2026-05-31 09:38:17.777 INFO  [http-nio-0.0.0.0-8080-exec-8] [363bd326-521f-45c8-aec7-47a92c6bce27] p.e.config.RequestLoggingFilter - HTTP GET /api/cart/summary -> 200 (13 ms) user=admin@shop.com
2026-05-31 09:38:39.609 INFO  [http-nio-0.0.0.0-8080-exec-10] [d301351b-b400-4348-9043-f58e83ca7773] p.e.config.RequestLoggingFilter - HTTP GET /api/cart/summary -> 200 (13 ms) user=admin@shop.com
2026-05-31 09:38:39.906 INFO  [http-nio-0.0.0.0-8080-exec-1] [67d7e2af-5518-4465-95de-314faddcd845] p.e.config.RequestLoggingFilter - HTTP GET /api/wishlist/count -> 200 (7 ms) user=admin@shop.com
2026-05-31 09:38:39.909 INFO  [http-nio-0.0.0.0-8080-exec-6] [a5c94b65-6274-4648-8baa-8ddac22b6e3a] p.e.config.RequestLoggingFilter - HTTP GET /api/notifications/unread-count -> 200 (8 ms) user=admin@shop.com
2026-05-31 09:38:39.919 INFO  [http-nio-0.0.0.0-8080-exec-5] [4baf15fc-bcbe-477e-a0b7-e0cd9dd947ed] p.e.config.RequestLoggingFilter - HTTP GET /api/cart -> 200 (17 ms) user=admin@shop.com
2026-05-31 09:38:43.013 INFO  [http-nio-0.0.0.0-8080-exec-2] [bd2220d4-efcf-47af-9e82-4e8e91a87e39] p.e.config.RequestLoggingFilter - HTTP GET /api/cart/summary -> 200 (7 ms) user=admin@shop.com
2026-05-31 09:38:43.121 INFO  [http-nio-0.0.0.0-8080-exec-7] [4f6847bc-fd4d-40c0-9a63-65dbaba2c75a] p.e.config.RequestLoggingFilter - HTTP GET /api/notifications/unread-count -> 200 (16 ms) user=admin@shop.com
2026-05-31 09:38:43.122 INFO  [http-nio-0.0.0.0-8080-exec-3] [39ca2ac3-7ab4-46f2-8280-40e6db703d83] p.e.config.RequestLoggingFilter - HTTP GET /api/wishlist/count -> 200 (13 ms) user=admin@shop.com
2026-05-31 09:38:44.740 INFO  [http-nio-0.0.0.0-8080-exec-9] [9297e3fe-0678-405f-ab3a-94b9519b7eb5] p.e.config.RequestLoggingFilter - HTTP GET /api/cart/summary -> 200 (25 ms) user=admin@shop.com
2026-05-31 09:38:45.036 INFO  [http-nio-0.0.0.0-8080-exec-10] [fb8aa268-76e1-4597-a9e8-be6780c958f5] p.e.config.RequestLoggingFilter - HTTP GET /api/notifications/unread-count -> 200 (7 ms) user=admin@shop.com
2026-05-31 09:38:45.039 INFO  [http-nio-0.0.0.0-8080-exec-8] [1daca346-05ed-4465-8854-e91113679b80] p.e.config.RequestLoggingFilter - HTTP GET /api/wishlist/count -> 200 (10 ms) user=admin@shop.com
2026-05-31 09:38:45.064 INFO  [http-nio-0.0.0.0-8080-exec-1] [915a49d5-075b-480e-8156-3684bc5a8e6a] p.e.config.RequestLoggingFilter - HTTP GET /api/products/2 -> 200 (35 ms) user=admin@shop.com
2026-05-31 09:38:45.065 INFO  [http-nio-0.0.0.0-8080-exec-6] [35a9e813-b352-4d6f-82b7-93ad7a3b72b5] p.e.config.RequestLoggingFilter - HTTP GET /api/products/2/reviews?page=0&size=10 -> 200 (36 ms) user=admin@shop.com
2026-05-31 09:38:45.087 INFO  [http-nio-0.0.0.0-8080-exec-5] [a2952d80-9c89-4879-a8e6-18041c5160ad] p.e.config.RequestLoggingFilter - HTTP GET /api/products/2/related?size=4 -> 200 (49 ms) user=admin@shop.com
2026-05-31 09:38:45.096 INFO  [http-nio-0.0.0.0-8080-exec-4] [1f23a0a1-2d3a-459f-ab6b-81b3697ab639] p.e.config.RequestLoggingFilter - HTTP GET /api/wishlist?page=0&size=12 -> 200 (24 ms) user=admin@shop.com
2026-05-31 09:38:47.048 INFO  [http-nio-0.0.0.0-8080-exec-2] [c103d5d8-38b6-42c2-8927-c9dffe0d91c9] p.e.config.RequestLoggingFilter - HTTP POST /api/cart/items -> 200 (188 ms) user=admin@shop.com
2026-05-31 09:38:47.462 INFO  [http-nio-0.0.0.0-8080-exec-3] [b0610466-b19b-4491-94e0-0c2cd3932c8e] p.e.config.RequestLoggingFilter - HTTP GET /api/cart/summary -> 200 (13 ms) user=admin@shop.com
2026-05-31 09:38:47.764 INFO  [http-nio-0.0.0.0-8080-exec-9] [c0c1cc2e-c4c8-41d2-bf83-8ed5eb8aa25c] p.e.config.RequestLoggingFilter - HTTP GET /api/notifications/unread-count -> 200 (7 ms) user=admin@shop.com
2026-05-31 09:38:47.766 INFO  [http-nio-0.0.0.0-8080-exec-7] [c859363f-75e1-4b66-8d6b-728c5c030d24] p.e.config.RequestLoggingFilter - HTTP GET /api/wishlist/count -> 200 (6 ms) user=admin@shop.com
2026-05-31 09:38:47.892 INFO  [http-nio-0.0.0.0-8080-exec-8] [ba85c0aa-0ce9-47c7-9005-e0f76581272e] p.e.config.RequestLoggingFilter - HTTP GET /api/wishlist/count -> 200 (8 ms) user=admin@shop.com
2026-05-31 09:38:47.896 INFO  [http-nio-0.0.0.0-8080-exec-1] [a942359d-4bcc-4417-9b8d-945f190dd96d] p.e.config.RequestLoggingFilter - HTTP GET /api/notifications/unread-count -> 200 (9 ms) user=admin@shop.com
2026-05-31 09:38:47.897 INFO  [http-nio-0.0.0.0-8080-exec-10] [5fc12ac7-8c2f-46a9-b947-dab38696037b] p.e.config.RequestLoggingFilter - HTTP GET /api/cart/summary -> 200 (13 ms) user=admin@shop.com
2026-05-31 09:38:49.389 INFO  [http-nio-0.0.0.0-8080-exec-6] [e13fa48f-c736-48ff-a787-ce4fe37d94d3] p.e.config.RequestLoggingFilter - HTTP GET /api/cart/summary -> 200 (10 ms) user=admin@shop.com
2026-05-31 09:38:49.430 INFO  [http-nio-0.0.0.0-8080-exec-4] [c8a48b52-0295-4ed1-8993-67f9605053e5] p.e.config.RequestLoggingFilter - HTTP GET /api/notifications/unread-count -> 200 (6 ms) user=admin@shop.com
2026-05-31 09:38:49.430 INFO  [http-nio-0.0.0.0-8080-exec-5] [3f55e41d-f92e-4dcf-8d16-050fcbd4e914] p.e.config.RequestLoggingFilter - HTTP GET /api/wishlist/count -> 200 (6 ms) user=admin@shop.com
2026-05-31 09:38:49.434 INFO  [http-nio-0.0.0.0-8080-exec-2] [22a82d76-1dc9-47f3-94d8-509a28a6b8b8] p.e.config.RequestLoggingFilter - HTTP GET /api/cart -> 200 (10 ms) user=admin@shop.com
2026-05-31 09:38:50.623 INFO  [http-nio-0.0.0.0-8080-exec-9] [c1b4413c-ac32-4aa1-ad21-5bfcc2684e8c] p.e.config.RequestLoggingFilter - HTTP GET /api/wishlist/count -> 200 (8 ms) user=admin@shop.com
2026-05-31 09:38:50.627 INFO  [http-nio-0.0.0.0-8080-exec-3] [0f95838a-0f3a-434e-8c3b-0a65ac21062a] p.e.config.RequestLoggingFilter - HTTP GET /api/cart/summary -> 200 (11 ms) user=admin@shop.com
2026-05-31 09:38:50.929 INFO  [http-nio-0.0.0.0-8080-exec-7] [1273ba3b-8f1d-4264-be1b-9b9a66de6bcb] p.e.config.RequestLoggingFilter - HTTP GET /api/notifications/unread-count -> 200 (7 ms) user=admin@shop.com
2026-05-31 09:38:50.935 INFO  [http-nio-0.0.0.0-8080-exec-8] [7f010b69-9ac3-4e08-bc5a-998355ecda0e] p.e.config.RequestLoggingFilter - HTTP GET /api/shipping-addresses/all -> 200 (12 ms) user=admin@shop.com
2026-05-31 09:39:18.655 INFO  [http-nio-0.0.0.0-8080-exec-6] [865ce348-6088-4a25-80e6-e20969f0e296] p.e.config.RequestLoggingFilter - HTTP GET /api/notifications/unread-count -> 200 (6 ms) user=admin@shop.com
2026-05-31 09:39:18.655 INFO  [http-nio-0.0.0.0-8080-exec-10] [b7d91664-1bcd-47fe-aea1-7250f6ebcda9] p.e.config.RequestLoggingFilter - HTTP GET /api/wishlist/count -> 200 (6 ms) user=admin@shop.com
2026-05-31 09:39:18.659 INFO  [http-nio-0.0.0.0-8080-exec-1] [ef76992e-d383-4f0a-a3ff-90f7449da351] p.e.config.RequestLoggingFilter - HTTP GET /api/cart/summary -> 200 (10 ms) user=admin@shop.com
2026-05-31 09:39:30.839 INFO  [http-nio-0.0.0.0-8080-exec-5] [282ee3df-4c0f-4b0f-9a7b-baddc8bed180] p.e.config.RequestLoggingFilter - HTTP GET /api/cart/summary -> 200 (14 ms) user=admin@shop.com
2026-05-31 09:39:31.125 INFO  [http-nio-0.0.0.0-8080-exec-2] [93ac5619-9ea9-4ffa-81e3-da42392b71af] p.e.config.RequestLoggingFilter - HTTP GET /api/notifications/unread-count -> 200 (6 ms) user=admin@shop.com
2026-05-31 09:39:31.125 INFO  [http-nio-0.0.0.0-8080-exec-4] [b4b226e0-f0f5-4228-834e-b401798131ce] p.e.config.RequestLoggingFilter - HTTP GET /api/wishlist/count -> 200 (6 ms) user=admin@shop.com
2026-05-31 09:39:31.143 INFO  [http-nio-0.0.0.0-8080-exec-7] [c7f54960-9bd2-48e5-8d20-7a5434f6e1c9] p.e.config.RequestLoggingFilter - HTTP GET /api/notifications/unread-count -> 200 (7 ms) user=admin@shop.com
2026-05-31 09:39:31.146 INFO  [http-nio-0.0.0.0-8080-exec-9] [836ed06f-5602-455c-bd34-cfaf6accaaa0] p.e.config.RequestLoggingFilter - HTTP GET /api/cart/summary -> 200 (10 ms) user=admin@shop.com
2026-05-31 09:39:31.146 INFO  [http-nio-0.0.0.0-8080-exec-3] [7f9444fa-9754-4055-b5c9-e0cd9f7ec759] p.e.config.RequestLoggingFilter - HTTP GET /api/wishlist/count -> 200 (7 ms) user=admin@shop.com
2026-05-31 09:39:47.532 INFO  [http-nio-0.0.0.0-8080-exec-6] [2ed9b0b6-ebe7-4c43-a096-b8f6898ee670] p.e.config.RequestLoggingFilter - HTTP GET /api/wishlist/count -> 200 (5 ms) user=admin@shop.com
2026-05-31 09:39:47.532 INFO  [http-nio-0.0.0.0-8080-exec-10] [b4397d96-b4c3-4282-82df-3e17817e153d] p.e.config.RequestLoggingFilter - HTTP GET /api/notifications/unread-count -> 200 (5 ms) user=admin@shop.com
2026-05-31 09:39:47.534 INFO  [http-nio-0.0.0.0-8080-exec-8] [55c1c3c2-a73b-4cd3-93c6-32a729a14b47] p.e.config.RequestLoggingFilter - HTTP GET /api/cart/summary -> 200 (7 ms) user=admin@shop.com
2026-05-31 09:39:47.548 INFO  [http-nio-0.0.0.0-8080-exec-2] [f1a4a358-2631-4ca9-a572-51ddfd85d736] p.e.config.RequestLoggingFilter - HTTP GET /api/notifications/unread-count -> 200 (5 ms) user=admin@shop.com
2026-05-31 09:39:47.549 INFO  [http-nio-0.0.0.0-8080-exec-5] [eb567564-9c04-480d-bf34-8e4036714c2b] p.e.config.RequestLoggingFilter - HTTP GET /api/wishlist/count -> 200 (5 ms) user=admin@shop.com
2026-05-31 09:39:47.552 INFO  [http-nio-0.0.0.0-8080-exec-1] [57ccfc83-8e05-4a61-a8b5-b2117e5a3291] p.e.config.RequestLoggingFilter - HTTP GET /api/cart/summary -> 200 (8 ms) user=admin@shop.com
2026-05-31 09:39:47.857 INFO  [http-nio-0.0.0.0-8080-exec-9] [96579011-a6ea-474d-a388-3d122fc825a9] p.e.config.RequestLoggingFilter - HTTP GET /api/notifications/unread-count -> 200 (6 ms) user=admin@shop.com
2026-05-31 09:39:47.857 INFO  [http-nio-0.0.0.0-8080-exec-7] [69abc2f1-7aec-47e4-8f35-8f110541810f] p.e.config.RequestLoggingFilter - HTTP GET /api/wishlist/count -> 200 (6 ms) user=admin@shop.com
2026-05-31 09:39:47.861 INFO  [http-nio-0.0.0.0-8080-exec-4] [0a62ab95-d35b-4c65-97a1-33b63368aa32] p.e.config.RequestLoggingFilter - HTTP GET /api/cart/summary -> 200 (10 ms) user=admin@shop.com
2026-05-31 09:40:10.462 INFO  [http-nio-0.0.0.0-8080-exec-10] [b1a03526-c376-4ac2-bb50-6ca6a01c0ef4] p.e.config.RequestLoggingFilter - HTTP GET /api/wishlist/count -> 200 (5 ms) user=admin@shop.com
2026-05-31 09:40:10.462 INFO  [http-nio-0.0.0.0-8080-exec-6] [3720b499-9391-499a-8786-a671f56075f5] p.e.config.RequestLoggingFilter - HTTP GET /api/notifications/unread-count -> 200 (5 ms) user=admin@shop.com
2026-05-31 09:40:10.467 INFO  [http-nio-0.0.0.0-8080-exec-3] [40804634-9b3a-4f17-ae2b-503b5f3df552] p.e.config.RequestLoggingFilter - HTTP GET /api/cart/summary -> 200 (10 ms) user=admin@shop.com
2026-05-31 09:40:10.483 INFO  [http-nio-0.0.0.0-8080-exec-2] [d7d7bd59-1270-4afa-9b2a-e1e224350458] p.e.config.RequestLoggingFilter - HTTP GET /api/wishlist/count -> 200 (5 ms) user=admin@shop.com
2026-05-31 09:40:10.483 INFO  [http-nio-0.0.0.0-8080-exec-5] [b2b2ac61-082c-4a0d-a5be-4770b84e33fa] p.e.config.RequestLoggingFilter - HTTP GET /api/notifications/unread-count -> 200 (5 ms) user=admin@shop.com
2026-05-31 09:40:10.484 INFO  [http-nio-0.0.0.0-8080-exec-8] [038deabb-8ba7-4914-aed4-79ef0053dab0] p.e.config.RequestLoggingFilter - HTTP GET /api/cart/summary -> 200 (9 ms) user=admin@shop.com
2026-05-31 09:40:12.328 INFO  [http-nio-0.0.0.0-8080-exec-1] [d156d138-8616-4892-a350-9971ed4512b2] p.e.config.RequestLoggingFilter - HTTP GET /api/cart/summary -> 200 (10 ms) user=admin@shop.com
2026-05-31 09:40:12.419 INFO  [http-nio-0.0.0.0-8080-exec-7] [a24c9b15-108b-45da-bffe-d31e1edbc852] p.e.config.RequestLoggingFilter - HTTP GET /api/wishlist/count -> 200 (7 ms) user=admin@shop.com
2026-05-31 09:40:12.421 INFO  [http-nio-0.0.0.0-8080-exec-9] [08c4e789-9b42-4b17-9aa4-af3fdab44e52] p.e.config.RequestLoggingFilter - HTTP GET /api/notifications/unread-count -> 200 (6 ms) user=admin@shop.com
2026-05-31 09:40:12.429 INFO  [http-nio-0.0.0.0-8080-exec-4] [70afcb59-973e-4b1b-b311-6670352d86be] p.e.config.RequestLoggingFilter - HTTP GET /api/shipping-addresses?page=0&size=10 -> 200 (14 ms) user=admin@shop.com
2026-05-31 09:40:18.351 INFO  [http-nio-0.0.0.0-8080-exec-10] [4b03a1e3-7497-4799-b32b-fc86815cd182] p.e.config.RequestLoggingFilter - HTTP GET /api/wishlist/count -> 200 (6 ms) user=admin@shop.com
2026-05-31 09:40:18.355 INFO  [http-nio-0.0.0.0-8080-exec-6] [1370813c-1380-42fa-8bb0-0fc9dd38a492] p.e.config.RequestLoggingFilter - HTTP GET /api/cart/summary -> 200 (10 ms) user=admin@shop.com
2026-05-31 09:40:18.665 INFO  [http-nio-0.0.0.0-8080-exec-3] [eb127624-87fc-48aa-be63-8191797ab1de] p.e.config.RequestLoggingFilter - HTTP GET /api/notifications/unread-count -> 200 (6 ms) user=admin@shop.com
2026-05-31 09:40:34.363 INFO  [http-nio-0.0.0.0-8080-exec-8] [0f027bf5-1d1e-4f95-8892-f930716ad59a] p.e.config.RequestLoggingFilter - HTTP GET /api/notifications/unread-count -> 200 (6 ms) user=admin@shop.com
2026-05-31 09:40:34.363 INFO  [http-nio-0.0.0.0-8080-exec-5] [eb5deab1-985b-40c6-af0a-02ff8c4884c5] p.e.config.RequestLoggingFilter - HTTP GET /api/wishlist/count -> 200 (6 ms) user=admin@shop.com
2026-05-31 09:40:34.366 INFO  [http-nio-0.0.0.0-8080-exec-2] [0449a63a-b74b-4f84-9f8c-ce4c297b9084] p.e.config.RequestLoggingFilter - HTTP GET /api/cart/summary -> 200 (9 ms) user=admin@shop.com
2026-05-31 09:40:34.384 INFO  [http-nio-0.0.0.0-8080-exec-9] [c1da47ab-c2f2-42f0-a2bb-a30400230f17] p.e.config.RequestLoggingFilter - HTTP GET /api/notifications/unread-count -> 200 (6 ms) user=admin@shop.com
2026-05-31 09:40:34.386 INFO  [http-nio-0.0.0.0-8080-exec-7] [90f97f40-6fcf-417d-86ef-5faa0cebb1f3] p.e.config.RequestLoggingFilter - HTTP GET /api/wishlist/count -> 200 (6 ms) user=admin@shop.com
2026-05-31 09:40:34.387 INFO  [http-nio-0.0.0.0-8080-exec-1] [8258cd77-c690-4182-8e33-cd57cd23f60c] p.e.config.RequestLoggingFilter - HTTP GET /api/cart/summary -> 200 (9 ms) user=admin@shop.com
2026-05-31 09:40:48.660 INFO  [http-nio-0.0.0.0-8080-exec-10] [1e2757a0-dd39-4ccc-92a1-23a89a0034e1] p.e.config.RequestLoggingFilter - HTTP GET /api/wishlist/count -> 200 (5 ms) user=admin@shop.com
2026-05-31 09:40:48.660 INFO  [http-nio-0.0.0.0-8080-exec-6] [bd2c3786-f52d-4094-ad51-49d6e42442b8] p.e.config.RequestLoggingFilter - HTTP GET /api/notifications/unread-count -> 200 (5 ms) user=admin@shop.com
2026-05-31 09:40:48.666 INFO  [http-nio-0.0.0.0-8080-exec-4] [84639c79-3b14-4cd7-be62-a4154212a2c5] p.e.config.RequestLoggingFilter - HTTP GET /api/cart/summary -> 200 (11 ms) user=admin@shop.com
2026-05-31 09:41:18.344 INFO  [http-nio-0.0.0.0-8080-exec-3] [2c116e22-f3a9-4c50-a48b-6ae97f02ad26] p.e.config.RequestLoggingFilter - HTTP GET /api/cart/summary -> 200 (10 ms) user=admin@shop.com
2026-05-31 09:41:18.653 WARN  [http-nio-0.0.0.0-8080-exec-5] [no-request] com.zaxxer.hikari.pool.PoolBase - HikariPool-1 - Failed to validate connection org.postgresql.jdbc.PgConnection@7e337847 (This connection has been closed.). Possibly consider using a shorter maxLifetime value.
2026-05-31 09:41:18.653 WARN  [http-nio-0.0.0.0-8080-exec-8] [no-request] com.zaxxer.hikari.pool.PoolBase - HikariPool-1 - Failed to validate connection org.postgresql.jdbc.PgConnection@c19bb2a (This connection has been closed.). Possibly consider using a shorter maxLifetime value.
2026-05-31 09:41:18.657 WARN  [http-nio-0.0.0.0-8080-exec-8] [no-request] com.zaxxer.hikari.pool.PoolBase - HikariPool-1 - Failed to validate connection org.postgresql.jdbc.PgConnection@3aab6af (This connection has been closed.). Possibly consider using a shorter maxLifetime value.
2026-05-31 09:41:18.656 WARN  [http-nio-0.0.0.0-8080-exec-5] [no-request] c.zaxxer.hikari.pool.ProxyConnection - HikariPool-1 - Connection org.postgresql.jdbc.PgConnection@5ae342c5 marked as broken because of SQLSTATE(08006), ErrorCode(0)
org.postgresql.util.PSQLException: An I/O error occurred while sending to the backend.
	at org.postgresql.core.v3.QueryExecutorImpl.execute(QueryExecutorImpl.java:456)
	at org.postgresql.jdbc.PgStatement.executeInternal(PgStatement.java:526)
	at org.postgresql.jdbc.PgStatement.execute(PgStatement.java:436)
	at org.postgresql.jdbc.PgPreparedStatement.executeWithFlags(PgPreparedStatement.java:196)
	at org.postgresql.jdbc.PgPreparedStatement.executeQuery(PgPreparedStatement.java:139)
	at com.zaxxer.hikari.pool.ProxyPreparedStatement.executeQuery(ProxyPreparedStatement.java:52)
	at com.zaxxer.hikari.pool.HikariProxyPreparedStatement.executeQuery(HikariProxyPreparedStatement.java)
	at org.hibernate.sql.results.jdbc.internal.DeferredResultSetAccess.executeQuery(DeferredResultSetAccess.java:271)
	at org.hibernate.sql.results.jdbc.internal.DeferredResultSetAccess.getResultSet(DeferredResultSetAccess.java:190)
	at org.hibernate.sql.results.jdbc.internal.JdbcValuesResultSetImpl.<init>(JdbcValuesResultSetImpl.java:71)
	at org.hibernate.sql.exec.internal.JdbcSelectExecutorStandardImpl.resolveJdbcValues(JdbcSelectExecutorStandardImpl.java:422)
	at org.hibernate.sql.exec.internal.JdbcSelectExecutorStandardImpl.resolveJdbcValuesSource(JdbcSelectExecutorStandardImpl.java:349)
	at org.hibernate.sql.exec.internal.JdbcSelectExecutorStandardImpl.doExecuteQuery(JdbcSelectExecutorStandardImpl.java:143)
	at org.hibernate.sql.exec.internal.JdbcSelectExecutorStandardImpl.executeQuery(JdbcSelectExecutorStandardImpl.java:100)
	at org.hibernate.sql.exec.spi.JdbcSelectExecutor.executeQuery(JdbcSelectExecutor.java:63)
	at org.hibernate.sql.exec.spi.JdbcSelectExecutor.list(JdbcSelectExecutor.java:137)
	at org.hibernate.query.sqm.internal.ConcreteSqmSelectQueryPlan.lambda$new$1(ConcreteSqmSelectQueryPlan.java:134)
	at org.hibernate.query.sqm.internal.ConcreteSqmSelectQueryPlan.withCacheableSqmInterpretation(ConcreteSqmSelectQueryPlan.java:464)
	at org.hibernate.query.sqm.internal.ConcreteSqmSelectQueryPlan.performList(ConcreteSqmSelectQueryPlan.java:392)
	at org.hibernate.query.sqm.internal.SqmQueryImpl.doList(SqmQueryImpl.java:374)
	at org.hibernate.query.spi.AbstractSelectionQuery.list(AbstractSelectionQuery.java:153)
	at org.hibernate.query.spi.AbstractSelectionQuery.getSingleResultOrNull(AbstractSelectionQuery.java:330)
	at java.base/jdk.internal.reflect.DirectMethodHandleAccessor.invoke(DirectMethodHandleAccessor.java:104)
	at java.base/java.lang.reflect.Method.invoke(Method.java:578)
	at org.springframework.orm.jpa.SharedEntityManagerCreator$DeferredQueryInvocationHandler.invoke(SharedEntityManagerCreator.java:557)
	at jdk.proxy2/jdk.proxy2.$Proxy217.getSingleResultOrNull(Unknown Source)
	at org.springframework.data.jpa.repository.query.JpaQueryExecution$SingleEntityExecution.doExecute(JpaQueryExecution.java:328)
	at org.springframework.data.jpa.repository.query.JpaQueryExecution.execute(JpaQueryExecution.java:99)
	at org.springframework.data.jpa.repository.query.AbstractJpaQuery.doExecute(AbstractJpaQuery.java:164)
	at org.springframework.data.jpa.repository.query.AbstractJpaQuery.execute(AbstractJpaQuery.java:154)
	at org.springframework.data.repository.core.support.RepositoryMethodInvoker.doInvoke(RepositoryMethodInvoker.java:169)
	at org.springframework.data.repository.core.support.RepositoryMethodInvoker.invoke(RepositoryMethodInvoker.java:158)
	at org.springframework.data.repository.core.support.QueryExecutorMethodInterceptor.doInvoke(QueryExecutorMethodInterceptor.java:167)
	at org.springframework.data.repository.core.support.QueryExecutorMethodInterceptor.invoke(QueryExecutorMethodInterceptor.java:146)
	at org.springframework.aop.framework.ReflectiveMethodInvocation.proceed(ReflectiveMethodInvocation.java:179)
	at org.springframework.data.projection.DefaultMethodInvokingMethodInterceptor.invoke(DefaultMethodInvokingMethodInterceptor.java:69)
	at org.springframework.aop.framework.ReflectiveMethodInvocation.proceed(ReflectiveMethodInvocation.java:179)
	at org.springframework.transaction.interceptor.TransactionInterceptor$1.proceedWithInvocation(TransactionInterceptor.java:133)
	at org.springframework.transaction.interceptor.TransactionAspectSupport.invokeWithinTransaction(TransactionAspectSupport.java:371)
	at org.springframework.transaction.interceptor.TransactionInterceptor.invoke(TransactionInterceptor.java:130)
	at org.springframework.aop.framework.ReflectiveMethodInvocation.proceed(ReflectiveMethodInvocation.java:179)
	at org.springframework.dao.support.PersistenceExceptionTranslationInterceptor.invoke(PersistenceExceptionTranslationInterceptor.java:135)
	at org.springframework.aop.framework.ReflectiveMethodInvocation.proceed(ReflectiveMethodInvocation.java:179)
	at org.springframework.data.jpa.repository.support.CrudMethodMetadataPostProcessor$CrudMethodMetadataPopulatingMethodInterceptor.invoke(CrudMethodMetadataPostProcessor.java:137)
	at org.springframework.aop.framework.ReflectiveMethodInvocation.proceed(ReflectiveMethodInvocation.java:179)
	at org.springframework.aop.framework.JdkDynamicAopProxy.invoke(JdkDynamicAopProxy.java:222)
	at jdk.proxy2/jdk.proxy2.$Proxy168.findByEmail(Unknown Source)
	at personal.ecommercebackend.security.CustomUserDetailsService.loadUserByUsername(CustomUserDetailsService.java:18)
	at personal.ecommercebackend.security.JwtAuthenticationFilter.doFilterInternal(JwtAuthenticationFilter.java:41)
	at org.springframework.web.filter.OncePerRequestFilter.doFilter(OncePerRequestFilter.java:116)
	at org.springframework.security.web.ObservationFilterChainDecorator$ObservationFilter.wrapFilter(ObservationFilterChainDecorator.java:244)
	at org.springframework.security.web.ObservationFilterChainDecorator$ObservationFilter.doFilter(ObservationFilterChainDecorator.java:231)
	at org.springframework.security.web.ObservationFilterChainDecorator$VirtualFilterChain.doFilter(ObservationFilterChainDecorator.java:141)
	at org.springframework.security.web.authentication.logout.LogoutFilter.doFilter(LogoutFilter.java:110)
	at org.springframework.security.web.authentication.logout.LogoutFilter.doFilter(LogoutFilter.java:96)
	at org.springframework.security.web.ObservationFilterChainDecorator$ObservationFilter.wrapFilter(ObservationFilterChainDecorator.java:244)
	at org.springframework.security.web.ObservationFilterChainDecorator$ObservationFilter.doFilter(ObservationFilterChainDecorator.java:231)
	at org.springframework.security.web.ObservationFilterChainDecorator$VirtualFilterChain.doFilter(ObservationFilterChainDecorator.java:141)
	at org.springframework.security.web.header.HeaderWriterFilter.doHeadersAfter(HeaderWriterFilter.java:90)
	at org.springframework.security.web.header.HeaderWriterFilter.doFilterInternal(HeaderWriterFilter.java:75)
	at org.springframework.web.filter.OncePerRequestFilter.doFilter(OncePerRequestFilter.java:116)
	at org.springframework.security.web.ObservationFilterChainDecorator$ObservationFilter.wrapFilter(ObservationFilterChainDecorator.java:244)
	at org.springframework.security.web.ObservationFilterChainDecorator$ObservationFilter.doFilter(ObservationFilterChainDecorator.java:231)
	at org.springframework.security.web.ObservationFilterChainDecorator$VirtualFilterChain.doFilter(ObservationFilterChainDecorator.java:141)
	at org.springframework.security.web.context.SecurityContextHolderFilter.doFilter(SecurityContextHolderFilter.java:82)
	at org.springframework.security.web.context.SecurityContextHolderFilter.doFilter(SecurityContextHolderFilter.java:69)
	at org.springframework.security.web.ObservationFilterChainDecorator$ObservationFilter.wrapFilter(ObservationFilterChainDecorator.java:244)
	at org.springframework.security.web.ObservationFilterChainDecorator$ObservationFilter.doFilter(ObservationFilterChainDecorator.java:231)
	at org.springframework.security.web.ObservationFilterChainDecorator$VirtualFilterChain.doFilter(ObservationFilterChainDecorator.java:141)
	at org.springframework.security.web.context.request.async.WebAsyncManagerIntegrationFilter.doFilterInternal(WebAsyncManagerIntegrationFilter.java:62)
	at org.springframework.web.filter.OncePerRequestFilter.doFilter(OncePerRequestFilter.java:116)
	at org.springframework.security.web.ObservationFilterChainDecorator$ObservationFilter.wrapFilter(ObservationFilterChainDecorator.java:244)
	at org.springframework.security.web.ObservationFilterChainDecorator$ObservationFilter.doFilter(ObservationFilterChainDecorator.java:231)
	at org.springframework.security.web.ObservationFilterChainDecorator$VirtualFilterChain.doFilter(ObservationFilterChainDecorator.java:141)
	at org.springframework.security.web.session.DisableEncodeUrlFilter.doFilterInternal(DisableEncodeUrlFilter.java:42)
	at org.springframework.web.filter.OncePerRequestFilter.doFilter(OncePerRequestFilter.java:116)
	at org.springframework.security.web.ObservationFilterChainDecorator$ObservationFilter.wrapFilter(ObservationFilterChainDecorator.java:244)
	at org.springframework.security.web.ObservationFilterChainDecorator$AroundFilterObservation$SimpleAroundFilterObservation.lambda$wrap$0(ObservationFilterChainDecorator.java:337)
	at org.springframework.security.web.ObservationFilterChainDecorator$ObservationFilter.doFilter(ObservationFilterChainDecorator.java:228)
	at org.springframework.security.web.ObservationFilterChainDecorator$VirtualFilterChain.doFilter(ObservationFilterChainDecorator.java:141)
	at org.springframework.security.web.FilterChainProxy.doFilterInternal(FilterChainProxy.java:237)
	at org.springframework.security.web.FilterChainProxy.doFilter(FilterChainProxy.java:195)
	at org.springframework.web.filter.CompositeFilter$VirtualFilterChain.doFilter(CompositeFilter.java:113)
	at org.springframework.web.filter.ServletRequestPathFilter.doFilter(ServletRequestPathFilter.java:52)
	at org.springframework.web.filter.CompositeFilter$VirtualFilterChain.doFilter(CompositeFilter.java:113)
	at org.springframework.web.filter.CompositeFilter.doFilter(CompositeFilter.java:74)
	at org.springframework.security.config.annotation.web.configuration.WebSecurityConfiguration$CompositeFilterChainProxy.doFilter(WebSecurityConfiguration.java:317)
	at org.springframework.web.filter.DelegatingFilterProxy.invokeDelegate(DelegatingFilterProxy.java:355)
	at org.springframework.web.filter.DelegatingFilterProxy.doFilter(DelegatingFilterProxy.java:272)
	at org.apache.catalina.core.ApplicationFilterChain.doFilter(ApplicationFilterChain.java:107)
	at org.springframework.web.filter.RequestContextFilter.doFilterInternal(RequestContextFilter.java:100)
	at org.springframework.web.filter.OncePerRequestFilter.doFilter(OncePerRequestFilter.java:116)
	at org.apache.catalina.core.ApplicationFilterChain.doFilter(ApplicationFilterChain.java:107)
	at org.springframework.web.filter.FormContentFilter.doFilterInternal(FormContentFilter.java:93)
	at org.springframework.web.filter.OncePerRequestFilter.doFilter(OncePerRequestFilter.java:116)
	at org.apache.catalina.core.ApplicationFilterChain.doFilter(ApplicationFilterChain.java:107)
	at org.springframework.web.filter.ServerHttpObservationFilter.doFilterInternal(ServerHttpObservationFilter.java:110)
	at org.springframework.web.filter.OncePerRequestFilter.doFilter(OncePerRequestFilter.java:116)
	at org.apache.catalina.core.ApplicationFilterChain.doFilter(ApplicationFilterChain.java:107)
	at org.springframework.web.filter.CharacterEncodingFilter.doFilterInternal(CharacterEncodingFilter.java:199)
	at org.springframework.web.filter.OncePerRequestFilter.doFilter(OncePerRequestFilter.java:116)
	at org.apache.catalina.core.ApplicationFilterChain.doFilter(ApplicationFilterChain.java:107)
	at org.apache.catalina.core.StandardWrapperValve.invoke(StandardWrapperValve.java:165)
	at org.apache.catalina.core.StandardContextValve.invoke(StandardContextValve.java:77)
	at org.apache.catalina.authenticator.AuthenticatorBase.invoke(AuthenticatorBase.java:492)
	at org.apache.catalina.core.StandardHostValve.invoke(StandardHostValve.java:113)
	at org.apache.catalina.valves.ErrorReportValve.invoke(ErrorReportValve.java:83)
	at org.apache.catalina.core.StandardEngineValve.invoke(StandardEngineValve.java:72)
	at org.apache.catalina.connector.CoyoteAdapter.service(CoyoteAdapter.java:341)
	at org.apache.coyote.http11.Http11Processor.service(Http11Processor.java:397)
	at org.apache.coyote.AbstractProcessorLight.process(AbstractProcessorLight.java:63)
	at org.apache.coyote.AbstractProtocol$ConnectionHandler.process(AbstractProtocol.java:903)
	at org.apache.tomcat.util.net.NioEndpoint$SocketProcessor.doRun(NioEndpoint.java:1801)
	at org.apache.tomcat.util.net.SocketProcessorBase.run(SocketProcessorBase.java:52)
	at org.apache.tomcat.util.threads.ThreadPoolExecutor.runWorker(ThreadPoolExecutor.java:946)
	at org.apache.tomcat.util.threads.ThreadPoolExecutor$Worker.run(ThreadPoolExecutor.java:480)
	at org.apache.tomcat.util.threads.TaskThread$WrappingRunnable.run(TaskThread.java:57)
	at java.base/java.lang.Thread.run(Thread.java:1589)
Caused by: java.io.EOFException
	at org.postgresql.core.PGStream.receiveChar(PGStream.java:479)
	at org.postgresql.core.v3.QueryExecutorImpl.processResults(QueryExecutorImpl.java:2314)
	at org.postgresql.core.v3.QueryExecutorImpl.execute(QueryExecutorImpl.java:429)
	... 117 common frames omitted
2026-05-31 09:41:18.662 WARN  [http-nio-0.0.0.0-8080-exec-8] [no-request] com.zaxxer.hikari.pool.PoolBase - HikariPool-1 - Failed to validate connection org.postgresql.jdbc.PgConnection@bc3adae (This connection has been closed.). Possibly consider using a shorter maxLifetime value.
2026-05-31 09:41:18.663 WARN  [http-nio-0.0.0.0-8080-exec-5] [no-request] org.hibernate.orm.jdbc.error - HHH000247: ErrorCode: 0, SQLState: 08006
2026-05-31 09:41:18.664 WARN  [http-nio-0.0.0.0-8080-exec-5] [no-request] org.hibernate.orm.jdbc.error - An I/O error occurred while sending to the backend.
2026-05-31 09:41:18.666 WARN  [http-nio-0.0.0.0-8080-exec-8] [no-request] com.zaxxer.hikari.pool.PoolBase - HikariPool-1 - Failed to validate connection org.postgresql.jdbc.PgConnection@758d175f (This connection has been closed.). Possibly consider using a shorter maxLifetime value.
2026-05-31 09:41:18.669 WARN  [http-nio-0.0.0.0-8080-exec-8] [no-request] com.zaxxer.hikari.pool.PoolBase - HikariPool-1 - Failed to validate connection org.postgresql.jdbc.PgConnection@6414502e (This connection has been closed.). Possibly consider using a shorter maxLifetime value.
2026-05-31 09:41:18.670 WARN  [http-nio-0.0.0.0-8080-exec-8] [no-request] com.zaxxer.hikari.pool.PoolBase - HikariPool-1 - Failed to validate connection org.postgresql.jdbc.PgConnection@32dd8dcd (This connection has been closed.). Possibly consider using a shorter maxLifetime value.
2026-05-31 09:41:18.672 WARN  [http-nio-0.0.0.0-8080-exec-8] [no-request] com.zaxxer.hikari.pool.PoolBase - HikariPool-1 - Failed to validate connection org.postgresql.jdbc.PgConnection@2465e8e5 (This connection has been closed.). Possibly consider using a shorter maxLifetime value.
2026-05-31 09:41:18.674 WARN  [http-nio-0.0.0.0-8080-exec-8] [no-request] com.zaxxer.hikari.pool.PoolBase - HikariPool-1 - Failed to validate connection org.postgresql.jdbc.PgConnection@39cf24d9 (This connection has been closed.). Possibly consider using a shorter maxLifetime value.
2026-05-31 09:41:48.685 WARN  [http-nio-0.0.0.0-8080-exec-8] [no-request] org.hibernate.orm.jdbc.error - HHH000247: ErrorCode: 0, SQLState: 08001
2026-05-31 09:41:48.685 WARN  [http-nio-0.0.0.0-8080-exec-8] [no-request] org.hibernate.orm.jdbc.error - HikariPool-1 - Connection is not available, request timed out after 30035ms (total=0, active=0, idle=0, waiting=3)
2026-05-31 09:41:48.685 WARN  [http-nio-0.0.0.0-8080-exec-8] [no-request] org.hibernate.orm.jdbc.error - HHH000247: ErrorCode: 0, SQLState: 08001
2026-05-31 09:41:48.686 WARN  [http-nio-0.0.0.0-8080-exec-8] [no-request] org.hibernate.orm.jdbc.error - HikariPool-1 - Connection is not available, request timed out after 30035ms (total=0, active=0, idle=0, waiting=3)
2026-05-31 09:42:18.655 WARN  [http-nio-0.0.0.0-8080-exec-7] [no-request] org.hibernate.orm.jdbc.error - HHH000247: ErrorCode: 0, SQLState: 08001
2026-05-31 09:42:18.655 WARN  [http-nio-0.0.0.0-8080-exec-2] [no-request] org.hibernate.orm.jdbc.error - HHH000247: ErrorCode: 0, SQLState: 08001
2026-05-31 09:42:18.655 WARN  [http-nio-0.0.0.0-8080-exec-9] [no-request] org.hibernate.orm.jdbc.error - HHH000247: ErrorCode: 0, SQLState: 08001
2026-05-31 09:42:18.655 WARN  [http-nio-0.0.0.0-8080-exec-2] [no-request] org.hibernate.orm.jdbc.error - HikariPool-1 - Connection is not available, request timed out after 30006ms (total=0, active=0, idle=0, waiting=0)
2026-05-31 09:42:18.655 WARN  [http-nio-0.0.0.0-8080-exec-9] [no-request] org.hibernate.orm.jdbc.error - HikariPool-1 - Connection is not available, request timed out after 30006ms (total=0, active=0, idle=0, waiting=0)
2026-05-31 09:42:18.655 WARN  [http-nio-0.0.0.0-8080-exec-7] [no-request] org.hibernate.orm.jdbc.error - HikariPool-1 - Connection is not available, request timed out after 30006ms (total=0, active=0, idle=0, waiting=0)
2026-05-31 09:42:18.655 WARN  [http-nio-0.0.0.0-8080-exec-9] [no-request] org.hibernate.orm.jdbc.error - HHH000247: ErrorCode: 0, SQLState: 08001
2026-05-31 09:42:18.655 WARN  [http-nio-0.0.0.0-8080-exec-2] [no-request] org.hibernate.orm.jdbc.error - HHH000247: ErrorCode: 0, SQLState: 08001
2026-05-31 09:42:18.655 WARN  [http-nio-0.0.0.0-8080-exec-9] [no-request] org.hibernate.orm.jdbc.error - HikariPool-1 - Connection is not available, request timed out after 30006ms (total=0, active=0, idle=0, waiting=0)
2026-05-31 09:42:18.655 WARN  [http-nio-0.0.0.0-8080-exec-2] [no-request] org.hibernate.orm.jdbc.error - HikariPool-1 - Connection is not available, request timed out after 30006ms (total=0, active=0, idle=0, waiting=0)
2026-05-31 09:42:18.655 WARN  [http-nio-0.0.0.0-8080-exec-7] [no-request] org.hibernate.orm.jdbc.error - HHH000247: ErrorCode: 0, SQLState: 08001
2026-05-31 09:42:18.655 WARN  [http-nio-0.0.0.0-8080-exec-7] [no-request] org.hibernate.orm.jdbc.error - HikariPool-1 - Connection is not available, request timed out after 30006ms (total=0, active=0, idle=0, waiting=0)
2026-05-31 09:42:23.925 WARN  [HikariPool-1:connection-adder] [no-request] com.zaxxer.hikari.pool.PoolBase - HikariPool-1 - Pool is empty, failed to create/setup connection (82ec5641-8ab5-4628-8259-ed5023382171)
org.postgresql.util.PSQLException: The connection attempt failed.
	at org.postgresql.core.v3.ConnectionFactoryImpl.openConnectionImpl(ConnectionFactoryImpl.java:385)
	at org.postgresql.core.ConnectionFactory.openConnection(ConnectionFactory.java:57)
	at org.postgresql.jdbc.PgConnection.<init>(PgConnection.java:290)
	at org.postgresql.Driver.makeConnection(Driver.java:448)
	at org.postgresql.Driver.connect(Driver.java:298)
	at com.zaxxer.hikari.util.DriverDataSource.getConnection(DriverDataSource.java:144)
	at com.zaxxer.hikari.pool.PoolBase.newConnection(PoolBase.java:373)
	at com.zaxxer.hikari.pool.PoolBase.newPoolEntry(PoolBase.java:210)
	at com.zaxxer.hikari.pool.HikariPool.createPoolEntry(HikariPool.java:488)
	at com.zaxxer.hikari.pool.HikariPool$PoolEntryCreator.call(HikariPool.java:752)
	at com.zaxxer.hikari.pool.HikariPool$PoolEntryCreator.call(HikariPool.java:731)
	at java.base/java.util.concurrent.FutureTask.run$$$capture(FutureTask.java:317)
	at java.base/java.util.concurrent.FutureTask.run(FutureTask.java)
	at java.base/java.util.concurrent.ThreadPoolExecutor.runWorker(ThreadPoolExecutor.java:1144)
	at java.base/java.util.concurrent.ThreadPoolExecutor$Worker.run(ThreadPoolExecutor.java:642)
	at java.base/java.lang.Thread.run(Thread.java:1589)
Caused by: java.net.SocketTimeoutException: Read timed out
	at java.base/sun.nio.ch.NioSocketImpl.timedRead(NioSocketImpl.java:273)
	at java.base/sun.nio.ch.NioSocketImpl.implRead(NioSocketImpl.java:299)
	at java.base/sun.nio.ch.NioSocketImpl.read(NioSocketImpl.java:340)
	at java.base/sun.nio.ch.NioSocketImpl$1.read(NioSocketImpl.java:789)
	at java.base/java.net.Socket$SocketInputStream.read(Socket.java:1025)
	at org.postgresql.core.VisibleBufferedInputStream.readMore(VisibleBufferedInputStream.java:192)
	at org.postgresql.core.VisibleBufferedInputStream.ensureBytes(VisibleBufferedInputStream.java:159)
	at org.postgresql.core.VisibleBufferedInputStream.ensureBytes(VisibleBufferedInputStream.java:144)
	at org.postgresql.core.VisibleBufferedInputStream.read(VisibleBufferedInputStream.java:76)
	at org.postgresql.core.PGStream.receiveChar(PGStream.java:477)
	at org.postgresql.core.v3.ConnectionFactoryImpl.enableSSL(ConnectionFactoryImpl.java:627)
	at org.postgresql.core.v3.ConnectionFactoryImpl.tryConnect(ConnectionFactoryImpl.java:207)
	at org.postgresql.core.v3.ConnectionFactoryImpl.openConnectionImpl(ConnectionFactoryImpl.java:289)
	... 15 common frames omitted
2026-05-31 09:43:17.668 WARN  [http-nio-0.0.0.0-8080-exec-6] [no-request] org.hibernate.orm.jdbc.error - HHH000247: ErrorCode: 0, SQLState: 08001
2026-05-31 09:43:17.668 WARN  [http-nio-0.0.0.0-8080-exec-1] [no-request] org.hibernate.orm.jdbc.error - HHH000247: ErrorCode: 0, SQLState: 08001
2026-05-31 09:43:17.668 WARN  [http-nio-0.0.0.0-8080-exec-10] [no-request] org.hibernate.orm.jdbc.error - HHH000247: ErrorCode: 0, SQLState: 08001
2026-05-31 09:43:17.668 WARN  [http-nio-0.0.0.0-8080-exec-6] [no-request] org.hibernate.orm.jdbc.error - HikariPool-1 - Connection is not available, request timed out after 30015ms (total=0, active=0, idle=0, waiting=4)
2026-05-31 09:43:17.668 WARN  [http-nio-0.0.0.0-8080-exec-1] [no-request] org.hibernate.orm.jdbc.error - HikariPool-1 - Connection is not available, request timed out after 30015ms (total=0, active=0, idle=0, waiting=3)
2026-05-31 09:43:17.668 WARN  [http-nio-0.0.0.0-8080-exec-10] [no-request] org.hibernate.orm.jdbc.error - HikariPool-1 - Connection is not available, request timed out after 30015ms (total=0, active=0, idle=0, waiting=4)
2026-05-31 09:43:17.668 WARN  [http-nio-0.0.0.0-8080-exec-1] [no-request] org.hibernate.orm.jdbc.error - HHH000247: ErrorCode: 0, SQLState: 08001
2026-05-31 09:43:17.668 WARN  [http-nio-0.0.0.0-8080-exec-6] [no-request] org.hibernate.orm.jdbc.error - HHH000247: ErrorCode: 0, SQLState: 08001
2026-05-31 09:43:17.668 WARN  [http-nio-0.0.0.0-8080-exec-10] [no-request] org.hibernate.orm.jdbc.error - HHH000247: ErrorCode: 0, SQLState: 08001
2026-05-31 09:43:17.668 WARN  [http-nio-0.0.0.0-8080-exec-1] [no-request] org.hibernate.orm.jdbc.error - HikariPool-1 - Connection is not available, request timed out after 30015ms (total=0, active=0, idle=0, waiting=3)
2026-05-31 09:43:17.668 WARN  [http-nio-0.0.0.0-8080-exec-10] [no-request] org.hibernate.orm.jdbc.error - HikariPool-1 - Connection is not available, request timed out after 30015ms (total=0, active=0, idle=0, waiting=4)
2026-05-31 09:43:17.668 WARN  [http-nio-0.0.0.0-8080-exec-6] [no-request] org.hibernate.orm.jdbc.error - HikariPool-1 - Connection is not available, request timed out after 30015ms (total=0, active=0, idle=0, waiting=4)
2026-05-31 09:43:25.740 WARN  [http-nio-0.0.0.0-8080-exec-4] [no-request] org.hibernate.orm.jdbc.error - HHH000247: ErrorCode: 0, SQLState: 08001
2026-05-31 09:43:25.741 WARN  [http-nio-0.0.0.0-8080-exec-4] [no-request] org.hibernate.orm.jdbc.error - HikariPool-1 - Connection is not available, request timed out after 30004ms (total=0, active=0, idle=0, waiting=5)
2026-05-31 09:43:25.741 WARN  [http-nio-0.0.0.0-8080-exec-4] [no-request] org.hibernate.orm.jdbc.error - HHH000247: ErrorCode: 0, SQLState: 08001
2026-05-31 09:43:25.741 WARN  [http-nio-0.0.0.0-8080-exec-4] [no-request] org.hibernate.orm.jdbc.error - HikariPool-1 - Connection is not available, request timed out after 30004ms (total=0, active=0, idle=0, waiting=5)
2026-05-31 09:43:26.046 WARN  [http-nio-0.0.0.0-8080-exec-5] [no-request] org.hibernate.orm.jdbc.error - HHH000247: ErrorCode: 0, SQLState: 08001
2026-05-31 09:43:26.046 WARN  [http-nio-0.0.0.0-8080-exec-3] [no-request] org.hibernate.orm.jdbc.error - HHH000247: ErrorCode: 0, SQLState: 08001
2026-05-31 09:43:26.046 WARN  [http-nio-0.0.0.0-8080-exec-5] [no-request] org.hibernate.orm.jdbc.error - HikariPool-1 - Connection is not available, request timed out after 30000ms (total=0, active=0, idle=0, waiting=3)
2026-05-31 09:43:26.046 WARN  [http-nio-0.0.0.0-8080-exec-3] [no-request] org.hibernate.orm.jdbc.error - HikariPool-1 - Connection is not available, request timed out after 30000ms (total=0, active=0, idle=0, waiting=3)
2026-05-31 09:43:26.046 WARN  [http-nio-0.0.0.0-8080-exec-5] [no-request] org.hibernate.orm.jdbc.error - HHH000247: ErrorCode: 0, SQLState: 08001
2026-05-31 09:43:26.046 WARN  [http-nio-0.0.0.0-8080-exec-5] [no-request] org.hibernate.orm.jdbc.error - HikariPool-1 - Connection is not available, request timed out after 30000ms (total=0, active=0, idle=0, waiting=3)
2026-05-31 09:43:26.046 WARN  [http-nio-0.0.0.0-8080-exec-3] [no-request] org.hibernate.orm.jdbc.error - HHH000247: ErrorCode: 0, SQLState: 08001
2026-05-31 09:43:26.046 WARN  [http-nio-0.0.0.0-8080-exec-3] [no-request] org.hibernate.orm.jdbc.error - HikariPool-1 - Connection is not available, request timed out after 30000ms (total=0, active=0, idle=0, waiting=3)
2026-05-31 09:43:34.066 WARN  [HikariPool-1:connection-adder] [no-request] com.zaxxer.hikari.pool.PoolBase - HikariPool-1 - Pool is empty, failed to create/setup connection (62932aa9-a1bb-4c38-9097-d908e0ad47bc)
org.postgresql.util.PSQLException: The connection attempt failed.
	at org.postgresql.core.v3.ConnectionFactoryImpl.openConnectionImpl(ConnectionFactoryImpl.java:385)
	at org.postgresql.core.ConnectionFactory.openConnection(ConnectionFactory.java:57)
	at org.postgresql.jdbc.PgConnection.<init>(PgConnection.java:290)
	at org.postgresql.Driver.makeConnection(Driver.java:448)
	at org.postgresql.Driver.connect(Driver.java:298)
	at com.zaxxer.hikari.util.DriverDataSource.getConnection(DriverDataSource.java:144)
	at com.zaxxer.hikari.pool.PoolBase.newConnection(PoolBase.java:373)
	at com.zaxxer.hikari.pool.PoolBase.newPoolEntry(PoolBase.java:210)
	at com.zaxxer.hikari.pool.HikariPool.createPoolEntry(HikariPool.java:488)
	at com.zaxxer.hikari.pool.HikariPool$PoolEntryCreator.call(HikariPool.java:752)
	at com.zaxxer.hikari.pool.HikariPool$PoolEntryCreator.call(HikariPool.java:731)
	at java.base/java.util.concurrent.FutureTask.run$$$capture(FutureTask.java:317)
	at java.base/java.util.concurrent.FutureTask.run(FutureTask.java)
	at java.base/java.util.concurrent.ThreadPoolExecutor.runWorker(ThreadPoolExecutor.java:1144)
	at java.base/java.util.concurrent.ThreadPoolExecutor$Worker.run(ThreadPoolExecutor.java:642)
	at java.base/java.lang.Thread.run(Thread.java:1589)
Caused by: java.net.SocketTimeoutException: Read timed out
	at java.base/sun.nio.ch.NioSocketImpl.timedRead(NioSocketImpl.java:273)
	at java.base/sun.nio.ch.NioSocketImpl.implRead(NioSocketImpl.java:299)
	at java.base/sun.nio.ch.NioSocketImpl.read(NioSocketImpl.java:340)
	at java.base/sun.nio.ch.NioSocketImpl$1.read(NioSocketImpl.java:789)
	at java.base/java.net.Socket$SocketInputStream.read(Socket.java:1025)
	at org.postgresql.core.VisibleBufferedInputStream.readMore(VisibleBufferedInputStream.java:192)
	at org.postgresql.core.VisibleBufferedInputStream.ensureBytes(VisibleBufferedInputStream.java:159)
	at org.postgresql.core.VisibleBufferedInputStream.ensureBytes(VisibleBufferedInputStream.java:144)
	at org.postgresql.core.VisibleBufferedInputStream.read(VisibleBufferedInputStream.java:76)
	at org.postgresql.core.PGStream.receiveChar(PGStream.java:477)
	at org.postgresql.core.v3.ConnectionFactoryImpl.enableSSL(ConnectionFactoryImpl.java:627)
	at org.postgresql.core.v3.ConnectionFactoryImpl.tryConnect(ConnectionFactoryImpl.java:207)
	at org.postgresql.core.v3.ConnectionFactoryImpl.openConnectionImpl(ConnectionFactoryImpl.java:289)
	... 15 common frames omitted
2026-05-31 09:43:48.051 WARN  [http-nio-0.0.0.0-8080-exec-8] [no-request] org.hibernate.orm.jdbc.error - HHH000247: ErrorCode: 0, SQLState: 08001
2026-05-31 09:43:48.052 WARN  [http-nio-0.0.0.0-8080-exec-8] [no-request] org.hibernate.orm.jdbc.error - HikariPool-1 - Connection is not available, request timed out after 30007ms (total=0, active=0, idle=0, waiting=4)
2026-05-31 09:43:48.052 WARN  [http-nio-0.0.0.0-8080-exec-8] [no-request] org.hibernate.orm.jdbc.error - HHH000247: ErrorCode: 0, SQLState: 08001
2026-05-31 09:43:48.052 WARN  [http-nio-0.0.0.0-8080-exec-8] [no-request] org.hibernate.orm.jdbc.error - HikariPool-1 - Connection is not available, request timed out after 30007ms (total=0, active=0, idle=0, waiting=4)
2026-05-31 09:43:48.052 WARN  [http-nio-0.0.0.0-8080-exec-9] [no-request] org.hibernate.orm.jdbc.error - HHH000247: ErrorCode: 0, SQLState: 08001
2026-05-31 09:43:48.053 WARN  [http-nio-0.0.0.0-8080-exec-7] [no-request] org.hibernate.orm.jdbc.error - HHH000247: ErrorCode: 0, SQLState: 08001
2026-05-31 09:43:48.053 WARN  [http-nio-0.0.0.0-8080-exec-9] [no-request] org.hibernate.orm.jdbc.error - HikariPool-1 - Connection is not available, request timed out after 30007ms (total=0, active=0, idle=0, waiting=4)
2026-05-31 09:43:48.053 WARN  [http-nio-0.0.0.0-8080-exec-7] [no-request] org.hibernate.orm.jdbc.error - HikariPool-1 - Connection is not available, request timed out after 30009ms (total=0, active=0, idle=0, waiting=3)
2026-05-31 09:43:48.053 WARN  [http-nio-0.0.0.0-8080-exec-7] [no-request] org.hibernate.orm.jdbc.error - HHH000247: ErrorCode: 0, SQLState: 08001
2026-05-31 09:43:48.053 WARN  [http-nio-0.0.0.0-8080-exec-9] [no-request] org.hibernate.orm.jdbc.error - HHH000247: ErrorCode: 0, SQLState: 08001
2026-05-31 09:43:48.053 WARN  [http-nio-0.0.0.0-8080-exec-7] [no-request] org.hibernate.orm.jdbc.error - HikariPool-1 - Connection is not available, request timed out after 30009ms (total=0, active=0, idle=0, waiting=3)
2026-05-31 09:43:48.053 WARN  [http-nio-0.0.0.0-8080-exec-9] [no-request] org.hibernate.orm.jdbc.error - HikariPool-1 - Connection is not available, request timed out after 30007ms (total=0, active=0, idle=0, waiting=4)
2026-05-31 09:43:56.059 WARN  [http-nio-0.0.0.0-8080-exec-2] [no-request] org.hibernate.orm.jdbc.error - HHH000247: ErrorCode: 0, SQLState: 08001
2026-05-31 09:43:56.059 WARN  [http-nio-0.0.0.0-8080-exec-2] [no-request] org.hibernate.orm.jdbc.error - HikariPool-1 - Connection is not available, request timed out after 30001ms (total=0, active=0, idle=0, waiting=5)
2026-05-31 09:43:56.059 WARN  [http-nio-0.0.0.0-8080-exec-2] [no-request] org.hibernate.orm.jdbc.error - HHH000247: ErrorCode: 0, SQLState: 08001
2026-05-31 09:43:56.059 WARN  [http-nio-0.0.0.0-8080-exec-2] [no-request] org.hibernate.orm.jdbc.error - HikariPool-1 - Connection is not available, request timed out after 30001ms (total=0, active=0, idle=0, waiting=5)
2026-05-31 09:43:56.369 WARN  [http-nio-0.0.0.0-8080-exec-6] [no-request] org.hibernate.orm.jdbc.error - HHH000247: ErrorCode: 0, SQLState: 08001
2026-05-31 09:43:56.369 WARN  [http-nio-0.0.0.0-8080-exec-1] [no-request] org.hibernate.orm.jdbc.error - HHH000247: ErrorCode: 0, SQLState: 08001
2026-05-31 09:43:56.369 WARN  [http-nio-0.0.0.0-8080-exec-6] [no-request] org.hibernate.orm.jdbc.error - HikariPool-1 - Connection is not available, request timed out after 30007ms (total=0, active=0, idle=0, waiting=3)
2026-05-31 09:43:56.369 WARN  [http-nio-0.0.0.0-8080-exec-1] [no-request] org.hibernate.orm.jdbc.error - HikariPool-1 - Connection is not available, request timed out after 30007ms (total=0, active=0, idle=0, waiting=3)
2026-05-31 09:43:56.369 WARN  [http-nio-0.0.0.0-8080-exec-6] [no-request] org.hibernate.orm.jdbc.error - HHH000247: ErrorCode: 0, SQLState: 08001
2026-05-31 09:43:56.369 WARN  [http-nio-0.0.0.0-8080-exec-1] [no-request] org.hibernate.orm.jdbc.error - HHH000247: ErrorCode: 0, SQLState: 08001
2026-05-31 09:43:56.369 WARN  [http-nio-0.0.0.0-8080-exec-6] [no-request] org.hibernate.orm.jdbc.error - HikariPool-1 - Connection is not available, request timed out after 30007ms (total=0, active=0, idle=0, waiting=3)
2026-05-31 09:43:56.369 WARN  [http-nio-0.0.0.0-8080-exec-1] [no-request] org.hibernate.orm.jdbc.error - HikariPool-1 - Connection is not available, request timed out after 30007ms (total=0, active=0, idle=0, waiting=3)
2026-05-31 09:44:18.396 WARN  [http-nio-0.0.0.0-8080-exec-10] [no-request] org.hibernate.orm.jdbc.error - HHH000247: ErrorCode: 0, SQLState: 08001
2026-05-31 09:44:18.396 WARN  [http-nio-0.0.0.0-8080-exec-10] [no-request] org.hibernate.orm.jdbc.error - HikariPool-1 - Connection is not available, request timed out after 30015ms (total=0, active=0, idle=0, waiting=3)
2026-05-31 09:44:18.396 WARN  [http-nio-0.0.0.0-8080-exec-4] [no-request] org.hibernate.orm.jdbc.error - HHH000247: ErrorCode: 0, SQLState: 08001
2026-05-31 09:44:18.396 WARN  [http-nio-0.0.0.0-8080-exec-10] [no-request] org.hibernate.orm.jdbc.error - HHH000247: ErrorCode: 0, SQLState: 08001
2026-05-31 09:44:18.396 WARN  [http-nio-0.0.0.0-8080-exec-5] [no-request] org.hibernate.orm.jdbc.error - HHH000247: ErrorCode: 0, SQLState: 08001
2026-05-31 09:44:18.396 WARN  [http-nio-0.0.0.0-8080-exec-10] [no-request] org.hibernate.orm.jdbc.error - HikariPool-1 - Connection is not available, request timed out after 30015ms (total=0, active=0, idle=0, waiting=3)
2026-05-31 09:44:18.396 WARN  [http-nio-0.0.0.0-8080-exec-4] [no-request] org.hibernate.orm.jdbc.error - HikariPool-1 - Connection is not available, request timed out after 30015ms (total=0, active=0, idle=0, waiting=3)
2026-05-31 09:44:18.396 WARN  [http-nio-0.0.0.0-8080-exec-5] [no-request] org.hibernate.orm.jdbc.error - HikariPool-1 - Connection is not available, request timed out after 30015ms (total=0, active=0, idle=0, waiting=3)
2026-05-31 09:44:18.396 WARN  [http-nio-0.0.0.0-8080-exec-4] [no-request] org.hibernate.orm.jdbc.error - HHH000247: ErrorCode: 0, SQLState: 08001
2026-05-31 09:44:18.396 WARN  [http-nio-0.0.0.0-8080-exec-5] [no-request] org.hibernate.orm.jdbc.error - HHH000247: ErrorCode: 0, SQLState: 08001
2026-05-31 09:44:18.397 WARN  [http-nio-0.0.0.0-8080-exec-4] [no-request] org.hibernate.orm.jdbc.error - HikariPool-1 - Connection is not available, request timed out after 30015ms (total=0, active=0, idle=0, waiting=3)
2026-05-31 09:44:18.397 WARN  [http-nio-0.0.0.0-8080-exec-5] [no-request] org.hibernate.orm.jdbc.error - HikariPool-1 - Connection is not available, request timed out after 30015ms (total=0, active=0, idle=0, waiting=3)
2026-05-31 09:44:26.385 WARN  [http-nio-0.0.0.0-8080-exec-3] [no-request] org.hibernate.orm.jdbc.error - HHH000247: ErrorCode: 0, SQLState: 08001
2026-05-31 09:44:26.385 WARN  [http-nio-0.0.0.0-8080-exec-3] [no-request] org.hibernate.orm.jdbc.error - HikariPool-1 - Connection is not available, request timed out after 30009ms (total=0, active=0, idle=0, waiting=5)
2026-05-31 09:44:26.385 WARN  [http-nio-0.0.0.0-8080-exec-3] [no-request] org.hibernate.orm.jdbc.error - HHH000247: ErrorCode: 0, SQLState: 08001
2026-05-31 09:44:26.385 WARN  [http-nio-0.0.0.0-8080-exec-3] [no-request] org.hibernate.orm.jdbc.error - HikariPool-1 - Connection is not available, request timed out after 30009ms (total=0, active=0, idle=0, waiting=5)
2026-05-31 09:44:26.697 WARN  [http-nio-0.0.0.0-8080-exec-8] [no-request] org.hibernate.orm.jdbc.error - HHH000247: ErrorCode: 0, SQLState: 08001
2026-05-31 09:44:26.697 WARN  [http-nio-0.0.0.0-8080-exec-9] [no-request] org.hibernate.orm.jdbc.error - HHH000247: ErrorCode: 0, SQLState: 08001
2026-05-31 09:44:26.697 WARN  [http-nio-0.0.0.0-8080-exec-8] [no-request] org.hibernate.orm.jdbc.error - HikariPool-1 - Connection is not available, request timed out after 30010ms (total=0, active=0, idle=0, waiting=3)
2026-05-31 09:44:26.697 WARN  [http-nio-0.0.0.0-8080-exec-9] [no-request] org.hibernate.orm.jdbc.error - HikariPool-1 - Connection is not available, request timed out after 30010ms (total=0, active=0, idle=0, waiting=3)
2026-05-31 09:44:26.697 WARN  [http-nio-0.0.0.0-8080-exec-8] [no-request] org.hibernate.orm.jdbc.error - HHH000247: ErrorCode: 0, SQLState: 08001
2026-05-31 09:44:26.697 WARN  [http-nio-0.0.0.0-8080-exec-9] [no-request] org.hibernate.orm.jdbc.error - HHH000247: ErrorCode: 0, SQLState: 08001
2026-05-31 09:44:26.697 WARN  [http-nio-0.0.0.0-8080-exec-8] [no-request] org.hibernate.orm.jdbc.error - HikariPool-1 - Connection is not available, request timed out after 30010ms (total=0, active=0, idle=0, waiting=3)
2026-05-31 09:44:26.697 WARN  [http-nio-0.0.0.0-8080-exec-9] [no-request] org.hibernate.orm.jdbc.error - HikariPool-1 - Connection is not available, request timed out after 30010ms (total=0, active=0, idle=0, waiting=3)
2026-05-31 09:44:44.183 WARN  [HikariPool-1:connection-adder] [no-request] com.zaxxer.hikari.pool.PoolBase - HikariPool-1 - Pool is empty, failed to create/setup connection (d2b0ced9-1245-4614-9cb6-adbba39ffdeb)
org.postgresql.util.PSQLException: The connection attempt failed.
	at org.postgresql.core.v3.ConnectionFactoryImpl.openConnectionImpl(ConnectionFactoryImpl.java:385)
	at org.postgresql.core.ConnectionFactory.openConnection(ConnectionFactory.java:57)
	at org.postgresql.jdbc.PgConnection.<init>(PgConnection.java:290)
	at org.postgresql.Driver.makeConnection(Driver.java:448)
	at org.postgresql.Driver.connect(Driver.java:298)
	at com.zaxxer.hikari.util.DriverDataSource.getConnection(DriverDataSource.java:144)
	at com.zaxxer.hikari.pool.PoolBase.newConnection(PoolBase.java:373)
	at com.zaxxer.hikari.pool.PoolBase.newPoolEntry(PoolBase.java:210)
	at com.zaxxer.hikari.pool.HikariPool.createPoolEntry(HikariPool.java:488)
	at com.zaxxer.hikari.pool.HikariPool$PoolEntryCreator.call(HikariPool.java:752)
	at com.zaxxer.hikari.pool.HikariPool$PoolEntryCreator.call(HikariPool.java:731)
	at java.base/java.util.concurrent.FutureTask.run$$$capture(FutureTask.java:317)
	at java.base/java.util.concurrent.FutureTask.run(FutureTask.java)
	at java.base/java.util.concurrent.ThreadPoolExecutor.runWorker(ThreadPoolExecutor.java:1144)
	at java.base/java.util.concurrent.ThreadPoolExecutor$Worker.run(ThreadPoolExecutor.java:642)
	at java.base/java.lang.Thread.run(Thread.java:1589)
Caused by: java.net.SocketTimeoutException: Read timed out
	at java.base/sun.nio.ch.NioSocketImpl.timedRead(NioSocketImpl.java:273)
	at java.base/sun.nio.ch.NioSocketImpl.implRead(NioSocketImpl.java:299)
	at java.base/sun.nio.ch.NioSocketImpl.read(NioSocketImpl.java:340)
	at java.base/sun.nio.ch.NioSocketImpl$1.read(NioSocketImpl.java:789)
	at java.base/java.net.Socket$SocketInputStream.read(Socket.java:1025)
	at org.postgresql.core.VisibleBufferedInputStream.readMore(VisibleBufferedInputStream.java:192)
	at org.postgresql.core.VisibleBufferedInputStream.ensureBytes(VisibleBufferedInputStream.java:159)
	at org.postgresql.core.VisibleBufferedInputStream.ensureBytes(VisibleBufferedInputStream.java:144)
	at org.postgresql.core.VisibleBufferedInputStream.read(VisibleBufferedInputStream.java:76)
	at org.postgresql.core.PGStream.receiveChar(PGStream.java:477)
	at org.postgresql.core.v3.ConnectionFactoryImpl.enableSSL(ConnectionFactoryImpl.java:627)
	at org.postgresql.core.v3.ConnectionFactoryImpl.tryConnect(ConnectionFactoryImpl.java:207)
	at org.postgresql.core.v3.ConnectionFactoryImpl.openConnectionImpl(ConnectionFactoryImpl.java:289)
	... 15 common frames omitted
2026-05-31 09:44:48.721 WARN  [http-nio-0.0.0.0-8080-exec-7] [no-request] org.hibernate.orm.jdbc.error - HHH000247: ErrorCode: 0, SQLState: 08001
2026-05-31 09:44:48.721 WARN  [http-nio-0.0.0.0-8080-exec-7] [no-request] org.hibernate.orm.jdbc.error - HikariPool-1 - Connection is not available, request timed out after 30010ms (total=0, active=0, idle=0, waiting=3)
2026-05-31 09:44:48.721 WARN  [http-nio-0.0.0.0-8080-exec-2] [no-request] org.hibernate.orm.jdbc.error - HHH000247: ErrorCode: 0, SQLState: 08001
2026-05-31 09:44:48.721 WARN  [http-nio-0.0.0.0-8080-exec-1] [no-request] org.hibernate.orm.jdbc.error - HHH000247: ErrorCode: 0, SQLState: 08001
2026-05-31 09:44:48.721 WARN  [http-nio-0.0.0.0-8080-exec-7] [no-request] org.hibernate.orm.jdbc.error - HHH000247: ErrorCode: 0, SQLState: 08001
2026-05-31 09:44:48.721 WARN  [http-nio-0.0.0.0-8080-exec-2] [no-request] org.hibernate.orm.jdbc.error - HikariPool-1 - Connection is not available, request timed out after 30010ms (total=0, active=0, idle=0, waiting=3)
2026-05-31 09:44:48.721 WARN  [http-nio-0.0.0.0-8080-exec-1] [no-request] org.hibernate.orm.jdbc.error - HikariPool-1 - Connection is not available, request timed out after 30010ms (total=0, active=0, idle=0, waiting=3)
2026-05-31 09:44:48.721 WARN  [http-nio-0.0.0.0-8080-exec-2] [no-request] org.hibernate.orm.jdbc.error - HHH000247: ErrorCode: 0, SQLState: 08001
2026-05-31 09:44:48.721 WARN  [http-nio-0.0.0.0-8080-exec-2] [no-request] org.hibernate.orm.jdbc.error - HikariPool-1 - Connection is not available, request timed out after 30010ms (total=0, active=0, idle=0, waiting=3)
2026-05-31 09:44:48.721 WARN  [http-nio-0.0.0.0-8080-exec-7] [no-request] org.hibernate.orm.jdbc.error - HikariPool-1 - Connection is not available, request timed out after 30010ms (total=0, active=0, idle=0, waiting=3)
2026-05-31 09:44:48.721 WARN  [http-nio-0.0.0.0-8080-exec-1] [no-request] org.hibernate.orm.jdbc.error - HHH000247: ErrorCode: 0, SQLState: 08001
2026-05-31 09:44:48.721 WARN  [http-nio-0.0.0.0-8080-exec-1] [no-request] org.hibernate.orm.jdbc.error - HikariPool-1 - Connection is not available, request timed out after 30010ms (total=0, active=0, idle=0, waiting=3)
2026-05-31 09:44:56.716 WARN  [http-nio-0.0.0.0-8080-exec-6] [no-request] org.hibernate.orm.jdbc.error - HHH000247: ErrorCode: 0, SQLState: 08001
2026-05-31 09:44:56.716 WARN  [http-nio-0.0.0.0-8080-exec-6] [no-request] org.hibernate.orm.jdbc.error - HikariPool-1 - Connection is not available, request timed out after 30012ms (total=0, active=0, idle=0, waiting=11)
2026-05-31 09:44:56.716 WARN  [http-nio-0.0.0.0-8080-exec-6] [no-request] org.hibernate.orm.jdbc.error - HHH000247: ErrorCode: 0, SQLState: 08001
2026-05-31 09:44:56.716 WARN  [http-nio-0.0.0.0-8080-exec-6] [no-request] org.hibernate.orm.jdbc.error - HikariPool-1 - Connection is not available, request timed out after 30012ms (total=0, active=0, idle=0, waiting=11)
2026-05-31 09:44:57.029 WARN  [http-nio-0.0.0.0-8080-exec-10] [no-request] org.hibernate.orm.jdbc.error - HHH000247: ErrorCode: 0, SQLState: 08001
2026-05-31 09:44:57.029 WARN  [http-nio-0.0.0.0-8080-exec-4] [no-request] org.hibernate.orm.jdbc.error - HHH000247: ErrorCode: 0, SQLState: 08001
2026-05-31 09:44:57.029 WARN  [http-nio-0.0.0.0-8080-exec-10] [no-request] org.hibernate.orm.jdbc.error - HikariPool-1 - Connection is not available, request timed out after 30015ms (total=0, active=0, idle=0, waiting=10)
2026-05-31 09:44:57.029 WARN  [http-nio-0.0.0.0-8080-exec-4] [no-request] org.hibernate.orm.jdbc.error - HikariPool-1 - Connection is not available, request timed out after 30015ms (total=0, active=0, idle=0, waiting=10)
2026-05-31 09:44:57.029 WARN  [http-nio-0.0.0.0-8080-exec-4] [no-request] org.hibernate.orm.jdbc.error - HHH000247: ErrorCode: 0, SQLState: 08001
2026-05-31 09:44:57.029 WARN  [http-nio-0.0.0.0-8080-exec-10] [no-request] org.hibernate.orm.jdbc.error - HHH000247: ErrorCode: 0, SQLState: 08001
2026-05-31 09:44:57.029 WARN  [http-nio-0.0.0.0-8080-exec-4] [no-request] org.hibernate.orm.jdbc.error - HikariPool-1 - Connection is not available, request timed out after 30015ms (total=0, active=0, idle=0, waiting=10)
2026-05-31 09:44:57.029 WARN  [http-nio-0.0.0.0-8080-exec-10] [no-request] org.hibernate.orm.jdbc.error - HikariPool-1 - Connection is not available, request timed out after 30015ms (total=0, active=0, idle=0, waiting=10)
2026-05-31 09:45:18.732 WARN  [http-nio-0.0.0.0-8080-exec-1] [0f3ac895-9e7e-4654-a557-62f7eeac2716] org.hibernate.orm.jdbc.error - HHH000247: ErrorCode: 0, SQLState: 08001
2026-05-31 09:45:18.732 WARN  [http-nio-0.0.0.0-8080-exec-1] [0f3ac895-9e7e-4654-a557-62f7eeac2716] org.hibernate.orm.jdbc.error - HikariPool-1 - Connection is not available, request timed out after 30007ms (total=0, active=0, idle=0, waiting=9)
2026-05-31 09:45:18.732 WARN  [http-nio-0.0.0.0-8080-exec-1] [0f3ac895-9e7e-4654-a557-62f7eeac2716] org.hibernate.orm.jdbc.error - HHH000247: ErrorCode: 0, SQLState: 08001
2026-05-31 09:45:18.732 WARN  [http-nio-0.0.0.0-8080-exec-1] [0f3ac895-9e7e-4654-a557-62f7eeac2716] org.hibernate.orm.jdbc.error - HikariPool-1 - Connection is not available, request timed out after 30007ms (total=0, active=0, idle=0, waiting=9)
2026-05-31 09:45:18.733 WARN  [http-nio-0.0.0.0-8080-exec-1] [0f3ac895-9e7e-4654-a557-62f7eeac2716] p.e.config.LoggingAspect - CONTROLLER CategoryController.findAll - failed (30009 ms): Could not open JPA EntityManager for transaction
2026-05-31 09:45:18.736 ERROR [http-nio-0.0.0.0-8080-exec-1] [0f3ac895-9e7e-4654-a557-62f7eeac2716] p.e.exception.GlobalExceptionHandler - Unhandled exception: Could not open JPA EntityManager for transaction
org.springframework.transaction.CannotCreateTransactionException: Could not open JPA EntityManager for transaction
	at org.springframework.orm.jpa.JpaTransactionManager.doBegin(JpaTransactionManager.java:457)
	at org.springframework.transaction.support.AbstractPlatformTransactionManager.startTransaction(AbstractPlatformTransactionManager.java:532)
	at org.springframework.transaction.support.AbstractPlatformTransactionManager.getTransaction(AbstractPlatformTransactionManager.java:405)
	at org.springframework.transaction.interceptor.TransactionAspectSupport.createTransactionIfNecessary(TransactionAspectSupport.java:628)
	at org.springframework.transaction.interceptor.TransactionAspectSupport.invokeWithinTransaction(TransactionAspectSupport.java:365)
	at org.springframework.transaction.interceptor.TransactionInterceptor.invoke(TransactionInterceptor.java:130)
	at org.springframework.aop.framework.ReflectiveMethodInvocation.proceed(ReflectiveMethodInvocation.java:179)
	at org.springframework.aop.interceptor.ExposeInvocationInterceptor.invoke(ExposeInvocationInterceptor.java:96)
	at org.springframework.aop.framework.ReflectiveMethodInvocation.proceed(ReflectiveMethodInvocation.java:179)
	at org.springframework.aop.framework.CglibAopProxy$DynamicAdvisedInterceptor.intercept(CglibAopProxy.java:719)
	at personal.ecommercebackend.service.impl.CategoryServiceImpl$$SpringCGLIB$$0.findAll(<generated>)
	at personal.ecommercebackend.controller.CategoryController.findAll(CategoryController.java:23)
	at java.base/jdk.internal.reflect.DirectMethodHandleAccessor.invoke(DirectMethodHandleAccessor.java:104)
	at java.base/java.lang.reflect.Method.invoke(Method.java:578)
	at org.springframework.aop.support.AopUtils.invokeJoinpointUsingReflection(AopUtils.java:359)
	at org.springframework.aop.framework.ReflectiveMethodInvocation.invokeJoinpoint(ReflectiveMethodInvocation.java:190)
	at org.springframework.aop.framework.ReflectiveMethodInvocation.proceed(ReflectiveMethodInvocation.java:158)
	at org.springframework.aop.aspectj.MethodInvocationProceedingJoinPoint.proceed(MethodInvocationProceedingJoinPoint.java:82)
	at personal.ecommercebackend.config.LoggingAspect.logExecution(LoggingAspect.java:37)
	at personal.ecommercebackend.config.LoggingAspect.logController(LoggingAspect.java:25)
	at java.base/jdk.internal.reflect.DirectMethodHandleAccessor.invoke(DirectMethodHandleAccessor.java:104)
	at java.base/java.lang.reflect.Method.invoke(Method.java:578)
	at org.springframework.aop.aspectj.AbstractAspectJAdvice.invokeAdviceMethodWithGivenArgs(AbstractAspectJAdvice.java:648)
	at org.springframework.aop.aspectj.AbstractAspectJAdvice.invokeAdviceMethod(AbstractAspectJAdvice.java:630)
	at org.springframework.aop.aspectj.AspectJAroundAdvice.invoke(AspectJAroundAdvice.java:70)
	at org.springframework.aop.framework.ReflectiveMethodInvocation.proceed(ReflectiveMethodInvocation.java:179)
	at org.springframework.aop.interceptor.ExposeInvocationInterceptor.invoke(ExposeInvocationInterceptor.java:96)
	at org.springframework.aop.framework.ReflectiveMethodInvocation.proceed(ReflectiveMethodInvocation.java:179)
	at org.springframework.aop.framework.CglibAopProxy$DynamicAdvisedInterceptor.intercept(CglibAopProxy.java:719)
	at personal.ecommercebackend.controller.CategoryController$$SpringCGLIB$$0.findAll(<generated>)
	at java.base/jdk.internal.reflect.DirectMethodHandleAccessor.invoke(DirectMethodHandleAccessor.java:104)
	at java.base/java.lang.reflect.Method.invoke(Method.java:578)
	at org.springframework.web.method.support.InvocableHandlerMethod.doInvoke(InvocableHandlerMethod.java:252)
	at org.springframework.web.method.support.InvocableHandlerMethod.invokeForRequest(InvocableHandlerMethod.java:184)
	at org.springframework.web.servlet.mvc.method.annotation.ServletInvocableHandlerMethod.invokeAndHandle(ServletInvocableHandlerMethod.java:117)
	at org.springframework.web.servlet.mvc.method.annotation.RequestMappingHandlerAdapter.invokeHandlerMethod(RequestMappingHandlerAdapter.java:934)
	at org.springframework.web.servlet.mvc.method.annotation.RequestMappingHandlerAdapter.handleInternal(RequestMappingHandlerAdapter.java:853)
	at org.springframework.web.servlet.mvc.method.AbstractHandlerMethodAdapter.handle(AbstractHandlerMethodAdapter.java:86)
	at org.springframework.web.servlet.DispatcherServlet.doDispatch(DispatcherServlet.java:963)
	at org.springframework.web.servlet.DispatcherServlet.doService(DispatcherServlet.java:866)
	at org.springframework.web.servlet.FrameworkServlet.processRequest(FrameworkServlet.java:1000)
	at org.springframework.web.servlet.FrameworkServlet.doGet(FrameworkServlet.java:892)
	at jakarta.servlet.http.HttpServlet.service(HttpServlet.java:622)
	at org.springframework.web.servlet.FrameworkServlet.service(FrameworkServlet.java:874)
	at jakarta.servlet.http.HttpServlet.service(HttpServlet.java:710)
	at org.apache.catalina.core.ApplicationFilterChain.doFilter(ApplicationFilterChain.java:128)
	at org.apache.tomcat.websocket.server.WsFilter.doFilter(WsFilter.java:53)
	at org.apache.catalina.core.ApplicationFilterChain.doFilter(ApplicationFilterChain.java:107)
	at org.springframework.web.filter.OncePerRequestFilter.doFilter(OncePerRequestFilter.java:110)
	at org.apache.catalina.core.ApplicationFilterChain.doFilter(ApplicationFilterChain.java:107)
	at personal.ecommercebackend.config.RequestLoggingFilter.doFilterInternal(RequestLoggingFilter.java:38)
	at org.springframework.web.filter.OncePerRequestFilter.doFilter(OncePerRequestFilter.java:116)
	at org.apache.catalina.core.ApplicationFilterChain.doFilter(ApplicationFilterChain.java:107)
	at personal.ecommercebackend.config.AuthRateLimitFilter.doFilterInternal(AuthRateLimitFilter.java:36)
	at org.springframework.web.filter.OncePerRequestFilter.doFilter(OncePerRequestFilter.java:116)
	at org.apache.catalina.core.ApplicationFilterChain.doFilter(ApplicationFilterChain.java:107)
	at org.springframework.web.filter.CompositeFilter$VirtualFilterChain.doFilter(CompositeFilter.java:108)
	at org.springframework.security.web.FilterChainProxy.lambda$doFilterInternal$3(FilterChainProxy.java:235)
	at org.springframework.security.web.ObservationFilterChainDecorator$FilterObservation$SimpleFilterObservation.lambda$wrap$1(ObservationFilterChainDecorator.java:493)
	at org.springframework.security.web.ObservationFilterChainDecorator$AroundFilterObservation$SimpleAroundFilterObservation.lambda$wrap$1(ObservationFilterChainDecorator.java:354)
	at org.springframework.security.web.ObservationFilterChainDecorator.lambda$wrapSecured$0(ObservationFilterChainDecorator.java:86)
	at org.springframework.security.web.ObservationFilterChainDecorator$VirtualFilterChain.doFilter(ObservationFilterChainDecorator.java:132)
	at org.springframework.security.web.access.intercept.AuthorizationFilter.doFilter(AuthorizationFilter.java:101)
	at org.springframework.security.web.ObservationFilterChainDecorator$ObservationFilter.wrapFilter(ObservationFilterChainDecorator.java:244)
	at org.springframework.security.web.ObservationFilterChainDecorator$ObservationFilter.doFilter(ObservationFilterChainDecorator.java:231)
	at org.springframework.security.web.ObservationFilterChainDecorator$VirtualFilterChain.doFilter(ObservationFilterChainDecorator.java:141)
	at org.springframework.security.web.access.ExceptionTranslationFilter.doFilter(ExceptionTranslationFilter.java:126)
	at org.springframework.security.web.access.ExceptionTranslationFilter.doFilter(ExceptionTranslationFilter.java:120)
	at org.springframework.security.web.ObservationFilterChainDecorator$ObservationFilter.wrapFilter(ObservationFilterChainDecorator.java:244)
	at org.springframework.security.web.ObservationFilterChainDecorator$ObservationFilter.doFilter(ObservationFilterChainDecorator.java:231)
	at org.springframework.security.web.ObservationFilterChainDecorator$VirtualFilterChain.doFilter(ObservationFilterChainDecorator.java:141)
	at org.springframework.security.web.session.SessionManagementFilter.doFilter(SessionManagementFilter.java:132)
	at org.springframework.security.web.session.SessionManagementFilter.doFilter(SessionManagementFilter.java:86)
	at org.springframework.security.web.ObservationFilterChainDecorator$ObservationFilter.wrapFilter(ObservationFilterChainDecorator.java:244)
	at org.springframework.security.web.ObservationFilterChainDecorator$ObservationFilter.doFilter(ObservationFilterChainDecorator.java:231)
	at org.springframework.security.web.ObservationFilterChainDecorator$VirtualFilterChain.doFilter(ObservationFilterChainDecorator.java:141)
	at org.springframework.security.web.authentication.AnonymousAuthenticationFilter.doFilter(AnonymousAuthenticationFilter.java:100)
	at org.springframework.security.web.ObservationFilterChainDecorator$ObservationFilter.wrapFilter(ObservationFilterChainDecorator.java:244)
	at org.springframework.security.web.ObservationFilterChainDecorator$ObservationFilter.doFilter(ObservationFilterChainDecorator.java:231)
	at org.springframework.security.web.ObservationFilterChainDecorator$VirtualFilterChain.doFilter(ObservationFilterChainDecorator.java:141)
	at org.springframework.security.web.servletapi.SecurityContextHolderAwareRequestFilter.doFilter(SecurityContextHolderAwareRequestFilter.java:181)
	at org.springframework.security.web.ObservationFilterChainDecorator$ObservationFilter.wrapFilter(ObservationFilterChainDecorator.java:244)
	at org.springframework.security.web.ObservationFilterChainDecorator$ObservationFilter.doFilter(ObservationFilterChainDecorator.java:231)
	at org.springframework.security.web.ObservationFilterChainDecorator$VirtualFilterChain.doFilter(ObservationFilterChainDecorator.java:141)
	at org.springframework.security.web.savedrequest.RequestCacheAwareFilter.doFilter(RequestCacheAwareFilter.java:63)
	at org.springframework.security.web.ObservationFilterChainDecorator$ObservationFilter.wrapFilter(ObservationFilterChainDecorator.java:244)
	at org.springframework.security.web.ObservationFilterChainDecorator$ObservationFilter.doFilter(ObservationFilterChainDecorator.java:231)
	at org.springframework.security.web.ObservationFilterChainDecorator$VirtualFilterChain.doFilter(ObservationFilterChainDecorator.java:141)
	at personal.ecommercebackend.security.JwtAuthenticationFilter.doFilterInternal(JwtAuthenticationFilter.java:53)
	at org.springframework.web.filter.OncePerRequestFilter.doFilter(OncePerRequestFilter.java:116)
	at org.springframework.security.web.ObservationFilterChainDecorator$ObservationFilter.wrapFilter(ObservationFilterChainDecorator.java:244)
	at org.springframework.security.web.ObservationFilterChainDecorator$ObservationFilter.doFilter(ObservationFilterChainDecorator.java:231)
	at org.springframework.security.web.ObservationFilterChainDecorator$VirtualFilterChain.doFilter(ObservationFilterChainDecorator.java:141)
	at org.springframework.security.web.authentication.logout.LogoutFilter.doFilter(LogoutFilter.java:110)
	at org.springframework.security.web.authentication.logout.LogoutFilter.doFilter(LogoutFilter.java:96)
	at org.springframework.security.web.ObservationFilterChainDecorator$ObservationFilter.wrapFilter(ObservationFilterChainDecorator.java:244)
	at org.springframework.security.web.ObservationFilterChainDecorator$ObservationFilter.doFilter(ObservationFilterChainDecorator.java:231)
	at org.springframework.security.web.ObservationFilterChainDecorator$VirtualFilterChain.doFilter(ObservationFilterChainDecorator.java:141)
	at org.springframework.security.web.header.HeaderWriterFilter.doHeadersAfter(HeaderWriterFilter.java:90)
	at org.springframework.security.web.header.HeaderWriterFilter.doFilterInternal(HeaderWriterFilter.java:75)
	at org.springframework.web.filter.OncePerRequestFilter.doFilter(OncePerRequestFilter.java:116)
	at org.springframework.security.web.ObservationFilterChainDecorator$ObservationFilter.wrapFilter(ObservationFilterChainDecorator.java:244)
	at org.springframework.security.web.ObservationFilterChainDecorator$ObservationFilter.doFilter(ObservationFilterChainDecorator.java:231)
	at org.springframework.security.web.ObservationFilterChainDecorator$VirtualFilterChain.doFilter(ObservationFilterChainDecorator.java:141)
	at org.springframework.security.web.context.SecurityContextHolderFilter.doFilter(SecurityContextHolderFilter.java:82)
	at org.springframework.security.web.context.SecurityContextHolderFilter.doFilter(SecurityContextHolderFilter.java:69)
	at org.springframework.security.web.ObservationFilterChainDecorator$ObservationFilter.wrapFilter(ObservationFilterChainDecorator.java:244)
	at org.springframework.security.web.ObservationFilterChainDecorator$ObservationFilter.doFilter(ObservationFilterChainDecorator.java:231)
	at org.springframework.security.web.ObservationFilterChainDecorator$VirtualFilterChain.doFilter(ObservationFilterChainDecorator.java:141)
	at org.springframework.security.web.context.request.async.WebAsyncManagerIntegrationFilter.doFilterInternal(WebAsyncManagerIntegrationFilter.java:62)
	at org.springframework.web.filter.OncePerRequestFilter.doFilter(OncePerRequestFilter.java:116)
	at org.springframework.security.web.ObservationFilterChainDecorator$ObservationFilter.wrapFilter(ObservationFilterChainDecorator.java:244)
	at org.springframework.security.web.ObservationFilterChainDecorator$ObservationFilter.doFilter(ObservationFilterChainDecorator.java:231)
	at org.springframework.security.web.ObservationFilterChainDecorator$VirtualFilterChain.doFilter(ObservationFilterChainDecorator.java:141)
	at org.springframework.security.web.session.DisableEncodeUrlFilter.doFilterInternal(DisableEncodeUrlFilter.java:42)
	at org.springframework.web.filter.OncePerRequestFilter.doFilter(OncePerRequestFilter.java:116)
	at org.springframework.security.web.ObservationFilterChainDecorator$ObservationFilter.wrapFilter(ObservationFilterChainDecorator.java:244)
	at org.springframework.security.web.ObservationFilterChainDecorator$AroundFilterObservation$SimpleAroundFilterObservation.lambda$wrap$0(ObservationFilterChainDecorator.java:337)
	at org.springframework.security.web.ObservationFilterChainDecorator$ObservationFilter.doFilter(ObservationFilterChainDecorator.java:228)
	at org.springframework.security.web.ObservationFilterChainDecorator$VirtualFilterChain.doFilter(ObservationFilterChainDecorator.java:141)
	at org.springframework.security.web.FilterChainProxy.doFilterInternal(FilterChainProxy.java:237)
	at org.springframework.security.web.FilterChainProxy.doFilter(FilterChainProxy.java:195)
	at org.springframework.web.filter.CompositeFilter$VirtualFilterChain.doFilter(CompositeFilter.java:113)
	at org.springframework.web.filter.ServletRequestPathFilter.doFilter(ServletRequestPathFilter.java:52)
	at org.springframework.web.filter.CompositeFilter$VirtualFilterChain.doFilter(CompositeFilter.java:113)
	at org.springframework.web.filter.CompositeFilter.doFilter(CompositeFilter.java:74)
	at org.springframework.security.config.annotation.web.configuration.WebSecurityConfiguration$CompositeFilterChainProxy.doFilter(WebSecurityConfiguration.java:317)
	at org.springframework.web.filter.DelegatingFilterProxy.invokeDelegate(DelegatingFilterProxy.java:355)
	at org.springframework.web.filter.DelegatingFilterProxy.doFilter(DelegatingFilterProxy.java:272)
	at org.apache.catalina.core.ApplicationFilterChain.doFilter(ApplicationFilterChain.java:107)
	at org.springframework.web.filter.RequestContextFilter.doFilterInternal(RequestContextFilter.java:100)
	at org.springframework.web.filter.OncePerRequestFilter.doFilter(OncePerRequestFilter.java:116)
	at org.apache.catalina.core.ApplicationFilterChain.doFilter(ApplicationFilterChain.java:107)
	at org.springframework.web.filter.FormContentFilter.doFilterInternal(FormContentFilter.java:93)
	at org.springframework.web.filter.OncePerRequestFilter.doFilter(OncePerRequestFilter.java:116)
	at org.apache.catalina.core.ApplicationFilterChain.doFilter(ApplicationFilterChain.java:107)
	at org.springframework.web.filter.ServerHttpObservationFilter.doFilterInternal(ServerHttpObservationFilter.java:110)
	at org.springframework.web.filter.OncePerRequestFilter.doFilter(OncePerRequestFilter.java:116)
	at org.apache.catalina.core.ApplicationFilterChain.doFilter(ApplicationFilterChain.java:107)
	at org.springframework.web.filter.CharacterEncodingFilter.doFilterInternal(CharacterEncodingFilter.java:199)
	at org.springframework.web.filter.OncePerRequestFilter.doFilter(OncePerRequestFilter.java:116)
	at org.apache.catalina.core.ApplicationFilterChain.doFilter(ApplicationFilterChain.java:107)
	at org.apache.catalina.core.StandardWrapperValve.invoke(StandardWrapperValve.java:165)
	at org.apache.catalina.core.StandardContextValve.invoke(StandardContextValve.java:77)
	at org.apache.catalina.authenticator.AuthenticatorBase.invoke(AuthenticatorBase.java:492)
	at org.apache.catalina.core.StandardHostValve.invoke(StandardHostValve.java:113)
	at org.apache.catalina.valves.ErrorReportValve.invoke(ErrorReportValve.java:83)
	at org.apache.catalina.core.StandardEngineValve.invoke(StandardEngineValve.java:72)
	at org.apache.catalina.connector.CoyoteAdapter.service(CoyoteAdapter.java:341)
	at org.apache.coyote.http11.Http11Processor.service(Http11Processor.java:397)
	at org.apache.coyote.AbstractProcessorLight.process(AbstractProcessorLight.java:63)
	at org.apache.coyote.AbstractProtocol$ConnectionHandler.process(AbstractProtocol.java:903)
	at org.apache.tomcat.util.net.NioEndpoint$SocketProcessor.doRun(NioEndpoint.java:1801)
	at org.apache.tomcat.util.net.SocketProcessorBase.run(SocketProcessorBase.java:52)
	at org.apache.tomcat.util.threads.ThreadPoolExecutor.runWorker(ThreadPoolExecutor.java:946)
	at org.apache.tomcat.util.threads.ThreadPoolExecutor$Worker.run(ThreadPoolExecutor.java:480)
	at org.apache.tomcat.util.threads.TaskThread$WrappingRunnable.run(TaskThread.java:57)
	at java.base/java.lang.Thread.run(Thread.java:1589)
Caused by: org.hibernate.exception.JDBCConnectionException: Unable to acquire JDBC Connection [HikariPool-1 - Connection is not available, request timed out after 30007ms (total=0, active=0, idle=0, waiting=9)] [n/a]
	at org.hibernate.exception.internal.SQLExceptionTypeDelegate.convert(SQLExceptionTypeDelegate.java:49)
	at org.hibernate.exception.internal.StandardSQLExceptionConverter.convert(StandardSQLExceptionConverter.java:34)
	at org.hibernate.engine.jdbc.spi.SqlExceptionHelper.convert(SqlExceptionHelper.java:115)
	at org.hibernate.engine.jdbc.spi.SqlExceptionHelper.convert(SqlExceptionHelper.java:101)
	at org.hibernate.resource.jdbc.internal.LogicalConnectionManagedImpl.acquire(LogicalConnectionManagedImpl.java:190)
	at org.hibernate.resource.jdbc.internal.LogicalConnectionManagedImpl.acquireConnectionIfNeeded(LogicalConnectionManagedImpl.java:87)
	at org.hibernate.resource.jdbc.internal.LogicalConnectionManagedImpl.getPhysicalConnection(LogicalConnectionManagedImpl.java:126)
	at org.springframework.orm.jpa.vendor.HibernateJpaDialect.beginTransaction(HibernateJpaDialect.java:135)
	at org.springframework.orm.jpa.JpaTransactionManager.doBegin(JpaTransactionManager.java:411)
	... 157 common frames omitted
Caused by: java.sql.SQLTransientConnectionException: HikariPool-1 - Connection is not available, request timed out after 30007ms (total=0, active=0, idle=0, waiting=9)
	at com.zaxxer.hikari.pool.HikariPool.createTimeoutException(HikariPool.java:714)
	at com.zaxxer.hikari.pool.HikariPool.getConnection(HikariPool.java:184)
	at com.zaxxer.hikari.pool.HikariPool.getConnection(HikariPool.java:142)
	at com.zaxxer.hikari.HikariDataSource.getConnection(HikariDataSource.java:127)
	at org.hibernate.engine.jdbc.connections.internal.DataSourceConnectionProvider.getConnection(DataSourceConnectionProvider.java:137)
	at org.hibernate.internal.NonContextualJdbcConnectionAccess.obtainConnection(NonContextualJdbcConnectionAccess.java:47)
	at org.hibernate.resource.jdbc.internal.LogicalConnectionManagedImpl.acquire(LogicalConnectionManagedImpl.java:187)
	... 161 common frames omitted
Caused by: org.postgresql.util.PSQLException: The connection attempt failed.
	at org.postgresql.core.v3.ConnectionFactoryImpl.openConnectionImpl(ConnectionFactoryImpl.java:385)
	at org.postgresql.core.ConnectionFactory.openConnection(ConnectionFactory.java:57)
	at org.postgresql.jdbc.PgConnection.<init>(PgConnection.java:290)
	at org.postgresql.Driver.makeConnection(Driver.java:448)
	at org.postgresql.Driver.connect(Driver.java:298)
	at com.zaxxer.hikari.util.DriverDataSource.getConnection(DriverDataSource.java:144)
	at com.zaxxer.hikari.pool.PoolBase.newConnection(PoolBase.java:373)
	at com.zaxxer.hikari.pool.PoolBase.newPoolEntry(PoolBase.java:210)
	at com.zaxxer.hikari.pool.HikariPool.createPoolEntry(HikariPool.java:488)
	at com.zaxxer.hikari.pool.HikariPool$PoolEntryCreator.call(HikariPool.java:752)
	at com.zaxxer.hikari.pool.HikariPool$PoolEntryCreator.call(HikariPool.java:731)
	at java.base/java.util.concurrent.FutureTask.run$$$capture(FutureTask.java:317)
	at java.base/java.util.concurrent.FutureTask.run(FutureTask.java)
	at java.base/java.util.concurrent.ThreadPoolExecutor.runWorker(ThreadPoolExecutor.java:1144)
	at java.base/java.util.concurrent.ThreadPoolExecutor$Worker.run(ThreadPoolExecutor.java:642)
	... 1 common frames omitted
Caused by: java.net.SocketTimeoutException: Read timed out
	at java.base/sun.nio.ch.NioSocketImpl.timedRead(NioSocketImpl.java:273)
	at java.base/sun.nio.ch.NioSocketImpl.implRead(NioSocketImpl.java:299)
	at java.base/sun.nio.ch.NioSocketImpl.read(NioSocketImpl.java:340)
	at java.base/sun.nio.ch.NioSocketImpl$1.read(NioSocketImpl.java:789)
	at java.base/java.net.Socket$SocketInputStream.read(Socket.java:1025)
	at org.postgresql.core.VisibleBufferedInputStream.readMore(VisibleBufferedInputStream.java:192)
	at org.postgresql.core.VisibleBufferedInputStream.ensureBytes(VisibleBufferedInputStream.java:159)
	at org.postgresql.core.VisibleBufferedInputStream.ensureBytes(VisibleBufferedInputStream.java:144)
	at org.postgresql.core.VisibleBufferedInputStream.read(VisibleBufferedInputStream.java:76)
	at org.postgresql.core.PGStream.receiveChar(PGStream.java:477)
	at org.postgresql.core.v3.ConnectionFactoryImpl.enableSSL(ConnectionFactoryImpl.java:627)
	at org.postgresql.core.v3.ConnectionFactoryImpl.tryConnect(ConnectionFactoryImpl.java:207)
	at org.postgresql.core.v3.ConnectionFactoryImpl.openConnectionImpl(ConnectionFactoryImpl.java:289)
	... 15 common frames omitted
2026-05-31 09:45:18.750 INFO  [http-nio-0.0.0.0-8080-exec-1] [0f3ac895-9e7e-4654-a557-62f7eeac2716] p.e.config.RequestLoggingFilter - HTTP GET /api/categories -> 500 (30026 ms) user=anonymous
2026-05-31 09:45:19.044 WARN  [http-nio-0.0.0.0-8080-exec-5] [no-request] org.hibernate.orm.jdbc.error - HHH000247: ErrorCode: 0, SQLState: 08001
2026-05-31 09:45:19.044 WARN  [http-nio-0.0.0.0-8080-exec-5] [no-request] org.hibernate.orm.jdbc.error - HikariPool-1 - Connection is not available, request timed out after 30005ms (total=0, active=0, idle=0, waiting=7)
2026-05-31 09:45:19.044 WARN  [http-nio-0.0.0.0-8080-exec-3] [no-request] org.hibernate.orm.jdbc.error - HHH000247: ErrorCode: 0, SQLState: 08001
2026-05-31 09:45:19.044 WARN  [http-nio-0.0.0.0-8080-exec-5] [no-request] org.hibernate.orm.jdbc.error - HHH000247: ErrorCode: 0, SQLState: 08001
2026-05-31 09:45:19.044 WARN  [http-nio-0.0.0.0-8080-exec-5] [no-request] org.hibernate.orm.jdbc.error - HikariPool-1 - Connection is not available, request timed out after 30005ms (total=0, active=0, idle=0, waiting=7)
2026-05-31 09:45:19.044 WARN  [http-nio-0.0.0.0-8080-exec-3] [no-request] org.hibernate.orm.jdbc.error - HikariPool-1 - Connection is not available, request timed out after 30005ms (total=0, active=0, idle=0, waiting=7)
2026-05-31 09:45:19.044 WARN  [http-nio-0.0.0.0-8080-exec-3] [no-request] org.hibernate.orm.jdbc.error - HHH000247: ErrorCode: 0, SQLState: 08001
2026-05-31 09:45:19.044 WARN  [http-nio-0.0.0.0-8080-exec-3] [no-request] org.hibernate.orm.jdbc.error - HikariPool-1 - Connection is not available, request timed out after 30005ms (total=0, active=0, idle=0, waiting=7)
2026-05-31 09:45:23.489 WARN  [http-nio-0.0.0.0-8080-exec-2] [no-request] org.hibernate.orm.jdbc.error - HHH000247: ErrorCode: 0, SQLState: 08001
2026-05-31 09:45:23.489 WARN  [http-nio-0.0.0.0-8080-exec-7] [no-request] org.hibernate.orm.jdbc.error - HHH000247: ErrorCode: 0, SQLState: 08001
2026-05-31 09:45:23.489 WARN  [http-nio-0.0.0.0-8080-exec-2] [no-request] org.hibernate.orm.jdbc.error - HikariPool-1 - Connection is not available, request timed out after 30012ms (total=0, active=0, idle=0, waiting=2)
2026-05-31 09:45:23.489 WARN  [http-nio-0.0.0.0-8080-exec-8] [no-request] org.hibernate.orm.jdbc.error - HHH000247: ErrorCode: 0, SQLState: 08001
2026-05-31 09:45:23.489 WARN  [http-nio-0.0.0.0-8080-exec-9] [no-request] org.hibernate.orm.jdbc.error - HHH000247: ErrorCode: 0, SQLState: 08001
2026-05-31 09:45:23.489 WARN  [http-nio-0.0.0.0-8080-exec-11] [no-request] org.hibernate.orm.jdbc.error - HHH000247: ErrorCode: 0, SQLState: 08001
2026-05-31 09:45:23.489 WARN  [http-nio-0.0.0.0-8080-exec-7] [no-request] org.hibernate.orm.jdbc.error - HikariPool-1 - Connection is not available, request timed out after 30012ms (total=0, active=0, idle=0, waiting=2)
2026-05-31 09:45:23.489 WARN  [http-nio-0.0.0.0-8080-exec-9] [no-request] org.hibernate.orm.jdbc.error - HikariPool-1 - Connection is not available, request timed out after 30012ms (total=0, active=0, idle=0, waiting=6)
2026-05-31 09:45:23.489 WARN  [http-nio-0.0.0.0-8080-exec-8] [no-request] org.hibernate.orm.jdbc.error - HikariPool-1 - Connection is not available, request timed out after 30012ms (total=0, active=0, idle=0, waiting=2)
2026-05-31 09:45:23.489 WARN  [http-nio-0.0.0.0-8080-exec-9] [no-request] org.hibernate.orm.jdbc.error - HHH000247: ErrorCode: 0, SQLState: 08001
2026-05-31 09:45:23.489 WARN  [http-nio-0.0.0.0-8080-exec-11] [no-request] org.hibernate.orm.jdbc.error - HikariPool-1 - Connection is not available, request timed out after 30011ms (total=0, active=0, idle=0, waiting=3)
2026-05-31 09:45:23.489 WARN  [http-nio-0.0.0.0-8080-exec-7] [no-request] org.hibernate.orm.jdbc.error - HHH000247: ErrorCode: 0, SQLState: 08001
2026-05-31 09:45:23.489 WARN  [http-nio-0.0.0.0-8080-exec-9] [no-request] org.hibernate.orm.jdbc.error - HikariPool-1 - Connection is not available, request timed out after 30012ms (total=0, active=0, idle=0, waiting=6)
2026-05-31 09:45:23.489 WARN  [http-nio-0.0.0.0-8080-exec-8] [no-request] org.hibernate.orm.jdbc.error - HHH000247: ErrorCode: 0, SQLState: 08001
2026-05-31 09:45:23.490 WARN  [http-nio-0.0.0.0-8080-exec-11] [no-request] org.hibernate.orm.jdbc.error - HHH000247: ErrorCode: 0, SQLState: 08001
2026-05-31 09:45:23.490 WARN  [http-nio-0.0.0.0-8080-exec-8] [no-request] org.hibernate.orm.jdbc.error - HikariPool-1 - Connection is not available, request timed out after 30012ms (total=0, active=0, idle=0, waiting=2)
2026-05-31 09:45:23.490 WARN  [http-nio-0.0.0.0-8080-exec-7] [no-request] org.hibernate.orm.jdbc.error - HikariPool-1 - Connection is not available, request timed out after 30012ms (total=0, active=0, idle=0, waiting=2)
2026-05-31 09:45:23.490 WARN  [http-nio-0.0.0.0-8080-exec-11] [no-request] org.hibernate.orm.jdbc.error - HikariPool-1 - Connection is not available, request timed out after 30011ms (total=0, active=0, idle=0, waiting=3)
2026-05-31 09:45:23.490 WARN  [http-nio-0.0.0.0-8080-exec-2] [no-request] org.hibernate.orm.jdbc.error - HHH000247: ErrorCode: 0, SQLState: 08001
2026-05-31 09:45:23.490 WARN  [http-nio-0.0.0.0-8080-exec-2] [no-request] org.hibernate.orm.jdbc.error - HikariPool-1 - Connection is not available, request timed out after 30012ms (total=0, active=0, idle=0, waiting=2)
2026-05-31 09:45:23.520 WARN  [http-nio-0.0.0.0-8080-exec-12] [no-request] org.hibernate.orm.jdbc.error - HHH000247: ErrorCode: 0, SQLState: 08001
2026-05-31 09:45:23.521 WARN  [http-nio-0.0.0.0-8080-exec-12] [no-request] org.hibernate.orm.jdbc.error - HikariPool-1 - Connection is not available, request timed out after 30014ms (total=0, active=0, idle=0, waiting=1)
2026-05-31 09:45:23.521 WARN  [http-nio-0.0.0.0-8080-exec-12] [no-request] org.hibernate.orm.jdbc.error - HHH000247: ErrorCode: 0, SQLState: 08001
2026-05-31 09:45:23.521 WARN  [http-nio-0.0.0.0-8080-exec-12] [no-request] org.hibernate.orm.jdbc.error - HikariPool-1 - Connection is not available, request timed out after 30014ms (total=0, active=0, idle=0, waiting=1)
2026-05-31 09:45:26.729 WARN  [http-nio-0.0.0.0-8080-exec-6] [f3875a13-d736-49d0-b00f-66ab2a76ba80] org.hibernate.orm.jdbc.error - HHH000247: ErrorCode: 0, SQLState: 08001
2026-05-31 09:45:26.729 WARN  [http-nio-0.0.0.0-8080-exec-6] [f3875a13-d736-49d0-b00f-66ab2a76ba80] org.hibernate.orm.jdbc.error - HikariPool-1 - Connection is not available, request timed out after 30009ms (total=0, active=0, idle=0, waiting=9)
2026-05-31 09:45:26.729 WARN  [http-nio-0.0.0.0-8080-exec-6] [f3875a13-d736-49d0-b00f-66ab2a76ba80] org.hibernate.orm.jdbc.error - HHH000247: ErrorCode: 0, SQLState: 08001
2026-05-31 09:45:26.729 WARN  [http-nio-0.0.0.0-8080-exec-6] [f3875a13-d736-49d0-b00f-66ab2a76ba80] org.hibernate.orm.jdbc.error - HikariPool-1 - Connection is not available, request timed out after 30009ms (total=0, active=0, idle=0, waiting=9)
2026-05-31 09:45:26.730 WARN  [http-nio-0.0.0.0-8080-exec-6] [f3875a13-d736-49d0-b00f-66ab2a76ba80] p.e.config.LoggingAspect - CONTROLLER ProductController.search - failed (30011 ms): Could not open JPA EntityManager for transaction
2026-05-31 09:45:26.731 ERROR [http-nio-0.0.0.0-8080-exec-6] [f3875a13-d736-49d0-b00f-66ab2a76ba80] p.e.exception.GlobalExceptionHandler - Unhandled exception: Could not open JPA EntityManager for transaction
org.springframework.transaction.CannotCreateTransactionException: Could not open JPA EntityManager for transaction
	at org.springframework.orm.jpa.JpaTransactionManager.doBegin(JpaTransactionManager.java:457)
	at org.springframework.transaction.support.AbstractPlatformTransactionManager.startTransaction(AbstractPlatformTransactionManager.java:532)
	at org.springframework.transaction.support.AbstractPlatformTransactionManager.getTransaction(AbstractPlatformTransactionManager.java:405)
	at org.springframework.transaction.interceptor.TransactionAspectSupport.createTransactionIfNecessary(TransactionAspectSupport.java:628)
	at org.springframework.transaction.interceptor.TransactionAspectSupport.invokeWithinTransaction(TransactionAspectSupport.java:365)
	at org.springframework.transaction.interceptor.TransactionInterceptor.invoke(TransactionInterceptor.java:130)
	at org.springframework.aop.framework.ReflectiveMethodInvocation.proceed(ReflectiveMethodInvocation.java:179)
	at org.springframework.aop.interceptor.ExposeInvocationInterceptor.invoke(ExposeInvocationInterceptor.java:96)
	at org.springframework.aop.framework.ReflectiveMethodInvocation.proceed(ReflectiveMethodInvocation.java:179)
	at org.springframework.aop.framework.CglibAopProxy$DynamicAdvisedInterceptor.intercept(CglibAopProxy.java:719)
	at personal.ecommercebackend.service.impl.ProductServiceImpl$$SpringCGLIB$$0.search(<generated>)
	at personal.ecommercebackend.controller.ProductController.search(ProductController.java:37)
	at java.base/jdk.internal.reflect.DirectMethodHandleAccessor.invoke(DirectMethodHandleAccessor.java:104)
	at java.base/java.lang.reflect.Method.invoke(Method.java:578)
	at org.springframework.aop.support.AopUtils.invokeJoinpointUsingReflection(AopUtils.java:359)
	at org.springframework.aop.framework.ReflectiveMethodInvocation.invokeJoinpoint(ReflectiveMethodInvocation.java:190)
	at org.springframework.aop.framework.ReflectiveMethodInvocation.proceed(ReflectiveMethodInvocation.java:158)
	at org.springframework.aop.aspectj.MethodInvocationProceedingJoinPoint.proceed(MethodInvocationProceedingJoinPoint.java:82)
	at personal.ecommercebackend.config.LoggingAspect.logExecution(LoggingAspect.java:37)
	at personal.ecommercebackend.config.LoggingAspect.logController(LoggingAspect.java:25)
	at java.base/jdk.internal.reflect.DirectMethodHandleAccessor.invoke(DirectMethodHandleAccessor.java:104)
	at java.base/java.lang.reflect.Method.invoke(Method.java:578)
	at org.springframework.aop.aspectj.AbstractAspectJAdvice.invokeAdviceMethodWithGivenArgs(AbstractAspectJAdvice.java:648)
	at org.springframework.aop.aspectj.AbstractAspectJAdvice.invokeAdviceMethod(AbstractAspectJAdvice.java:630)
	at org.springframework.aop.aspectj.AspectJAroundAdvice.invoke(AspectJAroundAdvice.java:70)
	at org.springframework.aop.framework.ReflectiveMethodInvocation.proceed(ReflectiveMethodInvocation.java:179)
	at org.springframework.aop.interceptor.ExposeInvocationInterceptor.invoke(ExposeInvocationInterceptor.java:96)
	at org.springframework.aop.framework.ReflectiveMethodInvocation.proceed(ReflectiveMethodInvocation.java:179)
	at org.springframework.aop.framework.CglibAopProxy$DynamicAdvisedInterceptor.intercept(CglibAopProxy.java:719)
	at personal.ecommercebackend.controller.ProductController$$SpringCGLIB$$0.search(<generated>)
	at java.base/jdk.internal.reflect.DirectMethodHandleAccessor.invoke(DirectMethodHandleAccessor.java:104)
	at java.base/java.lang.reflect.Method.invoke(Method.java:578)
	at org.springframework.web.method.support.InvocableHandlerMethod.doInvoke(InvocableHandlerMethod.java:252)
	at org.springframework.web.method.support.InvocableHandlerMethod.invokeForRequest(InvocableHandlerMethod.java:184)
	at org.springframework.web.servlet.mvc.method.annotation.ServletInvocableHandlerMethod.invokeAndHandle(ServletInvocableHandlerMethod.java:117)
	at org.springframework.web.servlet.mvc.method.annotation.RequestMappingHandlerAdapter.invokeHandlerMethod(RequestMappingHandlerAdapter.java:934)
	at org.springframework.web.servlet.mvc.method.annotation.RequestMappingHandlerAdapter.handleInternal(RequestMappingHandlerAdapter.java:853)
	at org.springframework.web.servlet.mvc.method.AbstractHandlerMethodAdapter.handle(AbstractHandlerMethodAdapter.java:86)
	at org.springframework.web.servlet.DispatcherServlet.doDispatch(DispatcherServlet.java:963)
	at org.springframework.web.servlet.DispatcherServlet.doService(DispatcherServlet.java:866)
	at org.springframework.web.servlet.FrameworkServlet.processRequest(FrameworkServlet.java:1000)
	at org.springframework.web.servlet.FrameworkServlet.doGet(FrameworkServlet.java:892)
	at jakarta.servlet.http.HttpServlet.service(HttpServlet.java:622)
	at org.springframework.web.servlet.FrameworkServlet.service(FrameworkServlet.java:874)
	at jakarta.servlet.http.HttpServlet.service(HttpServlet.java:710)
	at org.apache.catalina.core.ApplicationFilterChain.doFilter(ApplicationFilterChain.java:128)
	at org.apache.tomcat.websocket.server.WsFilter.doFilter(WsFilter.java:53)
	at org.apache.catalina.core.ApplicationFilterChain.doFilter(ApplicationFilterChain.java:107)
	at org.springframework.web.filter.OncePerRequestFilter.doFilter(OncePerRequestFilter.java:110)
	at org.apache.catalina.core.ApplicationFilterChain.doFilter(ApplicationFilterChain.java:107)
	at personal.ecommercebackend.config.RequestLoggingFilter.doFilterInternal(RequestLoggingFilter.java:38)
	at org.springframework.web.filter.OncePerRequestFilter.doFilter(OncePerRequestFilter.java:116)
	at org.apache.catalina.core.ApplicationFilterChain.doFilter(ApplicationFilterChain.java:107)
	at personal.ecommercebackend.config.AuthRateLimitFilter.doFilterInternal(AuthRateLimitFilter.java:36)
	at org.springframework.web.filter.OncePerRequestFilter.doFilter(OncePerRequestFilter.java:116)
	at org.apache.catalina.core.ApplicationFilterChain.doFilter(ApplicationFilterChain.java:107)
	at org.springframework.web.filter.CompositeFilter$VirtualFilterChain.doFilter(CompositeFilter.java:108)
	at org.springframework.security.web.FilterChainProxy.lambda$doFilterInternal$3(FilterChainProxy.java:235)
	at org.springframework.security.web.ObservationFilterChainDecorator$FilterObservation$SimpleFilterObservation.lambda$wrap$1(ObservationFilterChainDecorator.java:493)
	at org.springframework.security.web.ObservationFilterChainDecorator$AroundFilterObservation$SimpleAroundFilterObservation.lambda$wrap$1(ObservationFilterChainDecorator.java:354)
	at org.springframework.security.web.ObservationFilterChainDecorator.lambda$wrapSecured$0(ObservationFilterChainDecorator.java:86)
	at org.springframework.security.web.ObservationFilterChainDecorator$VirtualFilterChain.doFilter(ObservationFilterChainDecorator.java:132)
	at org.springframework.security.web.access.intercept.AuthorizationFilter.doFilter(AuthorizationFilter.java:101)
	at org.springframework.security.web.ObservationFilterChainDecorator$ObservationFilter.wrapFilter(ObservationFilterChainDecorator.java:244)
	at org.springframework.security.web.ObservationFilterChainDecorator$ObservationFilter.doFilter(ObservationFilterChainDecorator.java:231)
	at org.springframework.security.web.ObservationFilterChainDecorator$VirtualFilterChain.doFilter(ObservationFilterChainDecorator.java:141)
	at org.springframework.security.web.access.ExceptionTranslationFilter.doFilter(ExceptionTranslationFilter.java:126)
	at org.springframework.security.web.access.ExceptionTranslationFilter.doFilter(ExceptionTranslationFilter.java:120)
	at org.springframework.security.web.ObservationFilterChainDecorator$ObservationFilter.wrapFilter(ObservationFilterChainDecorator.java:244)
	at org.springframework.security.web.ObservationFilterChainDecorator$ObservationFilter.doFilter(ObservationFilterChainDecorator.java:231)
	at org.springframework.security.web.ObservationFilterChainDecorator$VirtualFilterChain.doFilter(ObservationFilterChainDecorator.java:141)
	at org.springframework.security.web.session.SessionManagementFilter.doFilter(SessionManagementFilter.java:132)
	at org.springframework.security.web.session.SessionManagementFilter.doFilter(SessionManagementFilter.java:86)
	at org.springframework.security.web.ObservationFilterChainDecorator$ObservationFilter.wrapFilter(ObservationFilterChainDecorator.java:244)
	at org.springframework.security.web.ObservationFilterChainDecorator$ObservationFilter.doFilter(ObservationFilterChainDecorator.java:231)
	at org.springframework.security.web.ObservationFilterChainDecorator$VirtualFilterChain.doFilter(ObservationFilterChainDecorator.java:141)
	at org.springframework.security.web.authentication.AnonymousAuthenticationFilter.doFilter(AnonymousAuthenticationFilter.java:100)
	at org.springframework.security.web.ObservationFilterChainDecorator$ObservationFilter.wrapFilter(ObservationFilterChainDecorator.java:244)
	at org.springframework.security.web.ObservationFilterChainDecorator$ObservationFilter.doFilter(ObservationFilterChainDecorator.java:231)
	at org.springframework.security.web.ObservationFilterChainDecorator$VirtualFilterChain.doFilter(ObservationFilterChainDecorator.java:141)
	at org.springframework.security.web.servletapi.SecurityContextHolderAwareRequestFilter.doFilter(SecurityContextHolderAwareRequestFilter.java:181)
	at org.springframework.security.web.ObservationFilterChainDecorator$ObservationFilter.wrapFilter(ObservationFilterChainDecorator.java:244)
	at org.springframework.security.web.ObservationFilterChainDecorator$ObservationFilter.doFilter(ObservationFilterChainDecorator.java:231)
	at org.springframework.security.web.ObservationFilterChainDecorator$VirtualFilterChain.doFilter(ObservationFilterChainDecorator.java:141)
	at org.springframework.security.web.savedrequest.RequestCacheAwareFilter.doFilter(RequestCacheAwareFilter.java:63)
	at org.springframework.security.web.ObservationFilterChainDecorator$ObservationFilter.wrapFilter(ObservationFilterChainDecorator.java:244)
	at org.springframework.security.web.ObservationFilterChainDecorator$ObservationFilter.doFilter(ObservationFilterChainDecorator.java:231)
	at org.springframework.security.web.ObservationFilterChainDecorator$VirtualFilterChain.doFilter(ObservationFilterChainDecorator.java:141)
	at personal.ecommercebackend.security.JwtAuthenticationFilter.doFilterInternal(JwtAuthenticationFilter.java:53)
	at org.springframework.web.filter.OncePerRequestFilter.doFilter(OncePerRequestFilter.java:116)
	at org.springframework.security.web.ObservationFilterChainDecorator$ObservationFilter.wrapFilter(ObservationFilterChainDecorator.java:244)
	at org.springframework.security.web.ObservationFilterChainDecorator$ObservationFilter.doFilter(ObservationFilterChainDecorator.java:231)
	at org.springframework.security.web.ObservationFilterChainDecorator$VirtualFilterChain.doFilter(ObservationFilterChainDecorator.java:141)
	at org.springframework.security.web.authentication.logout.LogoutFilter.doFilter(LogoutFilter.java:110)
	at org.springframework.security.web.authentication.logout.LogoutFilter.doFilter(LogoutFilter.java:96)
	at org.springframework.security.web.ObservationFilterChainDecorator$ObservationFilter.wrapFilter(ObservationFilterChainDecorator.java:244)
	at org.springframework.security.web.ObservationFilterChainDecorator$ObservationFilter.doFilter(ObservationFilterChainDecorator.java:231)
	at org.springframework.security.web.ObservationFilterChainDecorator$VirtualFilterChain.doFilter(ObservationFilterChainDecorator.java:141)
	at org.springframework.security.web.header.HeaderWriterFilter.doHeadersAfter(HeaderWriterFilter.java:90)
	at org.springframework.security.web.header.HeaderWriterFilter.doFilterInternal(HeaderWriterFilter.java:75)
	at org.springframework.web.filter.OncePerRequestFilter.doFilter(OncePerRequestFilter.java:116)
	at org.springframework.security.web.ObservationFilterChainDecorator$ObservationFilter.wrapFilter(ObservationFilterChainDecorator.java:244)
	at org.springframework.security.web.ObservationFilterChainDecorator$ObservationFilter.doFilter(ObservationFilterChainDecorator.java:231)
	at org.springframework.security.web.ObservationFilterChainDecorator$VirtualFilterChain.doFilter(ObservationFilterChainDecorator.java:141)
	at org.springframework.security.web.context.SecurityContextHolderFilter.doFilter(SecurityContextHolderFilter.java:82)
	at org.springframework.security.web.context.SecurityContextHolderFilter.doFilter(SecurityContextHolderFilter.java:69)
	at org.springframework.security.web.ObservationFilterChainDecorator$ObservationFilter.wrapFilter(ObservationFilterChainDecorator.java:244)
	at org.springframework.security.web.ObservationFilterChainDecorator$ObservationFilter.doFilter(ObservationFilterChainDecorator.java:231)
	at org.springframework.security.web.ObservationFilterChainDecorator$VirtualFilterChain.doFilter(ObservationFilterChainDecorator.java:141)
	at org.springframework.security.web.context.request.async.WebAsyncManagerIntegrationFilter.doFilterInternal(WebAsyncManagerIntegrationFilter.java:62)
	at org.springframework.web.filter.OncePerRequestFilter.doFilter(OncePerRequestFilter.java:116)
	at org.springframework.security.web.ObservationFilterChainDecorator$ObservationFilter.wrapFilter(ObservationFilterChainDecorator.java:244)
	at org.springframework.security.web.ObservationFilterChainDecorator$ObservationFilter.doFilter(ObservationFilterChainDecorator.java:231)
	at org.springframework.security.web.ObservationFilterChainDecorator$VirtualFilterChain.doFilter(ObservationFilterChainDecorator.java:141)
	at org.springframework.security.web.session.DisableEncodeUrlFilter.doFilterInternal(DisableEncodeUrlFilter.java:42)
	at org.springframework.web.filter.OncePerRequestFilter.doFilter(OncePerRequestFilter.java:116)
	at org.springframework.security.web.ObservationFilterChainDecorator$ObservationFilter.wrapFilter(ObservationFilterChainDecorator.java:244)
	at org.springframework.security.web.ObservationFilterChainDecorator$AroundFilterObservation$SimpleAroundFilterObservation.lambda$wrap$0(ObservationFilterChainDecorator.java:337)
	at org.springframework.security.web.ObservationFilterChainDecorator$ObservationFilter.doFilter(ObservationFilterChainDecorator.java:228)
	at org.springframework.security.web.ObservationFilterChainDecorator$VirtualFilterChain.doFilter(ObservationFilterChainDecorator.java:141)
	at org.springframework.security.web.FilterChainProxy.doFilterInternal(FilterChainProxy.java:237)
	at org.springframework.security.web.FilterChainProxy.doFilter(FilterChainProxy.java:195)
	at org.springframework.web.filter.CompositeFilter$VirtualFilterChain.doFilter(CompositeFilter.java:113)
	at org.springframework.web.filter.ServletRequestPathFilter.doFilter(ServletRequestPathFilter.java:52)
	at org.springframework.web.filter.CompositeFilter$VirtualFilterChain.doFilter(CompositeFilter.java:113)
	at org.springframework.web.filter.CompositeFilter.doFilter(CompositeFilter.java:74)
	at org.springframework.security.config.annotation.web.configuration.WebSecurityConfiguration$CompositeFilterChainProxy.doFilter(WebSecurityConfiguration.java:317)
	at org.springframework.web.filter.DelegatingFilterProxy.invokeDelegate(DelegatingFilterProxy.java:355)
	at org.springframework.web.filter.DelegatingFilterProxy.doFilter(DelegatingFilterProxy.java:272)
	at org.apache.catalina.core.ApplicationFilterChain.doFilter(ApplicationFilterChain.java:107)
	at org.springframework.web.filter.RequestContextFilter.doFilterInternal(RequestContextFilter.java:100)
	at org.springframework.web.filter.OncePerRequestFilter.doFilter(OncePerRequestFilter.java:116)
	at org.apache.catalina.core.ApplicationFilterChain.doFilter(ApplicationFilterChain.java:107)
	at org.springframework.web.filter.FormContentFilter.doFilterInternal(FormContentFilter.java:93)
	at org.springframework.web.filter.OncePerRequestFilter.doFilter(OncePerRequestFilter.java:116)
	at org.apache.catalina.core.ApplicationFilterChain.doFilter(ApplicationFilterChain.java:107)
	at org.springframework.web.filter.ServerHttpObservationFilter.doFilterInternal(ServerHttpObservationFilter.java:110)
	at org.springframework.web.filter.OncePerRequestFilter.doFilter(OncePerRequestFilter.java:116)
	at org.apache.catalina.core.ApplicationFilterChain.doFilter(ApplicationFilterChain.java:107)
	at org.springframework.web.filter.CharacterEncodingFilter.doFilterInternal(CharacterEncodingFilter.java:199)
	at org.springframework.web.filter.OncePerRequestFilter.doFilter(OncePerRequestFilter.java:116)
	at org.apache.catalina.core.ApplicationFilterChain.doFilter(ApplicationFilterChain.java:107)
	at org.apache.catalina.core.StandardWrapperValve.invoke(StandardWrapperValve.java:165)
	at org.apache.catalina.core.StandardContextValve.invoke(StandardContextValve.java:77)
	at org.apache.catalina.authenticator.AuthenticatorBase.invoke(AuthenticatorBase.java:492)
	at org.apache.catalina.core.StandardHostValve.invoke(StandardHostValve.java:113)
	at org.apache.catalina.valves.ErrorReportValve.invoke(ErrorReportValve.java:83)
	at org.apache.catalina.core.StandardEngineValve.invoke(StandardEngineValve.java:72)
	at org.apache.catalina.connector.CoyoteAdapter.service(CoyoteAdapter.java:341)
	at org.apache.coyote.http11.Http11Processor.service(Http11Processor.java:397)
	at org.apache.coyote.AbstractProcessorLight.process(AbstractProcessorLight.java:63)
	at org.apache.coyote.AbstractProtocol$ConnectionHandler.process(AbstractProtocol.java:903)
	at org.apache.tomcat.util.net.NioEndpoint$SocketProcessor.doRun(NioEndpoint.java:1801)
	at org.apache.tomcat.util.net.SocketProcessorBase.run(SocketProcessorBase.java:52)
	at org.apache.tomcat.util.threads.ThreadPoolExecutor.runWorker(ThreadPoolExecutor.java:946)
	at org.apache.tomcat.util.threads.ThreadPoolExecutor$Worker.run(ThreadPoolExecutor.java:480)
	at org.apache.tomcat.util.threads.TaskThread$WrappingRunnable.run(TaskThread.java:57)
	at java.base/java.lang.Thread.run(Thread.java:1589)
Caused by: org.hibernate.exception.JDBCConnectionException: Unable to acquire JDBC Connection [HikariPool-1 - Connection is not available, request timed out after 30009ms (total=0, active=0, idle=0, waiting=9)] [n/a]
	at org.hibernate.exception.internal.SQLExceptionTypeDelegate.convert(SQLExceptionTypeDelegate.java:49)
	at org.hibernate.exception.internal.StandardSQLExceptionConverter.convert(StandardSQLExceptionConverter.java:34)
	at org.hibernate.engine.jdbc.spi.SqlExceptionHelper.convert(SqlExceptionHelper.java:115)
	at org.hibernate.engine.jdbc.spi.SqlExceptionHelper.convert(SqlExceptionHelper.java:101)
	at org.hibernate.resource.jdbc.internal.LogicalConnectionManagedImpl.acquire(LogicalConnectionManagedImpl.java:190)
	at org.hibernate.resource.jdbc.internal.LogicalConnectionManagedImpl.acquireConnectionIfNeeded(LogicalConnectionManagedImpl.java:87)
	at org.hibernate.resource.jdbc.internal.LogicalConnectionManagedImpl.getPhysicalConnection(LogicalConnectionManagedImpl.java:126)
	at org.springframework.orm.jpa.vendor.HibernateJpaDialect.beginTransaction(HibernateJpaDialect.java:135)
	at org.springframework.orm.jpa.JpaTransactionManager.doBegin(JpaTransactionManager.java:411)
	... 157 common frames omitted
Caused by: java.sql.SQLTransientConnectionException: HikariPool-1 - Connection is not available, request timed out after 30009ms (total=0, active=0, idle=0, waiting=9)
	at com.zaxxer.hikari.pool.HikariPool.createTimeoutException(HikariPool.java:714)
	at com.zaxxer.hikari.pool.HikariPool.getConnection(HikariPool.java:184)
	at com.zaxxer.hikari.pool.HikariPool.getConnection(HikariPool.java:142)
	at com.zaxxer.hikari.HikariDataSource.getConnection(HikariDataSource.java:127)
	at org.hibernate.engine.jdbc.connections.internal.DataSourceConnectionProvider.getConnection(DataSourceConnectionProvider.java:137)
	at org.hibernate.internal.NonContextualJdbcConnectionAccess.obtainConnection(NonContextualJdbcConnectionAccess.java:47)
	at org.hibernate.resource.jdbc.internal.LogicalConnectionManagedImpl.acquire(LogicalConnectionManagedImpl.java:187)
	... 161 common frames omitted
Caused by: org.postgresql.util.PSQLException: The connection attempt failed.
	at org.postgresql.core.v3.ConnectionFactoryImpl.openConnectionImpl(ConnectionFactoryImpl.java:385)
	at org.postgresql.core.ConnectionFactory.openConnection(ConnectionFactory.java:57)
	at org.postgresql.jdbc.PgConnection.<init>(PgConnection.java:290)
	at org.postgresql.Driver.makeConnection(Driver.java:448)
	at org.postgresql.Driver.connect(Driver.java:298)
	at com.zaxxer.hikari.util.DriverDataSource.getConnection(DriverDataSource.java:144)
	at com.zaxxer.hikari.pool.PoolBase.newConnection(PoolBase.java:373)
	at com.zaxxer.hikari.pool.PoolBase.newPoolEntry(PoolBase.java:210)
	at com.zaxxer.hikari.pool.HikariPool.createPoolEntry(HikariPool.java:488)
	at com.zaxxer.hikari.pool.HikariPool$PoolEntryCreator.call(HikariPool.java:752)
	at com.zaxxer.hikari.pool.HikariPool$PoolEntryCreator.call(HikariPool.java:731)
	at java.base/java.util.concurrent.FutureTask.run$$$capture(FutureTask.java:317)
	at java.base/java.util.concurrent.FutureTask.run(FutureTask.java)
	at java.base/java.util.concurrent.ThreadPoolExecutor.runWorker(ThreadPoolExecutor.java:1144)
	at java.base/java.util.concurrent.ThreadPoolExecutor$Worker.run(ThreadPoolExecutor.java:642)
	... 1 common frames omitted
Caused by: java.net.SocketTimeoutException: Read timed out
	at java.base/sun.nio.ch.NioSocketImpl.timedRead(NioSocketImpl.java:273)
	at java.base/sun.nio.ch.NioSocketImpl.implRead(NioSocketImpl.java:299)
	at java.base/sun.nio.ch.NioSocketImpl.read(NioSocketImpl.java:340)
	at java.base/sun.nio.ch.NioSocketImpl$1.read(NioSocketImpl.java:789)
	at java.base/java.net.Socket$SocketInputStream.read(Socket.java:1025)
	at org.postgresql.core.VisibleBufferedInputStream.readMore(VisibleBufferedInputStream.java:192)
	at org.postgresql.core.VisibleBufferedInputStream.ensureBytes(VisibleBufferedInputStream.java:159)
	at org.postgresql.core.VisibleBufferedInputStream.ensureBytes(VisibleBufferedInputStream.java:144)
	at org.postgresql.core.VisibleBufferedInputStream.read(VisibleBufferedInputStream.java:76)
	at org.postgresql.core.PGStream.receiveChar(PGStream.java:477)
	at org.postgresql.core.v3.ConnectionFactoryImpl.enableSSL(ConnectionFactoryImpl.java:627)
	at org.postgresql.core.v3.ConnectionFactoryImpl.tryConnect(ConnectionFactoryImpl.java:207)
	at org.postgresql.core.v3.ConnectionFactoryImpl.openConnectionImpl(ConnectionFactoryImpl.java:289)
	... 15 common frames omitted
2026-05-31 09:45:26.734 INFO  [http-nio-0.0.0.0-8080-exec-6] [f3875a13-d736-49d0-b00f-66ab2a76ba80] p.e.config.RequestLoggingFilter - HTTP GET /api/products?page=0&size=12&sort=name%2Casc -> 500 (30016 ms) user=anonymous
2026-05-31 09:45:36.857 INFO  [SpringApplicationShutdownHook] [no-request] o.s.boot.tomcat.GracefulShutdown - Commencing graceful shutdown. Waiting for active requests to complete
2026-05-31 09:45:53.830 WARN  [http-nio-0.0.0.0-8080-exec-10] [no-request] org.hibernate.orm.jdbc.error - HHH000247: ErrorCode: 0, SQLState: 08001
2026-05-31 09:45:53.830 WARN  [http-nio-0.0.0.0-8080-exec-4] [no-request] org.hibernate.orm.jdbc.error - HHH000247: ErrorCode: 0, SQLState: 08001
2026-05-31 09:45:53.830 WARN  [http-nio-0.0.0.0-8080-exec-10] [no-request] org.hibernate.orm.jdbc.error - HikariPool-1 - Connection is not available, request timed out after 30005ms (total=0, active=0, idle=0, waiting=7)
2026-05-31 09:45:53.830 WARN  [http-nio-0.0.0.0-8080-exec-4] [no-request] org.hibernate.orm.jdbc.error - HikariPool-1 - Connection is not available, request timed out after 30005ms (total=0, active=0, idle=0, waiting=7)
2026-05-31 09:45:53.830 WARN  [http-nio-0.0.0.0-8080-exec-10] [no-request] org.hibernate.orm.jdbc.error - HHH000247: ErrorCode: 0, SQLState: 08001
2026-05-31 09:45:53.830 WARN  [http-nio-0.0.0.0-8080-exec-4] [no-request] org.hibernate.orm.jdbc.error - HHH000247: ErrorCode: 0, SQLState: 08001
2026-05-31 09:45:53.830 WARN  [http-nio-0.0.0.0-8080-exec-10] [no-request] org.hibernate.orm.jdbc.error - HikariPool-1 - Connection is not available, request timed out after 30005ms (total=0, active=0, idle=0, waiting=7)
2026-05-31 09:45:53.830 WARN  [http-nio-0.0.0.0-8080-exec-4] [no-request] org.hibernate.orm.jdbc.error - HikariPool-1 - Connection is not available, request timed out after 30005ms (total=0, active=0, idle=0, waiting=7)
2026-05-31 09:45:53.846 WARN  [http-nio-0.0.0.0-8080-exec-1] [no-request] org.hibernate.orm.jdbc.error - HHH000247: ErrorCode: 0, SQLState: 08001
2026-05-31 09:45:53.846 WARN  [http-nio-0.0.0.0-8080-exec-9] [no-request] org.hibernate.orm.jdbc.error - HHH000247: ErrorCode: 0, SQLState: 08001
2026-05-31 09:45:53.846 WARN  [http-nio-0.0.0.0-8080-exec-3] [no-request] org.hibernate.orm.jdbc.error - HHH000247: ErrorCode: 0, SQLState: 08001
2026-05-31 09:45:53.846 WARN  [http-nio-0.0.0.0-8080-exec-5] [no-request] org.hibernate.orm.jdbc.error - HHH000247: ErrorCode: 0, SQLState: 08001
2026-05-31 09:45:53.846 WARN  [http-nio-0.0.0.0-8080-exec-3] [no-request] org.hibernate.orm.jdbc.error - HikariPool-1 - Connection is not available, request timed out after 30010ms (total=0, active=0, idle=0, waiting=3)
2026-05-31 09:45:53.846 WARN  [http-nio-0.0.0.0-8080-exec-1] [no-request] org.hibernate.orm.jdbc.error - HikariPool-1 - Connection is not available, request timed out after 30014ms (total=0, active=0, idle=0, waiting=3)
2026-05-31 09:45:53.846 WARN  [http-nio-0.0.0.0-8080-exec-5] [no-request] org.hibernate.orm.jdbc.error - HikariPool-1 - Connection is not available, request timed out after 30010ms (total=0, active=0, idle=0, waiting=3)
2026-05-31 09:45:53.846 WARN  [http-nio-0.0.0.0-8080-exec-9] [no-request] org.hibernate.orm.jdbc.error - HikariPool-1 - Connection is not available, request timed out after 30008ms (total=0, active=0, idle=0, waiting=3)
2026-05-31 09:45:53.846 WARN  [http-nio-0.0.0.0-8080-exec-3] [no-request] org.hibernate.orm.jdbc.error - HHH000247: ErrorCode: 0, SQLState: 08001
2026-05-31 09:45:53.846 WARN  [http-nio-0.0.0.0-8080-exec-1] [no-request] org.hibernate.orm.jdbc.error - HHH000247: ErrorCode: 0, SQLState: 08001
2026-05-31 09:45:53.846 WARN  [http-nio-0.0.0.0-8080-exec-5] [no-request] org.hibernate.orm.jdbc.error - HHH000247: ErrorCode: 0, SQLState: 08001
2026-05-31 09:45:53.846 WARN  [http-nio-0.0.0.0-8080-exec-1] [no-request] org.hibernate.orm.jdbc.error - HikariPool-1 - Connection is not available, request timed out after 30014ms (total=0, active=0, idle=0, waiting=3)
2026-05-31 09:45:53.846 WARN  [http-nio-0.0.0.0-8080-exec-9] [no-request] org.hibernate.orm.jdbc.error - HHH000247: ErrorCode: 0, SQLState: 08001
2026-05-31 09:45:53.846 WARN  [http-nio-0.0.0.0-8080-exec-3] [no-request] org.hibernate.orm.jdbc.error - HikariPool-1 - Connection is not available, request timed out after 30010ms (total=0, active=0, idle=0, waiting=3)
2026-05-31 09:45:53.846 WARN  [http-nio-0.0.0.0-8080-exec-5] [no-request] org.hibernate.orm.jdbc.error - HikariPool-1 - Connection is not available, request timed out after 30010ms (total=0, active=0, idle=0, waiting=3)
2026-05-31 09:45:53.846 WARN  [http-nio-0.0.0.0-8080-exec-9] [no-request] org.hibernate.orm.jdbc.error - HikariPool-1 - Connection is not available, request timed out after 30008ms (total=0, active=0, idle=0, waiting=3)
2026-05-31 09:45:54.283 WARN  [HikariPool-1:connection-adder] [no-request] com.zaxxer.hikari.pool.PoolBase - HikariPool-1 - Pool is empty, failed to create/setup connection (fe2b6b1b-cf99-4f23-9910-f68d0b0edd08)
org.postgresql.util.PSQLException: The connection attempt failed.
	at org.postgresql.core.v3.ConnectionFactoryImpl.openConnectionImpl(ConnectionFactoryImpl.java:385)
	at org.postgresql.core.ConnectionFactory.openConnection(ConnectionFactory.java:57)
	at org.postgresql.jdbc.PgConnection.<init>(PgConnection.java:290)
	at org.postgresql.Driver.makeConnection(Driver.java:448)
	at org.postgresql.Driver.connect(Driver.java:298)
	at com.zaxxer.hikari.util.DriverDataSource.getConnection(DriverDataSource.java:144)
	at com.zaxxer.hikari.pool.PoolBase.newConnection(PoolBase.java:373)
	at com.zaxxer.hikari.pool.PoolBase.newPoolEntry(PoolBase.java:210)
	at com.zaxxer.hikari.pool.HikariPool.createPoolEntry(HikariPool.java:488)
	at com.zaxxer.hikari.pool.HikariPool$PoolEntryCreator.call(HikariPool.java:752)
	at com.zaxxer.hikari.pool.HikariPool$PoolEntryCreator.call(HikariPool.java:731)
	at java.base/java.util.concurrent.FutureTask.run$$$capture(FutureTask.java:317)
	at java.base/java.util.concurrent.FutureTask.run(FutureTask.java)
	at java.base/java.util.concurrent.ThreadPoolExecutor.runWorker(ThreadPoolExecutor.java:1144)
	at java.base/java.util.concurrent.ThreadPoolExecutor$Worker.run(ThreadPoolExecutor.java:642)
	at java.base/java.lang.Thread.run(Thread.java:1589)
Caused by: java.net.SocketTimeoutException: Read timed out
	at java.base/sun.nio.ch.NioSocketImpl.timedRead(NioSocketImpl.java:273)
	at java.base/sun.nio.ch.NioSocketImpl.implRead(NioSocketImpl.java:299)
	at java.base/sun.nio.ch.NioSocketImpl.read(NioSocketImpl.java:340)
	at java.base/sun.nio.ch.NioSocketImpl$1.read(NioSocketImpl.java:789)
	at java.base/java.net.Socket$SocketInputStream.read(Socket.java:1025)
	at org.postgresql.core.VisibleBufferedInputStream.readMore(VisibleBufferedInputStream.java:192)
	at org.postgresql.core.VisibleBufferedInputStream.ensureBytes(VisibleBufferedInputStream.java:159)
	at org.postgresql.core.VisibleBufferedInputStream.ensureBytes(VisibleBufferedInputStream.java:144)
	at org.postgresql.core.VisibleBufferedInputStream.read(VisibleBufferedInputStream.java:76)
	at org.postgresql.core.PGStream.receiveChar(PGStream.java:477)
	at org.postgresql.core.v3.ConnectionFactoryImpl.enableSSL(ConnectionFactoryImpl.java:627)
	at org.postgresql.core.v3.ConnectionFactoryImpl.tryConnect(ConnectionFactoryImpl.java:207)
	at org.postgresql.core.v3.ConnectionFactoryImpl.openConnectionImpl(ConnectionFactoryImpl.java:289)
	... 15 common frames omitted
2026-05-31 09:45:54.592 WARN  [http-nio-0.0.0.0-8080-exec-2] [no-request] org.hibernate.orm.jdbc.error - HHH000247: ErrorCode: 0, SQLState: 08001
2026-05-31 09:45:54.592 WARN  [http-nio-0.0.0.0-8080-exec-7] [no-request] org.hibernate.orm.jdbc.error - HHH000247: ErrorCode: 0, SQLState: 08001
2026-05-31 09:45:54.592 WARN  [http-nio-0.0.0.0-8080-exec-8] [no-request] org.hibernate.orm.jdbc.error - HHH000247: ErrorCode: 0, SQLState: 08001
2026-05-31 09:45:54.592 WARN  [http-nio-0.0.0.0-8080-exec-2] [no-request] org.hibernate.orm.jdbc.error - HikariPool-1 - Connection is not available, request timed out after 30005ms (total=0, active=0, idle=0, waiting=0)
2026-05-31 09:45:54.592 WARN  [http-nio-0.0.0.0-8080-exec-7] [no-request] org.hibernate.orm.jdbc.error - HikariPool-1 - Connection is not available, request timed out after 30005ms (total=0, active=0, idle=0, waiting=0)
2026-05-31 09:45:54.592 WARN  [http-nio-0.0.0.0-8080-exec-8] [no-request] org.hibernate.orm.jdbc.error - HikariPool-1 - Connection is not available, request timed out after 30005ms (total=0, active=0, idle=0, waiting=0)
2026-05-31 09:45:54.592 WARN  [http-nio-0.0.0.0-8080-exec-7] [no-request] org.hibernate.orm.jdbc.error - HHH000247: ErrorCode: 0, SQLState: 08001
2026-05-31 09:45:54.592 WARN  [http-nio-0.0.0.0-8080-exec-2] [no-request] org.hibernate.orm.jdbc.error - HHH000247: ErrorCode: 0, SQLState: 08001
2026-05-31 09:45:54.592 WARN  [http-nio-0.0.0.0-8080-exec-7] [no-request] org.hibernate.orm.jdbc.error - HikariPool-1 - Connection is not available, request timed out after 30005ms (total=0, active=0, idle=0, waiting=0)
2026-05-31 09:45:54.592 WARN  [http-nio-0.0.0.0-8080-exec-8] [no-request] org.hibernate.orm.jdbc.error - HHH000247: ErrorCode: 0, SQLState: 08001
2026-05-31 09:45:54.592 WARN  [http-nio-0.0.0.0-8080-exec-2] [no-request] org.hibernate.orm.jdbc.error - HikariPool-1 - Connection is not available, request timed out after 30005ms (total=0, active=0, idle=0, waiting=0)
2026-05-31 09:45:54.592 WARN  [http-nio-0.0.0.0-8080-exec-8] [no-request] org.hibernate.orm.jdbc.error - HikariPool-1 - Connection is not available, request timed out after 30005ms (total=0, active=0, idle=0, waiting=0)
2026-05-31 09:46:07.719 INFO  [SpringApplicationShutdownHook] [no-request] o.s.c.s.DefaultLifecycleProcessor - Shutdown phase 2147482623 ends with 1 bean still running after timeout of 30000ms: [webServerGracefulShutdown]
2026-05-31 09:46:07.721 WARN  [http-nio-0.0.0.0-8080-exec-8] [1d42a32e-5d5e-4674-a74b-40af67d510a1] org.hibernate.orm.jdbc.error - HHH000247: ErrorCode: 0, SQLState: null
2026-05-31 09:46:07.721 WARN  [http-nio-0.0.0.0-8080-exec-7] [b5937567-7d15-4960-8d27-c30e808fe1e5] org.hibernate.orm.jdbc.error - HHH000247: ErrorCode: 0, SQLState: null
2026-05-31 09:46:07.721 WARN  [http-nio-0.0.0.0-8080-exec-2] [ab350c1b-c59d-40a8-978d-34e78d91c80c] org.hibernate.orm.jdbc.error - HHH000247: ErrorCode: 0, SQLState: null
2026-05-31 09:46:07.721 WARN  [http-nio-0.0.0.0-8080-exec-8] [1d42a32e-5d5e-4674-a74b-40af67d510a1] org.hibernate.orm.jdbc.error - HikariPool-1 - Interrupted during connection acquisition
2026-05-31 09:46:07.721 WARN  [http-nio-0.0.0.0-8080-exec-7] [b5937567-7d15-4960-8d27-c30e808fe1e5] org.hibernate.orm.jdbc.error - HikariPool-1 - Interrupted during connection acquisition
2026-05-31 09:46:07.721 WARN  [http-nio-0.0.0.0-8080-exec-2] [ab350c1b-c59d-40a8-978d-34e78d91c80c] org.hibernate.orm.jdbc.error - HikariPool-1 - Interrupted during connection acquisition
2026-05-31 09:46:07.724 WARN  [http-nio-0.0.0.0-8080-exec-7] [b5937567-7d15-4960-8d27-c30e808fe1e5] p.e.config.LoggingAspect - CONTROLLER ProductController.search - failed (13128 ms): Could not open JPA EntityManager for transaction
2026-05-31 09:46:07.724 WARN  [http-nio-0.0.0.0-8080-exec-2] [ab350c1b-c59d-40a8-978d-34e78d91c80c] p.e.config.LoggingAspect - CONTROLLER AuthController.me - failed (13130 ms): Could not open JPA EntityManager for transaction
2026-05-31 09:46:07.724 WARN  [http-nio-0.0.0.0-8080-exec-8] [1d42a32e-5d5e-4674-a74b-40af67d510a1] p.e.config.LoggingAspect - CONTROLLER CategoryController.findAll - failed (13130 ms): Could not open JPA EntityManager for transaction
2026-05-31 09:46:07.726 ERROR [http-nio-0.0.0.0-8080-exec-7] [b5937567-7d15-4960-8d27-c30e808fe1e5] p.e.exception.GlobalExceptionHandler - Unhandled exception: Could not open JPA EntityManager for transaction
org.springframework.transaction.CannotCreateTransactionException: Could not open JPA EntityManager for transaction
	at org.springframework.orm.jpa.JpaTransactionManager.doBegin(JpaTransactionManager.java:457)
	at org.springframework.transaction.support.AbstractPlatformTransactionManager.startTransaction(AbstractPlatformTransactionManager.java:532)
	at org.springframework.transaction.support.AbstractPlatformTransactionManager.getTransaction(AbstractPlatformTransactionManager.java:405)
	at org.springframework.transaction.interceptor.TransactionAspectSupport.createTransactionIfNecessary(TransactionAspectSupport.java:628)
	at org.springframework.transaction.interceptor.TransactionAspectSupport.invokeWithinTransaction(TransactionAspectSupport.java:365)
	at org.springframework.transaction.interceptor.TransactionInterceptor.invoke(TransactionInterceptor.java:130)
	at org.springframework.aop.framework.ReflectiveMethodInvocation.proceed(ReflectiveMethodInvocation.java:179)
	at org.springframework.aop.interceptor.ExposeInvocationInterceptor.invoke(ExposeInvocationInterceptor.java:96)
	at org.springframework.aop.framework.ReflectiveMethodInvocation.proceed(ReflectiveMethodInvocation.java:179)
	at org.springframework.aop.framework.CglibAopProxy$DynamicAdvisedInterceptor.intercept(CglibAopProxy.java:719)
	at personal.ecommercebackend.service.impl.ProductServiceImpl$$SpringCGLIB$$0.search(<generated>)
	at personal.ecommercebackend.controller.ProductController.search(ProductController.java:37)
	at java.base/jdk.internal.reflect.DirectMethodHandleAccessor.invoke(DirectMethodHandleAccessor.java:104)
	at java.base/java.lang.reflect.Method.invoke(Method.java:578)
	at org.springframework.aop.support.AopUtils.invokeJoinpointUsingReflection(AopUtils.java:359)
	at org.springframework.aop.framework.ReflectiveMethodInvocation.invokeJoinpoint(ReflectiveMethodInvocation.java:190)
	at org.springframework.aop.framework.ReflectiveMethodInvocation.proceed(ReflectiveMethodInvocation.java:158)
	at org.springframework.aop.aspectj.MethodInvocationProceedingJoinPoint.proceed(MethodInvocationProceedingJoinPoint.java:82)
	at personal.ecommercebackend.config.LoggingAspect.logExecution(LoggingAspect.java:37)
	at personal.ecommercebackend.config.LoggingAspect.logController(LoggingAspect.java:25)
	at java.base/jdk.internal.reflect.DirectMethodHandleAccessor.invoke(DirectMethodHandleAccessor.java:104)
	at java.base/java.lang.reflect.Method.invoke(Method.java:578)
	at org.springframework.aop.aspectj.AbstractAspectJAdvice.invokeAdviceMethodWithGivenArgs(AbstractAspectJAdvice.java:648)
	at org.springframework.aop.aspectj.AbstractAspectJAdvice.invokeAdviceMethod(AbstractAspectJAdvice.java:630)
	at org.springframework.aop.aspectj.AspectJAroundAdvice.invoke(AspectJAroundAdvice.java:70)
	at org.springframework.aop.framework.ReflectiveMethodInvocation.proceed(ReflectiveMethodInvocation.java:179)
	at org.springframework.aop.interceptor.ExposeInvocationInterceptor.invoke(ExposeInvocationInterceptor.java:96)
	at org.springframework.aop.framework.ReflectiveMethodInvocation.proceed(ReflectiveMethodInvocation.java:179)
	at org.springframework.aop.framework.CglibAopProxy$DynamicAdvisedInterceptor.intercept(CglibAopProxy.java:719)
	at personal.ecommercebackend.controller.ProductController$$SpringCGLIB$$0.search(<generated>)
	at java.base/jdk.internal.reflect.DirectMethodHandleAccessor.invoke(DirectMethodHandleAccessor.java:104)
	at java.base/java.lang.reflect.Method.invoke(Method.java:578)
	at org.springframework.web.method.support.InvocableHandlerMethod.doInvoke(InvocableHandlerMethod.java:252)
	at org.springframework.web.method.support.InvocableHandlerMethod.invokeForRequest(InvocableHandlerMethod.java:184)
	at org.springframework.web.servlet.mvc.method.annotation.ServletInvocableHandlerMethod.invokeAndHandle(ServletInvocableHandlerMethod.java:117)
	at org.springframework.web.servlet.mvc.method.annotation.RequestMappingHandlerAdapter.invokeHandlerMethod(RequestMappingHandlerAdapter.java:934)
	at org.springframework.web.servlet.mvc.method.annotation.RequestMappingHandlerAdapter.handleInternal(RequestMappingHandlerAdapter.java:853)
	at org.springframework.web.servlet.mvc.method.AbstractHandlerMethodAdapter.handle(AbstractHandlerMethodAdapter.java:86)
	at org.springframework.web.servlet.DispatcherServlet.doDispatch(DispatcherServlet.java:963)
	at org.springframework.web.servlet.DispatcherServlet.doService(DispatcherServlet.java:866)
	at org.springframework.web.servlet.FrameworkServlet.processRequest(FrameworkServlet.java:1000)
	at org.springframework.web.servlet.FrameworkServlet.doGet(FrameworkServlet.java:892)
	at jakarta.servlet.http.HttpServlet.service(HttpServlet.java:622)
	at org.springframework.web.servlet.FrameworkServlet.service(FrameworkServlet.java:874)
	at jakarta.servlet.http.HttpServlet.service(HttpServlet.java:710)
	at org.apache.catalina.core.ApplicationFilterChain.doFilter(ApplicationFilterChain.java:128)
	at org.apache.tomcat.websocket.server.WsFilter.doFilter(WsFilter.java:53)
	at org.apache.catalina.core.ApplicationFilterChain.doFilter(ApplicationFilterChain.java:107)
	at org.springframework.web.filter.OncePerRequestFilter.doFilter(OncePerRequestFilter.java:110)
	at org.apache.catalina.core.ApplicationFilterChain.doFilter(ApplicationFilterChain.java:107)
	at personal.ecommercebackend.config.RequestLoggingFilter.doFilterInternal(RequestLoggingFilter.java:38)
	at org.springframework.web.filter.OncePerRequestFilter.doFilter(OncePerRequestFilter.java:116)
	at org.apache.catalina.core.ApplicationFilterChain.doFilter(ApplicationFilterChain.java:107)
	at personal.ecommercebackend.config.AuthRateLimitFilter.doFilterInternal(AuthRateLimitFilter.java:36)
	at org.springframework.web.filter.OncePerRequestFilter.doFilter(OncePerRequestFilter.java:116)
	at org.apache.catalina.core.ApplicationFilterChain.doFilter(ApplicationFilterChain.java:107)
	at org.springframework.web.filter.CompositeFilter$VirtualFilterChain.doFilter(CompositeFilter.java:108)
	at org.springframework.security.web.FilterChainProxy.lambda$doFilterInternal$3(FilterChainProxy.java:235)
	at org.springframework.security.web.ObservationFilterChainDecorator$FilterObservation$SimpleFilterObservation.lambda$wrap$1(ObservationFilterChainDecorator.java:493)
	at org.springframework.security.web.ObservationFilterChainDecorator$AroundFilterObservation$SimpleAroundFilterObservation.lambda$wrap$1(ObservationFilterChainDecorator.java:354)
	at org.springframework.security.web.ObservationFilterChainDecorator.lambda$wrapSecured$0(ObservationFilterChainDecorator.java:86)
	at org.springframework.security.web.ObservationFilterChainDecorator$VirtualFilterChain.doFilter(ObservationFilterChainDecorator.java:132)
	at org.springframework.security.web.access.intercept.AuthorizationFilter.doFilter(AuthorizationFilter.java:101)
	at org.springframework.security.web.ObservationFilterChainDecorator$ObservationFilter.wrapFilter(ObservationFilterChainDecorator.java:244)
	at org.springframework.security.web.ObservationFilterChainDecorator$ObservationFilter.doFilter(ObservationFilterChainDecorator.java:231)
	at org.springframework.security.web.ObservationFilterChainDecorator$VirtualFilterChain.doFilter(ObservationFilterChainDecorator.java:141)
	at org.springframework.security.web.access.ExceptionTranslationFilter.doFilter(ExceptionTranslationFilter.java:126)
	at org.springframework.security.web.access.ExceptionTranslationFilter.doFilter(ExceptionTranslationFilter.java:120)
	at org.springframework.security.web.ObservationFilterChainDecorator$ObservationFilter.wrapFilter(ObservationFilterChainDecorator.java:244)
	at org.springframework.security.web.ObservationFilterChainDecorator$ObservationFilter.doFilter(ObservationFilterChainDecorator.java:231)
	at org.springframework.security.web.ObservationFilterChainDecorator$VirtualFilterChain.doFilter(ObservationFilterChainDecorator.java:141)
	at org.springframework.security.web.session.SessionManagementFilter.doFilter(SessionManagementFilter.java:132)
	at org.springframework.security.web.session.SessionManagementFilter.doFilter(SessionManagementFilter.java:86)
	at org.springframework.security.web.ObservationFilterChainDecorator$ObservationFilter.wrapFilter(ObservationFilterChainDecorator.java:244)
	at org.springframework.security.web.ObservationFilterChainDecorator$ObservationFilter.doFilter(ObservationFilterChainDecorator.java:231)
	at org.springframework.security.web.ObservationFilterChainDecorator$VirtualFilterChain.doFilter(ObservationFilterChainDecorator.java:141)
	at org.springframework.security.web.authentication.AnonymousAuthenticationFilter.doFilter(AnonymousAuthenticationFilter.java:100)
	at org.springframework.security.web.ObservationFilterChainDecorator$ObservationFilter.wrapFilter(ObservationFilterChainDecorator.java:244)
	at org.springframework.security.web.ObservationFilterChainDecorator$ObservationFilter.doFilter(ObservationFilterChainDecorator.java:231)
	at org.springframework.security.web.ObservationFilterChainDecorator$VirtualFilterChain.doFilter(ObservationFilterChainDecorator.java:141)
	at org.springframework.security.web.servletapi.SecurityContextHolderAwareRequestFilter.doFilter(SecurityContextHolderAwareRequestFilter.java:181)
	at org.springframework.security.web.ObservationFilterChainDecorator$ObservationFilter.wrapFilter(ObservationFilterChainDecorator.java:244)
	at org.springframework.security.web.ObservationFilterChainDecorator$ObservationFilter.doFilter(ObservationFilterChainDecorator.java:231)
	at org.springframework.security.web.ObservationFilterChainDecorator$VirtualFilterChain.doFilter(ObservationFilterChainDecorator.java:141)
	at org.springframework.security.web.savedrequest.RequestCacheAwareFilter.doFilter(RequestCacheAwareFilter.java:63)
	at org.springframework.security.web.ObservationFilterChainDecorator$ObservationFilter.wrapFilter(ObservationFilterChainDecorator.java:244)
	at org.springframework.security.web.ObservationFilterChainDecorator$ObservationFilter.doFilter(ObservationFilterChainDecorator.java:231)
	at org.springframework.security.web.ObservationFilterChainDecorator$VirtualFilterChain.doFilter(ObservationFilterChainDecorator.java:141)
	at personal.ecommercebackend.security.JwtAuthenticationFilter.doFilterInternal(JwtAuthenticationFilter.java:53)
	at org.springframework.web.filter.OncePerRequestFilter.doFilter(OncePerRequestFilter.java:116)
	at org.springframework.security.web.ObservationFilterChainDecorator$ObservationFilter.wrapFilter(ObservationFilterChainDecorator.java:244)
	at org.springframework.security.web.ObservationFilterChainDecorator$ObservationFilter.doFilter(ObservationFilterChainDecorator.java:231)
	at org.springframework.security.web.ObservationFilterChainDecorator$VirtualFilterChain.doFilter(ObservationFilterChainDecorator.java:141)
	at org.springframework.security.web.authentication.logout.LogoutFilter.doFilter(LogoutFilter.java:110)
	at org.springframework.security.web.authentication.logout.LogoutFilter.doFilter(LogoutFilter.java:96)
	at org.springframework.security.web.ObservationFilterChainDecorator$ObservationFilter.wrapFilter(ObservationFilterChainDecorator.java:244)
	at org.springframework.security.web.ObservationFilterChainDecorator$ObservationFilter.doFilter(ObservationFilterChainDecorator.java:231)
	at org.springframework.security.web.ObservationFilterChainDecorator$VirtualFilterChain.doFilter(ObservationFilterChainDecorator.java:141)
	at org.springframework.security.web.header.HeaderWriterFilter.doHeadersAfter(HeaderWriterFilter.java:90)
	at org.springframework.security.web.header.HeaderWriterFilter.doFilterInternal(HeaderWriterFilter.java:75)
	at org.springframework.web.filter.OncePerRequestFilter.doFilter(OncePerRequestFilter.java:116)
	at org.springframework.security.web.ObservationFilterChainDecorator$ObservationFilter.wrapFilter(ObservationFilterChainDecorator.java:244)
	at org.springframework.security.web.ObservationFilterChainDecorator$ObservationFilter.doFilter(ObservationFilterChainDecorator.java:231)
	at org.springframework.security.web.ObservationFilterChainDecorator$VirtualFilterChain.doFilter(ObservationFilterChainDecorator.java:141)
	at org.springframework.security.web.context.SecurityContextHolderFilter.doFilter(SecurityContextHolderFilter.java:82)
	at org.springframework.security.web.context.SecurityContextHolderFilter.doFilter(SecurityContextHolderFilter.java:69)
	at org.springframework.security.web.ObservationFilterChainDecorator$ObservationFilter.wrapFilter(ObservationFilterChainDecorator.java:244)
	at org.springframework.security.web.ObservationFilterChainDecorator$ObservationFilter.doFilter(ObservationFilterChainDecorator.java:231)
	at org.springframework.security.web.ObservationFilterChainDecorator$VirtualFilterChain.doFilter(ObservationFilterChainDecorator.java:141)
	at org.springframework.security.web.context.request.async.WebAsyncManagerIntegrationFilter.doFilterInternal(WebAsyncManagerIntegrationFilter.java:62)
	at org.springframework.web.filter.OncePerRequestFilter.doFilter(OncePerRequestFilter.java:116)
	at org.springframework.security.web.ObservationFilterChainDecorator$ObservationFilter.wrapFilter(ObservationFilterChainDecorator.java:244)
	at org.springframework.security.web.ObservationFilterChainDecorator$ObservationFilter.doFilter(ObservationFilterChainDecorator.java:231)
	at org.springframework.security.web.ObservationFilterChainDecorator$VirtualFilterChain.doFilter(ObservationFilterChainDecorator.java:141)
	at org.springframework.security.web.session.DisableEncodeUrlFilter.doFilterInternal(DisableEncodeUrlFilter.java:42)
	at org.springframework.web.filter.OncePerRequestFilter.doFilter(OncePerRequestFilter.java:116)
	at org.springframework.security.web.ObservationFilterChainDecorator$ObservationFilter.wrapFilter(ObservationFilterChainDecorator.java:244)
	at org.springframework.security.web.ObservationFilterChainDecorator$AroundFilterObservation$SimpleAroundFilterObservation.lambda$wrap$0(ObservationFilterChainDecorator.java:337)
	at org.springframework.security.web.ObservationFilterChainDecorator$ObservationFilter.doFilter(ObservationFilterChainDecorator.java:228)
	at org.springframework.security.web.ObservationFilterChainDecorator$VirtualFilterChain.doFilter(ObservationFilterChainDecorator.java:141)
	at org.springframework.security.web.FilterChainProxy.doFilterInternal(FilterChainProxy.java:237)
	at org.springframework.security.web.FilterChainProxy.doFilter(FilterChainProxy.java:195)
	at org.springframework.web.filter.CompositeFilter$VirtualFilterChain.doFilter(CompositeFilter.java:113)
	at org.springframework.web.filter.ServletRequestPathFilter.doFilter(ServletRequestPathFilter.java:52)
	at org.springframework.web.filter.CompositeFilter$VirtualFilterChain.doFilter(CompositeFilter.java:113)
	at org.springframework.web.filter.CompositeFilter.doFilter(CompositeFilter.java:74)
	at org.springframework.security.config.annotation.web.configuration.WebSecurityConfiguration$CompositeFilterChainProxy.doFilter(WebSecurityConfiguration.java:317)
	at org.springframework.web.filter.DelegatingFilterProxy.invokeDelegate(DelegatingFilterProxy.java:355)
	at org.springframework.web.filter.DelegatingFilterProxy.doFilter(DelegatingFilterProxy.java:272)
	at org.apache.catalina.core.ApplicationFilterChain.doFilter(ApplicationFilterChain.java:107)
	at org.springframework.web.filter.RequestContextFilter.doFilterInternal(RequestContextFilter.java:100)
	at org.springframework.web.filter.OncePerRequestFilter.doFilter(OncePerRequestFilter.java:116)
	at org.apache.catalina.core.ApplicationFilterChain.doFilter(ApplicationFilterChain.java:107)
	at org.springframework.web.filter.FormContentFilter.doFilterInternal(FormContentFilter.java:93)
	at org.springframework.web.filter.OncePerRequestFilter.doFilter(OncePerRequestFilter.java:116)
	at org.apache.catalina.core.ApplicationFilterChain.doFilter(ApplicationFilterChain.java:107)
	at org.springframework.web.filter.ServerHttpObservationFilter.doFilterInternal(ServerHttpObservationFilter.java:110)
	at org.springframework.web.filter.OncePerRequestFilter.doFilter(OncePerRequestFilter.java:116)
	at org.apache.catalina.core.ApplicationFilterChain.doFilter(ApplicationFilterChain.java:107)
	at org.springframework.web.filter.CharacterEncodingFilter.doFilterInternal(CharacterEncodingFilter.java:199)
	at org.springframework.web.filter.OncePerRequestFilter.doFilter(OncePerRequestFilter.java:116)
	at org.apache.catalina.core.ApplicationFilterChain.doFilter(ApplicationFilterChain.java:107)
	at org.apache.catalina.core.StandardWrapperValve.invoke(StandardWrapperValve.java:165)
	at org.apache.catalina.core.StandardContextValve.invoke(StandardContextValve.java:77)
	at org.apache.catalina.authenticator.AuthenticatorBase.invoke(AuthenticatorBase.java:492)
	at org.apache.catalina.core.StandardHostValve.invoke(StandardHostValve.java:113)
	at org.apache.catalina.valves.ErrorReportValve.invoke(ErrorReportValve.java:83)
	at org.apache.catalina.core.StandardEngineValve.invoke(StandardEngineValve.java:72)
	at org.apache.catalina.connector.CoyoteAdapter.service(CoyoteAdapter.java:341)
	at org.apache.coyote.http11.Http11Processor.service(Http11Processor.java:397)
	at org.apache.coyote.AbstractProcessorLight.process(AbstractProcessorLight.java:63)
	at org.apache.coyote.AbstractProtocol$ConnectionHandler.process(AbstractProtocol.java:903)
	at org.apache.tomcat.util.net.NioEndpoint$SocketProcessor.doRun(NioEndpoint.java:1801)
	at org.apache.tomcat.util.net.SocketProcessorBase.run(SocketProcessorBase.java:52)
	at org.apache.tomcat.util.threads.ThreadPoolExecutor.runWorker(ThreadPoolExecutor.java:946)
	at org.apache.tomcat.util.threads.ThreadPoolExecutor$Worker.run(ThreadPoolExecutor.java:480)
	at org.apache.tomcat.util.threads.TaskThread$WrappingRunnable.run(TaskThread.java:57)
	at java.base/java.lang.Thread.run(Thread.java:1589)
Caused by: org.hibernate.exception.GenericJDBCException: Unable to acquire JDBC Connection [HikariPool-1 - Interrupted during connection acquisition] [n/a]
	at org.hibernate.exception.internal.StandardSQLExceptionConverter.convert(StandardSQLExceptionConverter.java:39)
	at org.hibernate.engine.jdbc.spi.SqlExceptionHelper.convert(SqlExceptionHelper.java:115)
	at org.hibernate.engine.jdbc.spi.SqlExceptionHelper.convert(SqlExceptionHelper.java:101)
	at org.hibernate.resource.jdbc.internal.LogicalConnectionManagedImpl.acquire(LogicalConnectionManagedImpl.java:190)
	at org.hibernate.resource.jdbc.internal.LogicalConnectionManagedImpl.acquireConnectionIfNeeded(LogicalConnectionManagedImpl.java:87)
	at org.hibernate.resource.jdbc.internal.LogicalConnectionManagedImpl.getPhysicalConnection(LogicalConnectionManagedImpl.java:126)
	at org.springframework.orm.jpa.vendor.HibernateJpaDialect.beginTransaction(HibernateJpaDialect.java:135)
	at org.springframework.orm.jpa.JpaTransactionManager.doBegin(JpaTransactionManager.java:411)
	... 157 common frames omitted
Caused by: java.sql.SQLException: HikariPool-1 - Interrupted during connection acquisition
	at com.zaxxer.hikari.pool.HikariPool.getConnection(HikariPool.java:188)
	at com.zaxxer.hikari.pool.HikariPool.getConnection(HikariPool.java:142)
	at com.zaxxer.hikari.HikariDataSource.getConnection(HikariDataSource.java:127)
	at org.hibernate.engine.jdbc.connections.internal.DataSourceConnectionProvider.getConnection(DataSourceConnectionProvider.java:137)
	at org.hibernate.internal.NonContextualJdbcConnectionAccess.obtainConnection(NonContextualJdbcConnectionAccess.java:47)
	at org.hibernate.resource.jdbc.internal.LogicalConnectionManagedImpl.acquire(LogicalConnectionManagedImpl.java:187)
	... 161 common frames omitted
Caused by: java.lang.InterruptedException
	at java.base/java.util.concurrent.SynchronousQueue.poll(SynchronousQueue.java:906)
	at com.zaxxer.hikari.util.ConcurrentBag.borrow(ConcurrentBag.java:163)
	at com.zaxxer.hikari.pool.HikariPool.getConnection(HikariPool.java:160)
	... 166 common frames omitted
2026-05-31 09:46:07.727 ERROR [http-nio-0.0.0.0-8080-exec-2] [ab350c1b-c59d-40a8-978d-34e78d91c80c] p.e.exception.GlobalExceptionHandler - Unhandled exception: Could not open JPA EntityManager for transaction
org.springframework.transaction.CannotCreateTransactionException: Could not open JPA EntityManager for transaction
	at org.springframework.orm.jpa.JpaTransactionManager.doBegin(JpaTransactionManager.java:457)
	at org.springframework.transaction.support.AbstractPlatformTransactionManager.startTransaction(AbstractPlatformTransactionManager.java:532)
	at org.springframework.transaction.support.AbstractPlatformTransactionManager.getTransaction(AbstractPlatformTransactionManager.java:405)
	at org.springframework.transaction.interceptor.TransactionAspectSupport.createTransactionIfNecessary(TransactionAspectSupport.java:628)
	at org.springframework.transaction.interceptor.TransactionAspectSupport.invokeWithinTransaction(TransactionAspectSupport.java:365)
	at org.springframework.transaction.interceptor.TransactionInterceptor.invoke(TransactionInterceptor.java:130)
	at org.springframework.aop.framework.ReflectiveMethodInvocation.proceed(ReflectiveMethodInvocation.java:179)
	at org.springframework.aop.interceptor.ExposeInvocationInterceptor.invoke(ExposeInvocationInterceptor.java:96)
	at org.springframework.aop.framework.ReflectiveMethodInvocation.proceed(ReflectiveMethodInvocation.java:179)
	at org.springframework.aop.framework.CglibAopProxy$DynamicAdvisedInterceptor.intercept(CglibAopProxy.java:719)
	at personal.ecommercebackend.service.impl.AuthServiceImpl$$SpringCGLIB$$0.me(<generated>)
	at personal.ecommercebackend.controller.AuthController.me(AuthController.java:32)
	at java.base/jdk.internal.reflect.DirectMethodHandleAccessor.invoke(DirectMethodHandleAccessor.java:104)
	at java.base/java.lang.reflect.Method.invoke(Method.java:578)
	at org.springframework.aop.support.AopUtils.invokeJoinpointUsingReflection(AopUtils.java:359)
	at org.springframework.aop.framework.ReflectiveMethodInvocation.invokeJoinpoint(ReflectiveMethodInvocation.java:190)
	at org.springframework.aop.framework.ReflectiveMethodInvocation.proceed(ReflectiveMethodInvocation.java:158)
	at org.springframework.aop.aspectj.MethodInvocationProceedingJoinPoint.proceed(MethodInvocationProceedingJoinPoint.java:82)
	at personal.ecommercebackend.config.LoggingAspect.logExecution(LoggingAspect.java:37)
	at personal.ecommercebackend.config.LoggingAspect.logController(LoggingAspect.java:25)
	at java.base/jdk.internal.reflect.DirectMethodHandleAccessor.invoke(DirectMethodHandleAccessor.java:104)
	at java.base/java.lang.reflect.Method.invoke(Method.java:578)
	at org.springframework.aop.aspectj.AbstractAspectJAdvice.invokeAdviceMethodWithGivenArgs(AbstractAspectJAdvice.java:648)
	at org.springframework.aop.aspectj.AbstractAspectJAdvice.invokeAdviceMethod(AbstractAspectJAdvice.java:630)
	at org.springframework.aop.aspectj.AspectJAroundAdvice.invoke(AspectJAroundAdvice.java:70)
	at org.springframework.aop.framework.ReflectiveMethodInvocation.proceed(ReflectiveMethodInvocation.java:179)
	at org.springframework.aop.interceptor.ExposeInvocationInterceptor.invoke(ExposeInvocationInterceptor.java:96)
	at org.springframework.aop.framework.ReflectiveMethodInvocation.proceed(ReflectiveMethodInvocation.java:179)
	at org.springframework.aop.framework.CglibAopProxy$DynamicAdvisedInterceptor.intercept(CglibAopProxy.java:719)
	at personal.ecommercebackend.controller.AuthController$$SpringCGLIB$$0.me(<generated>)
	at java.base/jdk.internal.reflect.DirectMethodHandleAccessor.invoke(DirectMethodHandleAccessor.java:104)
	at java.base/java.lang.reflect.Method.invoke(Method.java:578)
	at org.springframework.web.method.support.InvocableHandlerMethod.doInvoke(InvocableHandlerMethod.java:252)
	at org.springframework.web.method.support.InvocableHandlerMethod.invokeForRequest(InvocableHandlerMethod.java:184)
	at org.springframework.web.servlet.mvc.method.annotation.ServletInvocableHandlerMethod.invokeAndHandle(ServletInvocableHandlerMethod.java:117)
	at org.springframework.web.servlet.mvc.method.annotation.RequestMappingHandlerAdapter.invokeHandlerMethod(RequestMappingHandlerAdapter.java:934)
	at org.springframework.web.servlet.mvc.method.annotation.RequestMappingHandlerAdapter.handleInternal(RequestMappingHandlerAdapter.java:853)
	at org.springframework.web.servlet.mvc.method.AbstractHandlerMethodAdapter.handle(AbstractHandlerMethodAdapter.java:86)
	at org.springframework.web.servlet.DispatcherServlet.doDispatch(DispatcherServlet.java:963)
	at org.springframework.web.servlet.DispatcherServlet.doService(DispatcherServlet.java:866)
	at org.springframework.web.servlet.FrameworkServlet.processRequest(FrameworkServlet.java:1000)
	at org.springframework.web.servlet.FrameworkServlet.doGet(FrameworkServlet.java:892)
	at jakarta.servlet.http.HttpServlet.service(HttpServlet.java:622)
	at org.springframework.web.servlet.FrameworkServlet.service(FrameworkServlet.java:874)
	at jakarta.servlet.http.HttpServlet.service(HttpServlet.java:710)
	at org.apache.catalina.core.ApplicationFilterChain.doFilter(ApplicationFilterChain.java:128)
	at org.apache.tomcat.websocket.server.WsFilter.doFilter(WsFilter.java:53)
	at org.apache.catalina.core.ApplicationFilterChain.doFilter(ApplicationFilterChain.java:107)
	at org.springframework.web.filter.OncePerRequestFilter.doFilter(OncePerRequestFilter.java:110)
	at org.apache.catalina.core.ApplicationFilterChain.doFilter(ApplicationFilterChain.java:107)
	at personal.ecommercebackend.config.RequestLoggingFilter.doFilterInternal(RequestLoggingFilter.java:38)
	at org.springframework.web.filter.OncePerRequestFilter.doFilter(OncePerRequestFilter.java:116)
	at org.apache.catalina.core.ApplicationFilterChain.doFilter(ApplicationFilterChain.java:107)
	at personal.ecommercebackend.config.AuthRateLimitFilter.doFilterInternal(AuthRateLimitFilter.java:36)
	at org.springframework.web.filter.OncePerRequestFilter.doFilter(OncePerRequestFilter.java:116)
	at org.apache.catalina.core.ApplicationFilterChain.doFilter(ApplicationFilterChain.java:107)
	at org.springframework.web.filter.CompositeFilter$VirtualFilterChain.doFilter(CompositeFilter.java:108)
	at org.springframework.security.web.FilterChainProxy.lambda$doFilterInternal$3(FilterChainProxy.java:235)
	at org.springframework.security.web.ObservationFilterChainDecorator$FilterObservation$SimpleFilterObservation.lambda$wrap$1(ObservationFilterChainDecorator.java:493)
	at org.springframework.security.web.ObservationFilterChainDecorator$AroundFilterObservation$SimpleAroundFilterObservation.lambda$wrap$1(ObservationFilterChainDecorator.java:354)
	at org.springframework.security.web.ObservationFilterChainDecorator.lambda$wrapSecured$0(ObservationFilterChainDecorator.java:86)
	at org.springframework.security.web.ObservationFilterChainDecorator$VirtualFilterChain.doFilter(ObservationFilterChainDecorator.java:132)
	at org.springframework.security.web.access.intercept.AuthorizationFilter.doFilter(AuthorizationFilter.java:101)
	at org.springframework.security.web.ObservationFilterChainDecorator$ObservationFilter.wrapFilter(ObservationFilterChainDecorator.java:244)
	at org.springframework.security.web.ObservationFilterChainDecorator$ObservationFilter.doFilter(ObservationFilterChainDecorator.java:231)
	at org.springframework.security.web.ObservationFilterChainDecorator$VirtualFilterChain.doFilter(ObservationFilterChainDecorator.java:141)
	at org.springframework.security.web.access.ExceptionTranslationFilter.doFilter(ExceptionTranslationFilter.java:126)
	at org.springframework.security.web.access.ExceptionTranslationFilter.doFilter(ExceptionTranslationFilter.java:120)
	at org.springframework.security.web.ObservationFilterChainDecorator$ObservationFilter.wrapFilter(ObservationFilterChainDecorator.java:244)
	at org.springframework.security.web.ObservationFilterChainDecorator$ObservationFilter.doFilter(ObservationFilterChainDecorator.java:231)
	at org.springframework.security.web.ObservationFilterChainDecorator$VirtualFilterChain.doFilter(ObservationFilterChainDecorator.java:141)
	at org.springframework.security.web.session.SessionManagementFilter.doFilter(SessionManagementFilter.java:132)
	at org.springframework.security.web.session.SessionManagementFilter.doFilter(SessionManagementFilter.java:86)
	at org.springframework.security.web.ObservationFilterChainDecorator$ObservationFilter.wrapFilter(ObservationFilterChainDecorator.java:244)
	at org.springframework.security.web.ObservationFilterChainDecorator$ObservationFilter.doFilter(ObservationFilterChainDecorator.java:231)
	at org.springframework.security.web.ObservationFilterChainDecorator$VirtualFilterChain.doFilter(ObservationFilterChainDecorator.java:141)
	at org.springframework.security.web.authentication.AnonymousAuthenticationFilter.doFilter(AnonymousAuthenticationFilter.java:100)
	at org.springframework.security.web.ObservationFilterChainDecorator$ObservationFilter.wrapFilter(ObservationFilterChainDecorator.java:244)
	at org.springframework.security.web.ObservationFilterChainDecorator$ObservationFilter.doFilter(ObservationFilterChainDecorator.java:231)
	at org.springframework.security.web.ObservationFilterChainDecorator$VirtualFilterChain.doFilter(ObservationFilterChainDecorator.java:141)
	at org.springframework.security.web.servletapi.SecurityContextHolderAwareRequestFilter.doFilter(SecurityContextHolderAwareRequestFilter.java:181)
	at org.springframework.security.web.ObservationFilterChainDecorator$ObservationFilter.wrapFilter(ObservationFilterChainDecorator.java:244)
	at org.springframework.security.web.ObservationFilterChainDecorator$ObservationFilter.doFilter(ObservationFilterChainDecorator.java:231)
	at org.springframework.security.web.ObservationFilterChainDecorator$VirtualFilterChain.doFilter(ObservationFilterChainDecorator.java:141)
	at org.springframework.security.web.savedrequest.RequestCacheAwareFilter.doFilter(RequestCacheAwareFilter.java:63)
	at org.springframework.security.web.ObservationFilterChainDecorator$ObservationFilter.wrapFilter(ObservationFilterChainDecorator.java:244)
	at org.springframework.security.web.ObservationFilterChainDecorator$ObservationFilter.doFilter(ObservationFilterChainDecorator.java:231)
	at org.springframework.security.web.ObservationFilterChainDecorator$VirtualFilterChain.doFilter(ObservationFilterChainDecorator.java:141)
	at personal.ecommercebackend.security.JwtAuthenticationFilter.doFilterInternal(JwtAuthenticationFilter.java:53)
	at org.springframework.web.filter.OncePerRequestFilter.doFilter(OncePerRequestFilter.java:116)
	at org.springframework.security.web.ObservationFilterChainDecorator$ObservationFilter.wrapFilter(ObservationFilterChainDecorator.java:244)
	at org.springframework.security.web.ObservationFilterChainDecorator$ObservationFilter.doFilter(ObservationFilterChainDecorator.java:231)
	at org.springframework.security.web.ObservationFilterChainDecorator$VirtualFilterChain.doFilter(ObservationFilterChainDecorator.java:141)
	at org.springframework.security.web.authentication.logout.LogoutFilter.doFilter(LogoutFilter.java:110)
	at org.springframework.security.web.authentication.logout.LogoutFilter.doFilter(LogoutFilter.java:96)
	at org.springframework.security.web.ObservationFilterChainDecorator$ObservationFilter.wrapFilter(ObservationFilterChainDecorator.java:244)
	at org.springframework.security.web.ObservationFilterChainDecorator$ObservationFilter.doFilter(ObservationFilterChainDecorator.java:231)
	at org.springframework.security.web.ObservationFilterChainDecorator$VirtualFilterChain.doFilter(ObservationFilterChainDecorator.java:141)
	at org.springframework.security.web.header.HeaderWriterFilter.doHeadersAfter(HeaderWriterFilter.java:90)
	at org.springframework.security.web.header.HeaderWriterFilter.doFilterInternal(HeaderWriterFilter.java:75)
	at org.springframework.web.filter.OncePerRequestFilter.doFilter(OncePerRequestFilter.java:116)
	at org.springframework.security.web.ObservationFilterChainDecorator$ObservationFilter.wrapFilter(ObservationFilterChainDecorator.java:244)
	at org.springframework.security.web.ObservationFilterChainDecorator$ObservationFilter.doFilter(ObservationFilterChainDecorator.java:231)
	at org.springframework.security.web.ObservationFilterChainDecorator$VirtualFilterChain.doFilter(ObservationFilterChainDecorator.java:141)
	at org.springframework.security.web.context.SecurityContextHolderFilter.doFilter(SecurityContextHolderFilter.java:82)
	at org.springframework.security.web.context.SecurityContextHolderFilter.doFilter(SecurityContextHolderFilter.java:69)
	at org.springframework.security.web.ObservationFilterChainDecorator$ObservationFilter.wrapFilter(ObservationFilterChainDecorator.java:244)
	at org.springframework.security.web.ObservationFilterChainDecorator$ObservationFilter.doFilter(ObservationFilterChainDecorator.java:231)
	at org.springframework.security.web.ObservationFilterChainDecorator$VirtualFilterChain.doFilter(ObservationFilterChainDecorator.java:141)
	at org.springframework.security.web.context.request.async.WebAsyncManagerIntegrationFilter.doFilterInternal(WebAsyncManagerIntegrationFilter.java:62)
	at org.springframework.web.filter.OncePerRequestFilter.doFilter(OncePerRequestFilter.java:116)
	at org.springframework.security.web.ObservationFilterChainDecorator$ObservationFilter.wrapFilter(ObservationFilterChainDecorator.java:244)
	at org.springframework.security.web.ObservationFilterChainDecorator$ObservationFilter.doFilter(ObservationFilterChainDecorator.java:231)
	at org.springframework.security.web.ObservationFilterChainDecorator$VirtualFilterChain.doFilter(ObservationFilterChainDecorator.java:141)
	at org.springframework.security.web.session.DisableEncodeUrlFilter.doFilterInternal(DisableEncodeUrlFilter.java:42)
	at org.springframework.web.filter.OncePerRequestFilter.doFilter(OncePerRequestFilter.java:116)
	at org.springframework.security.web.ObservationFilterChainDecorator$ObservationFilter.wrapFilter(ObservationFilterChainDecorator.java:244)
	at org.springframework.security.web.ObservationFilterChainDecorator$AroundFilterObservation$SimpleAroundFilterObservation.lambda$wrap$0(ObservationFilterChainDecorator.java:337)
	at org.springframework.security.web.ObservationFilterChainDecorator$ObservationFilter.doFilter(ObservationFilterChainDecorator.java:228)
	at org.springframework.security.web.ObservationFilterChainDecorator$VirtualFilterChain.doFilter(ObservationFilterChainDecorator.java:141)
	at org.springframework.security.web.FilterChainProxy.doFilterInternal(FilterChainProxy.java:237)
	at org.springframework.security.web.FilterChainProxy.doFilter(FilterChainProxy.java:195)
	at org.springframework.web.filter.CompositeFilter$VirtualFilterChain.doFilter(CompositeFilter.java:113)
	at org.springframework.web.filter.ServletRequestPathFilter.doFilter(ServletRequestPathFilter.java:52)
	at org.springframework.web.filter.CompositeFilter$VirtualFilterChain.doFilter(CompositeFilter.java:113)
	at org.springframework.web.filter.CompositeFilter.doFilter(CompositeFilter.java:74)
	at org.springframework.security.config.annotation.web.configuration.WebSecurityConfiguration$CompositeFilterChainProxy.doFilter(WebSecurityConfiguration.java:317)
	at org.springframework.web.filter.DelegatingFilterProxy.invokeDelegate(DelegatingFilterProxy.java:355)
	at org.springframework.web.filter.DelegatingFilterProxy.doFilter(DelegatingFilterProxy.java:272)
	at org.apache.catalina.core.ApplicationFilterChain.doFilter(ApplicationFilterChain.java:107)
	at org.springframework.web.filter.RequestContextFilter.doFilterInternal(RequestContextFilter.java:100)
	at org.springframework.web.filter.OncePerRequestFilter.doFilter(OncePerRequestFilter.java:116)
	at org.apache.catalina.core.ApplicationFilterChain.doFilter(ApplicationFilterChain.java:107)
	at org.springframework.web.filter.FormContentFilter.doFilterInternal(FormContentFilter.java:93)
	at org.springframework.web.filter.OncePerRequestFilter.doFilter(OncePerRequestFilter.java:116)
	at org.apache.catalina.core.ApplicationFilterChain.doFilter(ApplicationFilterChain.java:107)
	at org.springframework.web.filter.ServerHttpObservationFilter.doFilterInternal(ServerHttpObservationFilter.java:110)
	at org.springframework.web.filter.OncePerRequestFilter.doFilter(OncePerRequestFilter.java:116)
	at org.apache.catalina.core.ApplicationFilterChain.doFilter(ApplicationFilterChain.java:107)
	at org.springframework.web.filter.CharacterEncodingFilter.doFilterInternal(CharacterEncodingFilter.java:199)
	at org.springframework.web.filter.OncePerRequestFilter.doFilter(OncePerRequestFilter.java:116)
	at org.apache.catalina.core.ApplicationFilterChain.doFilter(ApplicationFilterChain.java:107)
	at org.apache.catalina.core.StandardWrapperValve.invoke(StandardWrapperValve.java:165)
	at org.apache.catalina.core.StandardContextValve.invoke(StandardContextValve.java:77)
	at org.apache.catalina.authenticator.AuthenticatorBase.invoke(AuthenticatorBase.java:492)
	at org.apache.catalina.core.StandardHostValve.invoke(StandardHostValve.java:113)
	at org.apache.catalina.valves.ErrorReportValve.invoke(ErrorReportValve.java:83)
	at org.apache.catalina.core.StandardEngineValve.invoke(StandardEngineValve.java:72)
	at org.apache.catalina.connector.CoyoteAdapter.service(CoyoteAdapter.java:341)
	at org.apache.coyote.http11.Http11Processor.service(Http11Processor.java:397)
	at org.apache.coyote.AbstractProcessorLight.process(AbstractProcessorLight.java:63)
	at org.apache.coyote.AbstractProtocol$ConnectionHandler.process(AbstractProtocol.java:903)
	at org.apache.tomcat.util.net.NioEndpoint$SocketProcessor.doRun(NioEndpoint.java:1801)
	at org.apache.tomcat.util.net.SocketProcessorBase.run(SocketProcessorBase.java:52)
	at org.apache.tomcat.util.threads.ThreadPoolExecutor.runWorker(ThreadPoolExecutor.java:946)
	at org.apache.tomcat.util.threads.ThreadPoolExecutor$Worker.run(ThreadPoolExecutor.java:480)
	at org.apache.tomcat.util.threads.TaskThread$WrappingRunnable.run(TaskThread.java:57)
	at java.base/java.lang.Thread.run(Thread.java:1589)
Caused by: org.hibernate.exception.GenericJDBCException: Unable to acquire JDBC Connection [HikariPool-1 - Interrupted during connection acquisition] [n/a]
	at org.hibernate.exception.internal.StandardSQLExceptionConverter.convert(StandardSQLExceptionConverter.java:39)
	at org.hibernate.engine.jdbc.spi.SqlExceptionHelper.convert(SqlExceptionHelper.java:115)
	at org.hibernate.engine.jdbc.spi.SqlExceptionHelper.convert(SqlExceptionHelper.java:101)
	at org.hibernate.resource.jdbc.internal.LogicalConnectionManagedImpl.acquire(LogicalConnectionManagedImpl.java:190)
	at org.hibernate.resource.jdbc.internal.LogicalConnectionManagedImpl.acquireConnectionIfNeeded(LogicalConnectionManagedImpl.java:87)
	at org.hibernate.resource.jdbc.internal.LogicalConnectionManagedImpl.getPhysicalConnection(LogicalConnectionManagedImpl.java:126)
	at org.springframework.orm.jpa.vendor.HibernateJpaDialect.beginTransaction(HibernateJpaDialect.java:135)
	at org.springframework.orm.jpa.JpaTransactionManager.doBegin(JpaTransactionManager.java:411)
	... 157 common frames omitted
Caused by: java.sql.SQLException: HikariPool-1 - Interrupted during connection acquisition
	at com.zaxxer.hikari.pool.HikariPool.getConnection(HikariPool.java:188)
	at com.zaxxer.hikari.pool.HikariPool.getConnection(HikariPool.java:142)
	at com.zaxxer.hikari.HikariDataSource.getConnection(HikariDataSource.java:127)
	at org.hibernate.engine.jdbc.connections.internal.DataSourceConnectionProvider.getConnection(DataSourceConnectionProvider.java:137)
	at org.hibernate.internal.NonContextualJdbcConnectionAccess.obtainConnection(NonContextualJdbcConnectionAccess.java:47)
	at org.hibernate.resource.jdbc.internal.LogicalConnectionManagedImpl.acquire(LogicalConnectionManagedImpl.java:187)
	... 161 common frames omitted
Caused by: java.lang.InterruptedException
	at java.base/java.util.concurrent.SynchronousQueue.poll(SynchronousQueue.java:906)
	at com.zaxxer.hikari.util.ConcurrentBag.borrow(ConcurrentBag.java:163)
	at com.zaxxer.hikari.pool.HikariPool.getConnection(HikariPool.java:160)
	... 166 common frames omitted
2026-05-31 09:46:07.726 ERROR [http-nio-0.0.0.0-8080-exec-8] [1d42a32e-5d5e-4674-a74b-40af67d510a1] p.e.exception.GlobalExceptionHandler - Unhandled exception: Could not open JPA EntityManager for transaction
org.springframework.transaction.CannotCreateTransactionException: Could not open JPA EntityManager for transaction
	at org.springframework.orm.jpa.JpaTransactionManager.doBegin(JpaTransactionManager.java:457)
	at org.springframework.transaction.support.AbstractPlatformTransactionManager.startTransaction(AbstractPlatformTransactionManager.java:532)
	at org.springframework.transaction.support.AbstractPlatformTransactionManager.getTransaction(AbstractPlatformTransactionManager.java:405)
	at org.springframework.transaction.interceptor.TransactionAspectSupport.createTransactionIfNecessary(TransactionAspectSupport.java:628)
	at org.springframework.transaction.interceptor.TransactionAspectSupport.invokeWithinTransaction(TransactionAspectSupport.java:365)
	at org.springframework.transaction.interceptor.TransactionInterceptor.invoke(TransactionInterceptor.java:130)
	at org.springframework.aop.framework.ReflectiveMethodInvocation.proceed(ReflectiveMethodInvocation.java:179)
	at org.springframework.aop.interceptor.ExposeInvocationInterceptor.invoke(ExposeInvocationInterceptor.java:96)
	at org.springframework.aop.framework.ReflectiveMethodInvocation.proceed(ReflectiveMethodInvocation.java:179)
	at org.springframework.aop.framework.CglibAopProxy$DynamicAdvisedInterceptor.intercept(CglibAopProxy.java:719)
	at personal.ecommercebackend.service.impl.CategoryServiceImpl$$SpringCGLIB$$0.findAll(<generated>)
	at personal.ecommercebackend.controller.CategoryController.findAll(CategoryController.java:23)
	at java.base/jdk.internal.reflect.DirectMethodHandleAccessor.invoke(DirectMethodHandleAccessor.java:104)
	at java.base/java.lang.reflect.Method.invoke(Method.java:578)
	at org.springframework.aop.support.AopUtils.invokeJoinpointUsingReflection(AopUtils.java:359)
	at org.springframework.aop.framework.ReflectiveMethodInvocation.invokeJoinpoint(ReflectiveMethodInvocation.java:190)
	at org.springframework.aop.framework.ReflectiveMethodInvocation.proceed(ReflectiveMethodInvocation.java:158)
	at org.springframework.aop.aspectj.MethodInvocationProceedingJoinPoint.proceed(MethodInvocationProceedingJoinPoint.java:82)
	at personal.ecommercebackend.config.LoggingAspect.logExecution(LoggingAspect.java:37)
	at personal.ecommercebackend.config.LoggingAspect.logController(LoggingAspect.java:25)
	at java.base/jdk.internal.reflect.DirectMethodHandleAccessor.invoke(DirectMethodHandleAccessor.java:104)
	at java.base/java.lang.reflect.Method.invoke(Method.java:578)
	at org.springframework.aop.aspectj.AbstractAspectJAdvice.invokeAdviceMethodWithGivenArgs(AbstractAspectJAdvice.java:648)
	at org.springframework.aop.aspectj.AbstractAspectJAdvice.invokeAdviceMethod(AbstractAspectJAdvice.java:630)
	at org.springframework.aop.aspectj.AspectJAroundAdvice.invoke(AspectJAroundAdvice.java:70)
	at org.springframework.aop.framework.ReflectiveMethodInvocation.proceed(ReflectiveMethodInvocation.java:179)
	at org.springframework.aop.interceptor.ExposeInvocationInterceptor.invoke(ExposeInvocationInterceptor.java:96)
	at org.springframework.aop.framework.ReflectiveMethodInvocation.proceed(ReflectiveMethodInvocation.java:179)
	at org.springframework.aop.framework.CglibAopProxy$DynamicAdvisedInterceptor.intercept(CglibAopProxy.java:719)
	at personal.ecommercebackend.controller.CategoryController$$SpringCGLIB$$0.findAll(<generated>)
	at java.base/jdk.internal.reflect.DirectMethodHandleAccessor.invoke(DirectMethodHandleAccessor.java:104)
	at java.base/java.lang.reflect.Method.invoke(Method.java:578)
	at org.springframework.web.method.support.InvocableHandlerMethod.doInvoke(InvocableHandlerMethod.java:252)
	at org.springframework.web.method.support.InvocableHandlerMethod.invokeForRequest(InvocableHandlerMethod.java:184)
	at org.springframework.web.servlet.mvc.method.annotation.ServletInvocableHandlerMethod.invokeAndHandle(ServletInvocableHandlerMethod.java:117)
	at org.springframework.web.servlet.mvc.method.annotation.RequestMappingHandlerAdapter.invokeHandlerMethod(RequestMappingHandlerAdapter.java:934)
	at org.springframework.web.servlet.mvc.method.annotation.RequestMappingHandlerAdapter.handleInternal(RequestMappingHandlerAdapter.java:853)
	at org.springframework.web.servlet.mvc.method.AbstractHandlerMethodAdapter.handle(AbstractHandlerMethodAdapter.java:86)
	at org.springframework.web.servlet.DispatcherServlet.doDispatch(DispatcherServlet.java:963)
	at org.springframework.web.servlet.DispatcherServlet.doService(DispatcherServlet.java:866)
	at org.springframework.web.servlet.FrameworkServlet.processRequest(FrameworkServlet.java:1000)
	at org.springframework.web.servlet.FrameworkServlet.doGet(FrameworkServlet.java:892)
	at jakarta.servlet.http.HttpServlet.service(HttpServlet.java:622)
	at org.springframework.web.servlet.FrameworkServlet.service(FrameworkServlet.java:874)
	at jakarta.servlet.http.HttpServlet.service(HttpServlet.java:710)
	at org.apache.catalina.core.ApplicationFilterChain.doFilter(ApplicationFilterChain.java:128)
	at org.apache.tomcat.websocket.server.WsFilter.doFilter(WsFilter.java:53)
	at org.apache.catalina.core.ApplicationFilterChain.doFilter(ApplicationFilterChain.java:107)
	at org.springframework.web.filter.OncePerRequestFilter.doFilter(OncePerRequestFilter.java:110)
	at org.apache.catalina.core.ApplicationFilterChain.doFilter(ApplicationFilterChain.java:107)
	at personal.ecommercebackend.config.RequestLoggingFilter.doFilterInternal(RequestLoggingFilter.java:38)
	at org.springframework.web.filter.OncePerRequestFilter.doFilter(OncePerRequestFilter.java:116)
	at org.apache.catalina.core.ApplicationFilterChain.doFilter(ApplicationFilterChain.java:107)
	at personal.ecommercebackend.config.AuthRateLimitFilter.doFilterInternal(AuthRateLimitFilter.java:36)
	at org.springframework.web.filter.OncePerRequestFilter.doFilter(OncePerRequestFilter.java:116)
	at org.apache.catalina.core.ApplicationFilterChain.doFilter(ApplicationFilterChain.java:107)
	at org.springframework.web.filter.CompositeFilter$VirtualFilterChain.doFilter(CompositeFilter.java:108)
	at org.springframework.security.web.FilterChainProxy.lambda$doFilterInternal$3(FilterChainProxy.java:235)
	at org.springframework.security.web.ObservationFilterChainDecorator$FilterObservation$SimpleFilterObservation.lambda$wrap$1(ObservationFilterChainDecorator.java:493)
	at org.springframework.security.web.ObservationFilterChainDecorator$AroundFilterObservation$SimpleAroundFilterObservation.lambda$wrap$1(ObservationFilterChainDecorator.java:354)
	at org.springframework.security.web.ObservationFilterChainDecorator.lambda$wrapSecured$0(ObservationFilterChainDecorator.java:86)
	at org.springframework.security.web.ObservationFilterChainDecorator$VirtualFilterChain.doFilter(ObservationFilterChainDecorator.java:132)
	at org.springframework.security.web.access.intercept.AuthorizationFilter.doFilter(AuthorizationFilter.java:101)
	at org.springframework.security.web.ObservationFilterChainDecorator$ObservationFilter.wrapFilter(ObservationFilterChainDecorator.java:244)
	at org.springframework.security.web.ObservationFilterChainDecorator$ObservationFilter.doFilter(ObservationFilterChainDecorator.java:231)
	at org.springframework.security.web.ObservationFilterChainDecorator$VirtualFilterChain.doFilter(ObservationFilterChainDecorator.java:141)
	at org.springframework.security.web.access.ExceptionTranslationFilter.doFilter(ExceptionTranslationFilter.java:126)
	at org.springframework.security.web.access.ExceptionTranslationFilter.doFilter(ExceptionTranslationFilter.java:120)
	at org.springframework.security.web.ObservationFilterChainDecorator$ObservationFilter.wrapFilter(ObservationFilterChainDecorator.java:244)
	at org.springframework.security.web.ObservationFilterChainDecorator$ObservationFilter.doFilter(ObservationFilterChainDecorator.java:231)
	at org.springframework.security.web.ObservationFilterChainDecorator$VirtualFilterChain.doFilter(ObservationFilterChainDecorator.java:141)
	at org.springframework.security.web.session.SessionManagementFilter.doFilter(SessionManagementFilter.java:132)
	at org.springframework.security.web.session.SessionManagementFilter.doFilter(SessionManagementFilter.java:86)
	at org.springframework.security.web.ObservationFilterChainDecorator$ObservationFilter.wrapFilter(ObservationFilterChainDecorator.java:244)
	at org.springframework.security.web.ObservationFilterChainDecorator$ObservationFilter.doFilter(ObservationFilterChainDecorator.java:231)
	at org.springframework.security.web.ObservationFilterChainDecorator$VirtualFilterChain.doFilter(ObservationFilterChainDecorator.java:141)
	at org.springframework.security.web.authentication.AnonymousAuthenticationFilter.doFilter(AnonymousAuthenticationFilter.java:100)
	at org.springframework.security.web.ObservationFilterChainDecorator$ObservationFilter.wrapFilter(ObservationFilterChainDecorator.java:244)
	at org.springframework.security.web.ObservationFilterChainDecorator$ObservationFilter.doFilter(ObservationFilterChainDecorator.java:231)
	at org.springframework.security.web.ObservationFilterChainDecorator$VirtualFilterChain.doFilter(ObservationFilterChainDecorator.java:141)
	at org.springframework.security.web.servletapi.SecurityContextHolderAwareRequestFilter.doFilter(SecurityContextHolderAwareRequestFilter.java:181)
	at org.springframework.security.web.ObservationFilterChainDecorator$ObservationFilter.wrapFilter(ObservationFilterChainDecorator.java:244)
	at org.springframework.security.web.ObservationFilterChainDecorator$ObservationFilter.doFilter(ObservationFilterChainDecorator.java:231)
	at org.springframework.security.web.ObservationFilterChainDecorator$VirtualFilterChain.doFilter(ObservationFilterChainDecorator.java:141)
	at org.springframework.security.web.savedrequest.RequestCacheAwareFilter.doFilter(RequestCacheAwareFilter.java:63)
	at org.springframework.security.web.ObservationFilterChainDecorator$ObservationFilter.wrapFilter(ObservationFilterChainDecorator.java:244)
	at org.springframework.security.web.ObservationFilterChainDecorator$ObservationFilter.doFilter(ObservationFilterChainDecorator.java:231)
	at org.springframework.security.web.ObservationFilterChainDecorator$VirtualFilterChain.doFilter(ObservationFilterChainDecorator.java:141)
	at personal.ecommercebackend.security.JwtAuthenticationFilter.doFilterInternal(JwtAuthenticationFilter.java:53)
	at org.springframework.web.filter.OncePerRequestFilter.doFilter(OncePerRequestFilter.java:116)
	at org.springframework.security.web.ObservationFilterChainDecorator$ObservationFilter.wrapFilter(ObservationFilterChainDecorator.java:244)
	at org.springframework.security.web.ObservationFilterChainDecorator$ObservationFilter.doFilter(ObservationFilterChainDecorator.java:231)
	at org.springframework.security.web.ObservationFilterChainDecorator$VirtualFilterChain.doFilter(ObservationFilterChainDecorator.java:141)
	at org.springframework.security.web.authentication.logout.LogoutFilter.doFilter(LogoutFilter.java:110)
	at org.springframework.security.web.authentication.logout.LogoutFilter.doFilter(LogoutFilter.java:96)
	at org.springframework.security.web.ObservationFilterChainDecorator$ObservationFilter.wrapFilter(ObservationFilterChainDecorator.java:244)
	at org.springframework.security.web.ObservationFilterChainDecorator$ObservationFilter.doFilter(ObservationFilterChainDecorator.java:231)
	at org.springframework.security.web.ObservationFilterChainDecorator$VirtualFilterChain.doFilter(ObservationFilterChainDecorator.java:141)
	at org.springframework.security.web.header.HeaderWriterFilter.doHeadersAfter(HeaderWriterFilter.java:90)
	at org.springframework.security.web.header.HeaderWriterFilter.doFilterInternal(HeaderWriterFilter.java:75)
	at org.springframework.web.filter.OncePerRequestFilter.doFilter(OncePerRequestFilter.java:116)
	at org.springframework.security.web.ObservationFilterChainDecorator$ObservationFilter.wrapFilter(ObservationFilterChainDecorator.java:244)
	at org.springframework.security.web.ObservationFilterChainDecorator$ObservationFilter.doFilter(ObservationFilterChainDecorator.java:231)
	at org.springframework.security.web.ObservationFilterChainDecorator$VirtualFilterChain.doFilter(ObservationFilterChainDecorator.java:141)
	at org.springframework.security.web.context.SecurityContextHolderFilter.doFilter(SecurityContextHolderFilter.java:82)
	at org.springframework.security.web.context.SecurityContextHolderFilter.doFilter(SecurityContextHolderFilter.java:69)
	at org.springframework.security.web.ObservationFilterChainDecorator$ObservationFilter.wrapFilter(ObservationFilterChainDecorator.java:244)
	at org.springframework.security.web.ObservationFilterChainDecorator$ObservationFilter.doFilter(ObservationFilterChainDecorator.java:231)
	at org.springframework.security.web.ObservationFilterChainDecorator$VirtualFilterChain.doFilter(ObservationFilterChainDecorator.java:141)
	at org.springframework.security.web.context.request.async.WebAsyncManagerIntegrationFilter.doFilterInternal(WebAsyncManagerIntegrationFilter.java:62)
	at org.springframework.web.filter.OncePerRequestFilter.doFilter(OncePerRequestFilter.java:116)
	at org.springframework.security.web.ObservationFilterChainDecorator$ObservationFilter.wrapFilter(ObservationFilterChainDecorator.java:244)
	at org.springframework.security.web.ObservationFilterChainDecorator$ObservationFilter.doFilter(ObservationFilterChainDecorator.java:231)
	at org.springframework.security.web.ObservationFilterChainDecorator$VirtualFilterChain.doFilter(ObservationFilterChainDecorator.java:141)
	at org.springframework.security.web.session.DisableEncodeUrlFilter.doFilterInternal(DisableEncodeUrlFilter.java:42)
	at org.springframework.web.filter.OncePerRequestFilter.doFilter(OncePerRequestFilter.java:116)
	at org.springframework.security.web.ObservationFilterChainDecorator$ObservationFilter.wrapFilter(ObservationFilterChainDecorator.java:244)
	at org.springframework.security.web.ObservationFilterChainDecorator$AroundFilterObservation$SimpleAroundFilterObservation.lambda$wrap$0(ObservationFilterChainDecorator.java:337)
	at org.springframework.security.web.ObservationFilterChainDecorator$ObservationFilter.doFilter(ObservationFilterChainDecorator.java:228)
	at org.springframework.security.web.ObservationFilterChainDecorator$VirtualFilterChain.doFilter(ObservationFilterChainDecorator.java:141)
	at org.springframework.security.web.FilterChainProxy.doFilterInternal(FilterChainProxy.java:237)
	at org.springframework.security.web.FilterChainProxy.doFilter(FilterChainProxy.java:195)
	at org.springframework.web.filter.CompositeFilter$VirtualFilterChain.doFilter(CompositeFilter.java:113)
	at org.springframework.web.filter.ServletRequestPathFilter.doFilter(ServletRequestPathFilter.java:52)
	at org.springframework.web.filter.CompositeFilter$VirtualFilterChain.doFilter(CompositeFilter.java:113)
	at org.springframework.web.filter.CompositeFilter.doFilter(CompositeFilter.java:74)
	at org.springframework.security.config.annotation.web.configuration.WebSecurityConfiguration$CompositeFilterChainProxy.doFilter(WebSecurityConfiguration.java:317)
	at org.springframework.web.filter.DelegatingFilterProxy.invokeDelegate(DelegatingFilterProxy.java:355)
	at org.springframework.web.filter.DelegatingFilterProxy.doFilter(DelegatingFilterProxy.java:272)
	at org.apache.catalina.core.ApplicationFilterChain.doFilter(ApplicationFilterChain.java:107)
	at org.springframework.web.filter.RequestContextFilter.doFilterInternal(RequestContextFilter.java:100)
	at org.springframework.web.filter.OncePerRequestFilter.doFilter(OncePerRequestFilter.java:116)
	at org.apache.catalina.core.ApplicationFilterChain.doFilter(ApplicationFilterChain.java:107)
	at org.springframework.web.filter.FormContentFilter.doFilterInternal(FormContentFilter.java:93)
	at org.springframework.web.filter.OncePerRequestFilter.doFilter(OncePerRequestFilter.java:116)
	at org.apache.catalina.core.ApplicationFilterChain.doFilter(ApplicationFilterChain.java:107)
	at org.springframework.web.filter.ServerHttpObservationFilter.doFilterInternal(ServerHttpObservationFilter.java:110)
	at org.springframework.web.filter.OncePerRequestFilter.doFilter(OncePerRequestFilter.java:116)
	at org.apache.catalina.core.ApplicationFilterChain.doFilter(ApplicationFilterChain.java:107)
	at org.springframework.web.filter.CharacterEncodingFilter.doFilterInternal(CharacterEncodingFilter.java:199)
	at org.springframework.web.filter.OncePerRequestFilter.doFilter(OncePerRequestFilter.java:116)
	at org.apache.catalina.core.ApplicationFilterChain.doFilter(ApplicationFilterChain.java:107)
	at org.apache.catalina.core.StandardWrapperValve.invoke(StandardWrapperValve.java:165)
	at org.apache.catalina.core.StandardContextValve.invoke(StandardContextValve.java:77)
	at org.apache.catalina.authenticator.AuthenticatorBase.invoke(AuthenticatorBase.java:492)
	at org.apache.catalina.core.StandardHostValve.invoke(StandardHostValve.java:113)
	at org.apache.catalina.valves.ErrorReportValve.invoke(ErrorReportValve.java:83)
	at org.apache.catalina.core.StandardEngineValve.invoke(StandardEngineValve.java:72)
	at org.apache.catalina.connector.CoyoteAdapter.service(CoyoteAdapter.java:341)
	at org.apache.coyote.http11.Http11Processor.service(Http11Processor.java:397)
	at org.apache.coyote.AbstractProcessorLight.process(AbstractProcessorLight.java:63)
	at org.apache.coyote.AbstractProtocol$ConnectionHandler.process(AbstractProtocol.java:903)
	at org.apache.tomcat.util.net.NioEndpoint$SocketProcessor.doRun(NioEndpoint.java:1801)
	at org.apache.tomcat.util.net.SocketProcessorBase.run(SocketProcessorBase.java:52)
	at org.apache.tomcat.util.threads.ThreadPoolExecutor.runWorker(ThreadPoolExecutor.java:946)
	at org.apache.tomcat.util.threads.ThreadPoolExecutor$Worker.run(ThreadPoolExecutor.java:480)
	at org.apache.tomcat.util.threads.TaskThread$WrappingRunnable.run(TaskThread.java:57)
	at java.base/java.lang.Thread.run(Thread.java:1589)
Caused by: org.hibernate.exception.GenericJDBCException: Unable to acquire JDBC Connection [HikariPool-1 - Interrupted during connection acquisition] [n/a]
	at org.hibernate.exception.internal.StandardSQLExceptionConverter.convert(StandardSQLExceptionConverter.java:39)
	at org.hibernate.engine.jdbc.spi.SqlExceptionHelper.convert(SqlExceptionHelper.java:115)
	at org.hibernate.engine.jdbc.spi.SqlExceptionHelper.convert(SqlExceptionHelper.java:101)
	at org.hibernate.resource.jdbc.internal.LogicalConnectionManagedImpl.acquire(LogicalConnectionManagedImpl.java:190)
	at org.hibernate.resource.jdbc.internal.LogicalConnectionManagedImpl.acquireConnectionIfNeeded(LogicalConnectionManagedImpl.java:87)
	at org.hibernate.resource.jdbc.internal.LogicalConnectionManagedImpl.getPhysicalConnection(LogicalConnectionManagedImpl.java:126)
	at org.springframework.orm.jpa.vendor.HibernateJpaDialect.beginTransaction(HibernateJpaDialect.java:135)
	at org.springframework.orm.jpa.JpaTransactionManager.doBegin(JpaTransactionManager.java:411)
	... 157 common frames omitted
Caused by: java.sql.SQLException: HikariPool-1 - Interrupted during connection acquisition
	at com.zaxxer.hikari.pool.HikariPool.getConnection(HikariPool.java:188)
	at com.zaxxer.hikari.pool.HikariPool.getConnection(HikariPool.java:142)
	at com.zaxxer.hikari.HikariDataSource.getConnection(HikariDataSource.java:127)
	at org.hibernate.engine.jdbc.connections.internal.DataSourceConnectionProvider.getConnection(DataSourceConnectionProvider.java:137)
	at org.hibernate.internal.NonContextualJdbcConnectionAccess.obtainConnection(NonContextualJdbcConnectionAccess.java:47)
	at org.hibernate.resource.jdbc.internal.LogicalConnectionManagedImpl.acquire(LogicalConnectionManagedImpl.java:187)
	... 161 common frames omitted
Caused by: java.lang.InterruptedException
	at java.base/java.util.concurrent.SynchronousQueue.poll(SynchronousQueue.java:906)
	at com.zaxxer.hikari.util.ConcurrentBag.borrow(ConcurrentBag.java:163)
	at com.zaxxer.hikari.pool.HikariPool.getConnection(HikariPool.java:160)
	... 166 common frames omitted
2026-05-31 09:46:07.734 INFO  [http-nio-0.0.0.0-8080-exec-7] [b5937567-7d15-4960-8d27-c30e808fe1e5] p.e.config.RequestLoggingFilter - HTTP GET /api/products?page=0&size=12&sort=name%2Casc -> 500 (13140 ms) user=anonymous
2026-05-31 09:46:07.742 INFO  [http-nio-0.0.0.0-8080-exec-2] [ab350c1b-c59d-40a8-978d-34e78d91c80c] p.e.config.RequestLoggingFilter - HTTP GET /api/auth/me -> 500 (13148 ms) user=anonymous
2026-05-31 09:46:07.747 INFO  [tomcat-shutdown] [no-request] o.s.boot.tomcat.GracefulShutdown - Graceful shutdown aborted with one or more requests still active
2026-05-31 09:46:07.747 INFO  [http-nio-0.0.0.0-8080-exec-8] [1d42a32e-5d5e-4674-a74b-40af67d510a1] p.e.config.RequestLoggingFilter - HTTP GET /api/categories -> 500 (13153 ms) user=anonymous
2026-05-31 09:46:07.761 INFO  [SpringApplicationShutdownHook] [no-request] o.s.o.j.LocalContainerEntityManagerFactoryBean - Closing JPA EntityManagerFactory for persistence unit 'default'
2026-05-31 09:46:07.765 INFO  [SpringApplicationShutdownHook] [no-request] com.zaxxer.hikari.HikariDataSource - HikariPool-1 - Shutdown initiated...
2026-05-31 09:46:09.310 INFO  [SpringApplicationShutdownHook] [no-request] com.zaxxer.hikari.HikariDataSource - HikariPool-1 - Shutdown completed.
2026-05-31 09:46:13.082 INFO  [main] [no-request] p.e.ECommerceBackendApplication - Starting ECommerceBackendApplication using Java 19.0.2 with PID 25528 (C:\Users\God -01.11\Desktop\e-commerce-backend - codex\target\classes started by God -01.11 in C:\Users\God -01.11\Desktop\e-commerce-backend - codex)
2026-05-31 09:46:13.088 INFO  [main] [no-request] p.e.ECommerceBackendApplication - No active profile set, falling back to 1 default profile: "default"
2026-05-31 09:46:14.417 INFO  [main] [no-request] o.s.d.r.c.RepositoryConfigurationDelegate - Bootstrapping Spring Data JPA repositories in DEFAULT mode.
2026-05-31 09:46:14.516 INFO  [main] [no-request] o.s.d.r.c.RepositoryConfigurationDelegate - Finished Spring Data repository scanning in 89 ms. Found 14 JPA repository interfaces.
2026-05-31 09:46:15.379 INFO  [main] [no-request] o.s.boot.tomcat.TomcatWebServer - Tomcat initialized with port 8080 (http)
2026-05-31 09:46:15.392 INFO  [main] [no-request] o.a.catalina.core.StandardService - Starting service [Tomcat]
2026-05-31 09:46:15.392 INFO  [main] [no-request] o.a.catalina.core.StandardEngine - Starting Servlet engine: [Apache Tomcat/11.0.21]
2026-05-31 09:46:15.463 INFO  [main] [no-request] o.s.b.w.c.s.WebApplicationContextInitializer - Root WebApplicationContext: initialization completed in 2303 ms
2026-05-31 09:46:15.776 INFO  [main] [no-request] org.hibernate.orm.jpa - HHH008540: Processing PersistenceUnitInfo [name: default]
2026-05-31 09:46:15.830 INFO  [main] [no-request] org.hibernate.orm.core - HHH000001: Hibernate ORM core version 7.2.12.Final
2026-05-31 09:46:16.448 INFO  [main] [no-request] o.s.o.j.p.SpringPersistenceUnitInfo - No LoadTimeWeaver setup: ignoring JPA class transformer
2026-05-31 09:46:16.511 INFO  [main] [no-request] com.zaxxer.hikari.HikariDataSource - HikariPool-1 - Starting...
2026-05-31 09:46:22.620 WARN  [main] [no-request] org.hibernate.orm.jdbc.error - HHH000247: ErrorCode: 0, SQLState: 08001
2026-05-31 09:46:22.620 WARN  [main] [no-request] org.hibernate.orm.jdbc.error - The connection attempt failed.
2026-05-31 09:46:22.621 WARN  [main] [no-request] org.hibernate.orm.jdbc - HHH100046: Could not obtain connection to query JDBC database metadata
org.hibernate.exception.JDBCConnectionException: Unable to obtain isolated JDBC connection [The connection attempt failed.] [n/a]
	at org.hibernate.exception.internal.SQLStateConversionDelegate.convert(SQLStateConversionDelegate.java:80)
	at org.hibernate.exception.internal.StandardSQLExceptionConverter.convert(StandardSQLExceptionConverter.java:34)
	at org.hibernate.engine.jdbc.spi.SqlExceptionHelper.convert(SqlExceptionHelper.java:115)
	at org.hibernate.engine.jdbc.spi.SqlExceptionHelper.convert(SqlExceptionHelper.java:101)
	at org.hibernate.resource.transaction.backend.jdbc.internal.JdbcIsolationDelegate.delegateWork(JdbcIsolationDelegate.java:51)
	at org.hibernate.engine.jdbc.env.internal.JdbcEnvironmentInitiator.getJdbcEnvironmentUsingJdbcMetadata(JdbcEnvironmentInitiator.java:366)
	at org.hibernate.engine.jdbc.env.internal.JdbcEnvironmentInitiator.getJdbcEnvironment(JdbcEnvironmentInitiator.java:143)
	at org.hibernate.engine.jdbc.env.internal.JdbcEnvironmentInitiator.initiateService(JdbcEnvironmentInitiator.java:120)
	at org.hibernate.engine.jdbc.env.internal.JdbcEnvironmentInitiator.initiateService(JdbcEnvironmentInitiator.java:80)
	at org.hibernate.boot.registry.internal.StandardServiceRegistryImpl.initiateService(StandardServiceRegistryImpl.java:133)
	at org.hibernate.service.internal.AbstractServiceRegistryImpl.createService(AbstractServiceRegistryImpl.java:260)
	at org.hibernate.service.internal.AbstractServiceRegistryImpl.initializeService(AbstractServiceRegistryImpl.java:235)
	at org.hibernate.service.internal.AbstractServiceRegistryImpl.getService(AbstractServiceRegistryImpl.java:212)
	at org.hibernate.boot.model.relational.Database.<init>(Database.java:44)
	at org.hibernate.boot.internal.InFlightMetadataCollectorImpl.getDatabase(InFlightMetadataCollectorImpl.java:251)
	at org.hibernate.boot.internal.InFlightMetadataCollectorImpl.<init>(InFlightMetadataCollectorImpl.java:203)
	at org.hibernate.boot.model.process.spi.MetadataBuildingProcess.complete(MetadataBuildingProcess.java:172)
	at org.hibernate.jpa.boot.internal.EntityManagerFactoryBuilderImpl.metadata(EntityManagerFactoryBuilderImpl.java:1392)
	at org.hibernate.jpa.boot.internal.EntityManagerFactoryBuilderImpl.populateSessionFactoryBuilder(EntityManagerFactoryBuilderImpl.java:1472)
	at org.hibernate.jpa.boot.internal.EntityManagerFactoryBuilderImpl.build(EntityManagerFactoryBuilderImpl.java:1454)
	at org.springframework.orm.jpa.vendor.SpringHibernateJpaPersistenceProvider.createContainerEntityManagerFactory(SpringHibernateJpaPersistenceProvider.java:93)
	at org.springframework.orm.jpa.LocalContainerEntityManagerFactoryBean.createNativeEntityManagerFactory(LocalContainerEntityManagerFactoryBean.java:443)
	at org.springframework.orm.jpa.AbstractEntityManagerFactoryBean.buildNativeEntityManagerFactory(AbstractEntityManagerFactoryBean.java:436)
	at org.springframework.orm.jpa.AbstractEntityManagerFactoryBean.afterPropertiesSet(AbstractEntityManagerFactoryBean.java:411)
	at org.springframework.orm.jpa.LocalContainerEntityManagerFactoryBean.afterPropertiesSet(LocalContainerEntityManagerFactoryBean.java:419)
	at org.springframework.beans.factory.support.AbstractAutowireCapableBeanFactory.invokeInitMethods(AbstractAutowireCapableBeanFactory.java:1864)
	at org.springframework.beans.factory.support.AbstractAutowireCapableBeanFactory.initializeBean(AbstractAutowireCapableBeanFactory.java:1813)
	at org.springframework.beans.factory.support.AbstractAutowireCapableBeanFactory.doCreateBean(AbstractAutowireCapableBeanFactory.java:603)
	at org.springframework.beans.factory.support.AbstractAutowireCapableBeanFactory.createBean(AbstractAutowireCapableBeanFactory.java:525)
	at org.springframework.beans.factory.support.AbstractBeanFactory.lambda$doGetBean$0(AbstractBeanFactory.java:333)
	at org.springframework.beans.factory.support.DefaultSingletonBeanRegistry.getSingleton(DefaultSingletonBeanRegistry.java:371)
	at org.springframework.beans.factory.support.AbstractBeanFactory.doGetBean(AbstractBeanFactory.java:331)
	at org.springframework.beans.factory.support.AbstractBeanFactory.getBean(AbstractBeanFactory.java:196)
	at org.springframework.beans.factory.support.BeanDefinitionValueResolver.resolveReference(BeanDefinitionValueResolver.java:365)
	at org.springframework.beans.factory.support.BeanDefinitionValueResolver.resolveValueIfNecessary(BeanDefinitionValueResolver.java:135)
	at org.springframework.beans.factory.support.ConstructorResolver.resolveConstructorArguments(ConstructorResolver.java:691)
	at org.springframework.beans.factory.support.ConstructorResolver.instantiateUsingFactoryMethod(ConstructorResolver.java:513)
	at org.springframework.beans.factory.support.AbstractAutowireCapableBeanFactory.instantiateUsingFactoryMethod(AbstractAutowireCapableBeanFactory.java:1362)
	at org.springframework.beans.factory.support.AbstractAutowireCapableBeanFactory.createBeanInstance(AbstractAutowireCapableBeanFactory.java:1194)
	at org.springframework.beans.factory.support.AbstractAutowireCapableBeanFactory.doCreateBean(AbstractAutowireCapableBeanFactory.java:565)
	at org.springframework.beans.factory.support.AbstractAutowireCapableBeanFactory.createBean(AbstractAutowireCapableBeanFactory.java:525)
	at org.springframework.beans.factory.support.AbstractBeanFactory.lambda$doGetBean$0(AbstractBeanFactory.java:333)
	at org.springframework.beans.factory.support.DefaultSingletonBeanRegistry.getSingleton(DefaultSingletonBeanRegistry.java:371)
	at org.springframework.beans.factory.support.AbstractBeanFactory.doGetBean(AbstractBeanFactory.java:331)
	at org.springframework.beans.factory.support.AbstractBeanFactory.getBean(AbstractBeanFactory.java:201)
	at org.springframework.beans.factory.support.BeanDefinitionValueResolver.resolveReference(BeanDefinitionValueResolver.java:356)
	at org.springframework.beans.factory.support.BeanDefinitionValueResolver.resolveValueIfNecessary(BeanDefinitionValueResolver.java:135)
	at org.springframework.beans.factory.support.AbstractAutowireCapableBeanFactory.applyPropertyValues(AbstractAutowireCapableBeanFactory.java:1712)
	at org.springframework.beans.factory.support.AbstractAutowireCapableBeanFactory.populateBean(AbstractAutowireCapableBeanFactory.java:1461)
	at org.springframework.beans.factory.support.AbstractAutowireCapableBeanFactory.doCreateBean(AbstractAutowireCapableBeanFactory.java:602)
	at org.springframework.beans.factory.support.AbstractAutowireCapableBeanFactory.createBean(AbstractAutowireCapableBeanFactory.java:525)
	at org.springframework.beans.factory.support.AbstractBeanFactory.lambda$doGetBean$0(AbstractBeanFactory.java:333)
	at org.springframework.beans.factory.support.DefaultSingletonBeanRegistry.getSingleton(DefaultSingletonBeanRegistry.java:371)
	at org.springframework.beans.factory.support.AbstractBeanFactory.doGetBean(AbstractBeanFactory.java:331)
	at org.springframework.beans.factory.support.AbstractBeanFactory.getBean(AbstractBeanFactory.java:201)
	at org.springframework.beans.factory.support.DefaultListableBeanFactory.resolveBean(DefaultListableBeanFactory.java:1225)
	at org.springframework.beans.factory.support.DefaultListableBeanFactory.doResolveDependency(DefaultListableBeanFactory.java:1704)
	at org.springframework.beans.factory.support.DefaultListableBeanFactory.resolveDependency(DefaultListableBeanFactory.java:1651)
	at org.springframework.beans.factory.support.ConstructorResolver.resolveAutowiredArgument(ConstructorResolver.java:912)
	at org.springframework.beans.factory.support.ConstructorResolver.createArgumentArray(ConstructorResolver.java:791)
	at org.springframework.beans.factory.support.ConstructorResolver.autowireConstructor(ConstructorResolver.java:240)
	at org.springframework.beans.factory.support.AbstractAutowireCapableBeanFactory.autowireConstructor(AbstractAutowireCapableBeanFactory.java:1382)
	at org.springframework.beans.factory.support.AbstractAutowireCapableBeanFactory.createBeanInstance(AbstractAutowireCapableBeanFactory.java:1221)
	at org.springframework.beans.factory.support.AbstractAutowireCapableBeanFactory.doCreateBean(AbstractAutowireCapableBeanFactory.java:565)
	at org.springframework.beans.factory.support.AbstractAutowireCapableBeanFactory.createBean(AbstractAutowireCapableBeanFactory.java:525)
	at org.springframework.beans.factory.support.AbstractBeanFactory.lambda$doGetBean$0(AbstractBeanFactory.java:333)
	at org.springframework.beans.factory.support.DefaultSingletonBeanRegistry.getSingleton(DefaultSingletonBeanRegistry.java:371)
	at org.springframework.beans.factory.support.AbstractBeanFactory.doGetBean(AbstractBeanFactory.java:331)
	at org.springframework.beans.factory.support.AbstractBeanFactory.getBean(AbstractBeanFactory.java:201)
	at org.springframework.beans.factory.config.DependencyDescriptor.resolveCandidate(DependencyDescriptor.java:229)
	at org.springframework.beans.factory.support.DefaultListableBeanFactory.doResolveDependency(DefaultListableBeanFactory.java:1762)
	at org.springframework.beans.factory.support.DefaultListableBeanFactory.resolveDependency(DefaultListableBeanFactory.java:1651)
	at org.springframework.beans.factory.support.ConstructorResolver.resolveAutowiredArgument(ConstructorResolver.java:912)
	at org.springframework.beans.factory.support.ConstructorResolver.createArgumentArray(ConstructorResolver.java:791)
	at org.springframework.beans.factory.support.ConstructorResolver.autowireConstructor(ConstructorResolver.java:240)
	at org.springframework.beans.factory.support.AbstractAutowireCapableBeanFactory.autowireConstructor(AbstractAutowireCapableBeanFactory.java:1382)
	at org.springframework.beans.factory.support.AbstractAutowireCapableBeanFactory.createBeanInstance(AbstractAutowireCapableBeanFactory.java:1221)
	at org.springframework.beans.factory.support.AbstractAutowireCapableBeanFactory.doCreateBean(AbstractAutowireCapableBeanFactory.java:565)
	at org.springframework.beans.factory.support.AbstractAutowireCapableBeanFactory.createBean(AbstractAutowireCapableBeanFactory.java:525)
	at org.springframework.beans.factory.support.AbstractBeanFactory.lambda$doGetBean$0(AbstractBeanFactory.java:333)
	at org.springframework.beans.factory.support.DefaultSingletonBeanRegistry.getSingleton(DefaultSingletonBeanRegistry.java:371)
	at org.springframework.beans.factory.support.AbstractBeanFactory.doGetBean(AbstractBeanFactory.java:331)
	at org.springframework.beans.factory.support.AbstractBeanFactory.getBean(AbstractBeanFactory.java:201)
	at org.springframework.boot.web.servlet.ServletContextInitializerBeans.getOrderedBeansOfType(ServletContextInitializerBeans.java:231)
	at org.springframework.boot.web.servlet.ServletContextInitializerBeans.addAsRegistrationBean(ServletContextInitializerBeans.java:185)
	at org.springframework.boot.web.servlet.ServletContextInitializerBeans.addAsRegistrationBean(ServletContextInitializerBeans.java:180)
	at org.springframework.boot.web.servlet.ServletContextInitializerBeans.addAdaptableBeans(ServletContextInitializerBeans.java:165)
	at org.springframework.boot.web.servlet.ServletContextInitializerBeans.<init>(ServletContextInitializerBeans.java:97)
	at org.springframework.boot.web.context.servlet.WebApplicationContextInitializer.initialize(WebApplicationContextInitializer.java:53)
	at org.springframework.boot.tomcat.servlet.DeferredServletContainerInitializers.onStartup(DeferredServletContainerInitializers.java:55)
	at org.apache.catalina.core.StandardContext.startInternal(StandardContext.java:4416)
	at org.apache.catalina.util.LifecycleBase.start(LifecycleBase.java:164)
	at org.apache.catalina.core.ContainerBase$StartChild.call(ContainerBase.java:1162)
	at org.apache.catalina.core.ContainerBase$StartChild.call(ContainerBase.java:1158)
	at java.base/java.util.concurrent.FutureTask.run$$$capture(FutureTask.java:317)
	at java.base/java.util.concurrent.FutureTask.run(FutureTask.java)
	at org.apache.tomcat.util.threads.InlineExecutorService.execute(InlineExecutorService.java:81)
	at java.base/java.util.concurrent.AbstractExecutorService.submit(AbstractExecutorService.java:145)
	at org.apache.catalina.core.ContainerBase.startInternal(ContainerBase.java:714)
	at org.apache.catalina.core.StandardHost.startInternal(StandardHost.java:780)
	at org.apache.catalina.util.LifecycleBase.start(LifecycleBase.java:164)
	at org.apache.catalina.core.ContainerBase$StartChild.call(ContainerBase.java:1162)
	at org.apache.catalina.core.ContainerBase$StartChild.call(ContainerBase.java:1158)
	at java.base/java.util.concurrent.FutureTask.run$$$capture(FutureTask.java:317)
	at java.base/java.util.concurrent.FutureTask.run(FutureTask.java)
	at org.apache.tomcat.util.threads.InlineExecutorService.execute(InlineExecutorService.java:81)
	at java.base/java.util.concurrent.AbstractExecutorService.submit(AbstractExecutorService.java:145)
	at org.apache.catalina.core.ContainerBase.startInternal(ContainerBase.java:714)
	at org.apache.catalina.core.StandardEngine.startInternal(StandardEngine.java:201)
	at org.apache.catalina.util.LifecycleBase.start(LifecycleBase.java:164)
	at org.apache.catalina.core.StandardService.startInternal(StandardService.java:410)
	at org.apache.catalina.util.LifecycleBase.start(LifecycleBase.java:164)
	at org.apache.catalina.core.StandardServer.startInternal(StandardServer.java:864)
	at org.apache.catalina.util.LifecycleBase.start(LifecycleBase.java:164)
	at org.apache.catalina.startup.Tomcat.start(Tomcat.java:435)
	at org.springframework.boot.tomcat.TomcatWebServer.initialize(TomcatWebServer.java:131)
	at org.springframework.boot.tomcat.TomcatWebServer.<init>(TomcatWebServer.java:110)
	at org.springframework.boot.tomcat.servlet.TomcatServletWebServerFactory.getTomcatWebServer(TomcatServletWebServerFactory.java:408)
	at org.springframework.boot.tomcat.servlet.TomcatServletWebServerFactory.getWebServer(TomcatServletWebServerFactory.java:166)
	at org.springframework.boot.web.server.servlet.context.ServletWebServerApplicationContext.createWebServer(ServletWebServerApplicationContext.java:190)
	at org.springframework.boot.web.server.servlet.context.ServletWebServerApplicationContext.onRefresh(ServletWebServerApplicationContext.java:164)
	at org.springframework.context.support.AbstractApplicationContext.refresh(AbstractApplicationContext.java:615)
	at org.springframework.boot.web.server.servlet.context.ServletWebServerApplicationContext.refresh(ServletWebServerApplicationContext.java:143)
	at org.springframework.boot.SpringApplication.refresh(SpringApplication.java:756)
	at org.springframework.boot.SpringApplication.refreshContext(SpringApplication.java:445)
	at org.springframework.boot.SpringApplication.run(SpringApplication.java:321)
	at org.springframework.boot.SpringApplication.run(SpringApplication.java:1365)
	at org.springframework.boot.SpringApplication.run(SpringApplication.java:1354)
	at personal.ecommercebackend.ECommerceBackendApplication.main(ECommerceBackendApplication.java:10)
Caused by: org.postgresql.util.PSQLException: The connection attempt failed.
	at org.postgresql.core.v3.ConnectionFactoryImpl.openConnectionImpl(ConnectionFactoryImpl.java:385)
	at org.postgresql.core.ConnectionFactory.openConnection(ConnectionFactory.java:57)
	at org.postgresql.jdbc.PgConnection.<init>(PgConnection.java:290)
	at org.postgresql.Driver.makeConnection(Driver.java:448)
	at org.postgresql.Driver.connect(Driver.java:298)
	at com.zaxxer.hikari.util.DriverDataSource.getConnection(DriverDataSource.java:144)
	at com.zaxxer.hikari.pool.PoolBase.newConnection(PoolBase.java:373)
	at com.zaxxer.hikari.pool.PoolBase.newPoolEntry(PoolBase.java:210)
	at com.zaxxer.hikari.pool.HikariPool.createPoolEntry(HikariPool.java:488)
	at com.zaxxer.hikari.pool.HikariPool.checkFailFast(HikariPool.java:576)
	at com.zaxxer.hikari.pool.HikariPool.<init>(HikariPool.java:97)
	at com.zaxxer.hikari.HikariDataSource.getConnection(HikariDataSource.java:111)
	at org.hibernate.engine.jdbc.connections.internal.DataSourceConnectionProvider.getConnection(DataSourceConnectionProvider.java:137)
	at org.hibernate.engine.jdbc.env.internal.JdbcEnvironmentInitiator$ConnectionProviderJdbcConnectionAccess.obtainConnection(JdbcEnvironmentInitiator.java:508)
	at org.hibernate.resource.transaction.backend.jdbc.internal.JdbcIsolationDelegate.delegateWork(JdbcIsolationDelegate.java:48)
	... 124 common frames omitted
Caused by: java.net.SocketTimeoutException: Read timed out
	at java.base/sun.nio.ch.NioSocketImpl.timedRead(NioSocketImpl.java:273)
	at java.base/sun.nio.ch.NioSocketImpl.implRead(NioSocketImpl.java:299)
	at java.base/sun.nio.ch.NioSocketImpl.read(NioSocketImpl.java:340)
	at java.base/sun.nio.ch.NioSocketImpl$1.read(NioSocketImpl.java:789)
	at java.base/java.net.Socket$SocketInputStream.read(Socket.java:1025)
	at org.postgresql.core.VisibleBufferedInputStream.readMore(VisibleBufferedInputStream.java:192)
	at org.postgresql.core.VisibleBufferedInputStream.ensureBytes(VisibleBufferedInputStream.java:159)
	at org.postgresql.core.VisibleBufferedInputStream.ensureBytes(VisibleBufferedInputStream.java:144)
	at org.postgresql.core.VisibleBufferedInputStream.read(VisibleBufferedInputStream.java:76)
	at org.postgresql.core.PGStream.receiveChar(PGStream.java:477)
	at org.postgresql.core.v3.ConnectionFactoryImpl.enableSSL(ConnectionFactoryImpl.java:627)
	at org.postgresql.core.v3.ConnectionFactoryImpl.tryConnect(ConnectionFactoryImpl.java:207)
	at org.postgresql.core.v3.ConnectionFactoryImpl.openConnectionImpl(ConnectionFactoryImpl.java:289)
	... 138 common frames omitted
2026-05-31 09:46:22.626 ERROR [main] [no-request] o.s.o.j.LocalContainerEntityManagerFactoryBean - Failed to initialize JPA EntityManagerFactory: Unable to create requested service [org.hibernate.engine.jdbc.env.spi.JdbcEnvironment] due to: Unable to determine Dialect without JDBC metadata (please set 'jakarta.persistence.jdbc.url' for common cases or 'hibernate.dialect' when a custom Dialect implementation must be provided)
2026-05-31 09:46:22.627 ERROR [main] [no-request] o.s.b.t.s.DeferredServletContainerInitializers - Error starting Tomcat context. Exception: org.springframework.beans.factory.UnsatisfiedDependencyException. Message: Error creating bean with name 'jwtAuthenticationFilter' defined in file [C:\Users\God -01.11\Desktop\e-commerce-backend - codex\target\classes\personal\ecommercebackend\security\JwtAuthenticationFilter.class]: Unsatisfied dependency expressed through constructor parameter 1: Error creating bean with name 'customUserDetailsService' defined in file [C:\Users\God -01.11\Desktop\e-commerce-backend - codex\target\classes\personal\ecommercebackend\security\CustomUserDetailsService.class]: Unsatisfied dependency expressed through constructor parameter 0: Error creating bean with name 'userRepository' defined in personal.ecommercebackend.repository.UserRepository defined in @EnableJpaRepositories declared on DataJpaRepositoriesRegistrar.EnableJpaRepositoriesConfiguration: Cannot resolve reference to bean 'jpaSharedEM_entityManagerFactory' while setting bean property 'entityManager'
2026-05-31 09:46:22.649 INFO  [main] [no-request] o.a.catalina.core.StandardService - Stopping service [Tomcat]
2026-05-31 09:46:22.659 WARN  [main] [no-request] o.s.b.w.s.s.c.AnnotationConfigServletWebServerApplicationContext - Exception encountered during context initialization - cancelling refresh attempt: org.springframework.context.ApplicationContextException: Unable to start web server
2026-05-31 09:46:22.672 INFO  [main] [no-request] o.s.b.a.l.ConditionEvaluationReportLogger - 

Error starting ApplicationContext. To display the condition evaluation report re-run your application with 'debug' enabled.
2026-05-31 09:46:22.695 ERROR [main] [no-request] o.s.boot.SpringApplication - Application run failed
org.springframework.context.ApplicationContextException: Unable to start web server
	at org.springframework.boot.web.server.servlet.context.ServletWebServerApplicationContext.onRefresh(ServletWebServerApplicationContext.java:167)
	at org.springframework.context.support.AbstractApplicationContext.refresh(AbstractApplicationContext.java:615)
	at org.springframework.boot.web.server.servlet.context.ServletWebServerApplicationContext.refresh(ServletWebServerApplicationContext.java:143)
	at org.springframework.boot.SpringApplication.refresh(SpringApplication.java:756)
	at org.springframework.boot.SpringApplication.refreshContext(SpringApplication.java:445)
	at org.springframework.boot.SpringApplication.run(SpringApplication.java:321)
	at org.springframework.boot.SpringApplication.run(SpringApplication.java:1365)
	at org.springframework.boot.SpringApplication.run(SpringApplication.java:1354)
	at personal.ecommercebackend.ECommerceBackendApplication.main(ECommerceBackendApplication.java:10)
Caused by: org.springframework.boot.web.server.WebServerException: Unable to start embedded Tomcat
	at org.springframework.boot.tomcat.TomcatWebServer.initialize(TomcatWebServer.java:150)
	at org.springframework.boot.tomcat.TomcatWebServer.<init>(TomcatWebServer.java:110)
	at org.springframework.boot.tomcat.servlet.TomcatServletWebServerFactory.getTomcatWebServer(TomcatServletWebServerFactory.java:408)
	at org.springframework.boot.tomcat.servlet.TomcatServletWebServerFactory.getWebServer(TomcatServletWebServerFactory.java:166)
	at org.springframework.boot.web.server.servlet.context.ServletWebServerApplicationContext.createWebServer(ServletWebServerApplicationContext.java:190)
	at org.springframework.boot.web.server.servlet.context.ServletWebServerApplicationContext.onRefresh(ServletWebServerApplicationContext.java:164)
	... 8 common frames omitted
Caused by: org.springframework.beans.factory.UnsatisfiedDependencyException: Error creating bean with name 'jwtAuthenticationFilter' defined in file [C:\Users\God -01.11\Desktop\e-commerce-backend - codex\target\classes\personal\ecommercebackend\security\JwtAuthenticationFilter.class]: Unsatisfied dependency expressed through constructor parameter 1: Error creating bean with name 'customUserDetailsService' defined in file [C:\Users\God -01.11\Desktop\e-commerce-backend - codex\target\classes\personal\ecommercebackend\security\CustomUserDetailsService.class]: Unsatisfied dependency expressed through constructor parameter 0: Error creating bean with name 'userRepository' defined in personal.ecommercebackend.repository.UserRepository defined in @EnableJpaRepositories declared on DataJpaRepositoriesRegistrar.EnableJpaRepositoriesConfiguration: Cannot resolve reference to bean 'jpaSharedEM_entityManagerFactory' while setting bean property 'entityManager'
	at org.springframework.beans.factory.support.ConstructorResolver.createArgumentArray(ConstructorResolver.java:804)
	at org.springframework.beans.factory.support.ConstructorResolver.autowireConstructor(ConstructorResolver.java:240)
	at org.springframework.beans.factory.support.AbstractAutowireCapableBeanFactory.autowireConstructor(AbstractAutowireCapableBeanFactory.java:1382)
	at org.springframework.beans.factory.support.AbstractAutowireCapableBeanFactory.createBeanInstance(AbstractAutowireCapableBeanFactory.java:1221)
	at org.springframework.beans.factory.support.AbstractAutowireCapableBeanFactory.doCreateBean(AbstractAutowireCapableBeanFactory.java:565)
	at org.springframework.beans.factory.support.AbstractAutowireCapableBeanFactory.createBean(AbstractAutowireCapableBeanFactory.java:525)
	at org.springframework.beans.factory.support.AbstractBeanFactory.lambda$doGetBean$0(AbstractBeanFactory.java:333)
	at org.springframework.beans.factory.support.DefaultSingletonBeanRegistry.getSingleton(DefaultSingletonBeanRegistry.java:371)
	at org.springframework.beans.factory.support.AbstractBeanFactory.doGetBean(AbstractBeanFactory.java:331)
	at org.springframework.beans.factory.support.AbstractBeanFactory.getBean(AbstractBeanFactory.java:201)
	at org.springframework.boot.web.servlet.ServletContextInitializerBeans.getOrderedBeansOfType(ServletContextInitializerBeans.java:231)
	at org.springframework.boot.web.servlet.ServletContextInitializerBeans.addAsRegistrationBean(ServletContextInitializerBeans.java:185)
	at org.springframework.boot.web.servlet.ServletContextInitializerBeans.addAsRegistrationBean(ServletContextInitializerBeans.java:180)
	at org.springframework.boot.web.servlet.ServletContextInitializerBeans.addAdaptableBeans(ServletContextInitializerBeans.java:165)
	at org.springframework.boot.web.servlet.ServletContextInitializerBeans.<init>(ServletContextInitializerBeans.java:97)
	at org.springframework.boot.web.context.servlet.WebApplicationContextInitializer.initialize(WebApplicationContextInitializer.java:53)
	at org.springframework.boot.tomcat.servlet.DeferredServletContainerInitializers.onStartup(DeferredServletContainerInitializers.java:55)
	at org.apache.catalina.core.StandardContext.startInternal(StandardContext.java:4416)
	at org.apache.catalina.util.LifecycleBase.start(LifecycleBase.java:164)
	at org.apache.catalina.core.ContainerBase$StartChild.call(ContainerBase.java:1162)
	at org.apache.catalina.core.ContainerBase$StartChild.call(ContainerBase.java:1158)
	at java.base/java.util.concurrent.FutureTask.run$$$capture(FutureTask.java:317)
	at java.base/java.util.concurrent.FutureTask.run(FutureTask.java)
	at org.apache.tomcat.util.threads.InlineExecutorService.execute(InlineExecutorService.java:81)
	at java.base/java.util.concurrent.AbstractExecutorService.submit(AbstractExecutorService.java:145)
	at org.apache.catalina.core.ContainerBase.startInternal(ContainerBase.java:714)
	at org.apache.catalina.core.StandardHost.startInternal(StandardHost.java:780)
	at org.apache.catalina.util.LifecycleBase.start(LifecycleBase.java:164)
	at org.apache.catalina.core.ContainerBase$StartChild.call(ContainerBase.java:1162)
	at org.apache.catalina.core.ContainerBase$StartChild.call(ContainerBase.java:1158)
	at java.base/java.util.concurrent.FutureTask.run$$$capture(FutureTask.java:317)
	at java.base/java.util.concurrent.FutureTask.run(FutureTask.java)
	at org.apache.tomcat.util.threads.InlineExecutorService.execute(InlineExecutorService.java:81)
	at java.base/java.util.concurrent.AbstractExecutorService.submit(AbstractExecutorService.java:145)
	at org.apache.catalina.core.ContainerBase.startInternal(ContainerBase.java:714)
	at org.apache.catalina.core.StandardEngine.startInternal(StandardEngine.java:201)
	at org.apache.catalina.util.LifecycleBase.start(LifecycleBase.java:164)
	at org.apache.catalina.core.StandardService.startInternal(StandardService.java:410)
	at org.apache.catalina.util.LifecycleBase.start(LifecycleBase.java:164)
	at org.apache.catalina.core.StandardServer.startInternal(StandardServer.java:864)
	at org.apache.catalina.util.LifecycleBase.start(LifecycleBase.java:164)
	at org.apache.catalina.startup.Tomcat.start(Tomcat.java:435)
	at org.springframework.boot.tomcat.TomcatWebServer.initialize(TomcatWebServer.java:131)
	... 13 common frames omitted
Caused by: org.springframework.beans.factory.UnsatisfiedDependencyException: Error creating bean with name 'customUserDetailsService' defined in file [C:\Users\God -01.11\Desktop\e-commerce-backend - codex\target\classes\personal\ecommercebackend\security\CustomUserDetailsService.class]: Unsatisfied dependency expressed through constructor parameter 0: Error creating bean with name 'userRepository' defined in personal.ecommercebackend.repository.UserRepository defined in @EnableJpaRepositories declared on DataJpaRepositoriesRegistrar.EnableJpaRepositoriesConfiguration: Cannot resolve reference to bean 'jpaSharedEM_entityManagerFactory' while setting bean property 'entityManager'
	at org.springframework.beans.factory.support.ConstructorResolver.createArgumentArray(ConstructorResolver.java:804)
	at org.springframework.beans.factory.support.ConstructorResolver.autowireConstructor(ConstructorResolver.java:240)
	at org.springframework.beans.factory.support.AbstractAutowireCapableBeanFactory.autowireConstructor(AbstractAutowireCapableBeanFactory.java:1382)
	at org.springframework.beans.factory.support.AbstractAutowireCapableBeanFactory.createBeanInstance(AbstractAutowireCapableBeanFactory.java:1221)
	at org.springframework.beans.factory.support.AbstractAutowireCapableBeanFactory.doCreateBean(AbstractAutowireCapableBeanFactory.java:565)
	at org.springframework.beans.factory.support.AbstractAutowireCapableBeanFactory.createBean(AbstractAutowireCapableBeanFactory.java:525)
	at org.springframework.beans.factory.support.AbstractBeanFactory.lambda$doGetBean$0(AbstractBeanFactory.java:333)
	at org.springframework.beans.factory.support.DefaultSingletonBeanRegistry.getSingleton(DefaultSingletonBeanRegistry.java:371)
	at org.springframework.beans.factory.support.AbstractBeanFactory.doGetBean(AbstractBeanFactory.java:331)
	at org.springframework.beans.factory.support.AbstractBeanFactory.getBean(AbstractBeanFactory.java:201)
	at org.springframework.beans.factory.config.DependencyDescriptor.resolveCandidate(DependencyDescriptor.java:229)
	at org.springframework.beans.factory.support.DefaultListableBeanFactory.doResolveDependency(DefaultListableBeanFactory.java:1762)
	at org.springframework.beans.factory.support.DefaultListableBeanFactory.resolveDependency(DefaultListableBeanFactory.java:1651)
	at org.springframework.beans.factory.support.ConstructorResolver.resolveAutowiredArgument(ConstructorResolver.java:912)
	at org.springframework.beans.factory.support.ConstructorResolver.createArgumentArray(ConstructorResolver.java:791)
	... 55 common frames omitted
Caused by: org.springframework.beans.factory.BeanCreationException: Error creating bean with name 'userRepository' defined in personal.ecommercebackend.repository.UserRepository defined in @EnableJpaRepositories declared on DataJpaRepositoriesRegistrar.EnableJpaRepositoriesConfiguration: Cannot resolve reference to bean 'jpaSharedEM_entityManagerFactory' while setting bean property 'entityManager'
	at org.springframework.beans.factory.support.BeanDefinitionValueResolver.resolveReference(BeanDefinitionValueResolver.java:377)
	at org.springframework.beans.factory.support.BeanDefinitionValueResolver.resolveValueIfNecessary(BeanDefinitionValueResolver.java:135)
	at org.springframework.beans.factory.support.AbstractAutowireCapableBeanFactory.applyPropertyValues(AbstractAutowireCapableBeanFactory.java:1712)
	at org.springframework.beans.factory.support.AbstractAutowireCapableBeanFactory.populateBean(AbstractAutowireCapableBeanFactory.java:1461)
	at org.springframework.beans.factory.support.AbstractAutowireCapableBeanFactory.doCreateBean(AbstractAutowireCapableBeanFactory.java:602)
	at org.springframework.beans.factory.support.AbstractAutowireCapableBeanFactory.createBean(AbstractAutowireCapableBeanFactory.java:525)
	at org.springframework.beans.factory.support.AbstractBeanFactory.lambda$doGetBean$0(AbstractBeanFactory.java:333)
	at org.springframework.beans.factory.support.DefaultSingletonBeanRegistry.getSingleton(DefaultSingletonBeanRegistry.java:371)
	at org.springframework.beans.factory.support.AbstractBeanFactory.doGetBean(AbstractBeanFactory.java:331)
	at org.springframework.beans.factory.support.AbstractBeanFactory.getBean(AbstractBeanFactory.java:201)
	at org.springframework.beans.factory.support.DefaultListableBeanFactory.resolveBean(DefaultListableBeanFactory.java:1225)
	at org.springframework.beans.factory.support.DefaultListableBeanFactory.doResolveDependency(DefaultListableBeanFactory.java:1704)
	at org.springframework.beans.factory.support.DefaultListableBeanFactory.resolveDependency(DefaultListableBeanFactory.java:1651)
	at org.springframework.beans.factory.support.ConstructorResolver.resolveAutowiredArgument(ConstructorResolver.java:912)
	at org.springframework.beans.factory.support.ConstructorResolver.createArgumentArray(ConstructorResolver.java:791)
	... 69 common frames omitted
Caused by: org.springframework.beans.factory.BeanCreationException: Error creating bean with name 'jpaSharedEM_entityManagerFactory': Cannot resolve reference to bean 'entityManagerFactory' while setting constructor argument
	at org.springframework.beans.factory.support.BeanDefinitionValueResolver.resolveReference(BeanDefinitionValueResolver.java:377)
	at org.springframework.beans.factory.support.BeanDefinitionValueResolver.resolveValueIfNecessary(BeanDefinitionValueResolver.java:135)
	at org.springframework.beans.factory.support.ConstructorResolver.resolveConstructorArguments(ConstructorResolver.java:691)
	at org.springframework.beans.factory.support.ConstructorResolver.instantiateUsingFactoryMethod(ConstructorResolver.java:513)
	at org.springframework.beans.factory.support.AbstractAutowireCapableBeanFactory.instantiateUsingFactoryMethod(AbstractAutowireCapableBeanFactory.java:1362)
	at org.springframework.beans.factory.support.AbstractAutowireCapableBeanFactory.createBeanInstance(AbstractAutowireCapableBeanFactory.java:1194)
	at org.springframework.beans.factory.support.AbstractAutowireCapableBeanFactory.doCreateBean(AbstractAutowireCapableBeanFactory.java:565)
	at org.springframework.beans.factory.support.AbstractAutowireCapableBeanFactory.createBean(AbstractAutowireCapableBeanFactory.java:525)
	at org.springframework.beans.factory.support.AbstractBeanFactory.lambda$doGetBean$0(AbstractBeanFactory.java:333)
	at org.springframework.beans.factory.support.DefaultSingletonBeanRegistry.getSingleton(DefaultSingletonBeanRegistry.java:371)
	at org.springframework.beans.factory.support.AbstractBeanFactory.doGetBean(AbstractBeanFactory.java:331)
	at org.springframework.beans.factory.support.AbstractBeanFactory.getBean(AbstractBeanFactory.java:201)
	at org.springframework.beans.factory.support.BeanDefinitionValueResolver.resolveReference(BeanDefinitionValueResolver.java:356)
	... 83 common frames omitted
Caused by: org.springframework.beans.factory.BeanCreationException: Error creating bean with name 'entityManagerFactory' defined in class path resource [org/springframework/boot/hibernate/autoconfigure/HibernateJpaConfiguration.class]: Unable to create requested service [org.hibernate.engine.jdbc.env.spi.JdbcEnvironment] due to: Unable to determine Dialect without JDBC metadata (please set 'jakarta.persistence.jdbc.url' for common cases or 'hibernate.dialect' when a custom Dialect implementation must be provided)
	at org.springframework.beans.factory.support.AbstractAutowireCapableBeanFactory.initializeBean(AbstractAutowireCapableBeanFactory.java:1817)
	at org.springframework.beans.factory.support.AbstractAutowireCapableBeanFactory.doCreateBean(AbstractAutowireCapableBeanFactory.java:603)
	at org.springframework.beans.factory.support.AbstractAutowireCapableBeanFactory.createBean(AbstractAutowireCapableBeanFactory.java:525)
	at org.springframework.beans.factory.support.AbstractBeanFactory.lambda$doGetBean$0(AbstractBeanFactory.java:333)
	at org.springframework.beans.factory.support.DefaultSingletonBeanRegistry.getSingleton(DefaultSingletonBeanRegistry.java:371)
	at org.springframework.beans.factory.support.AbstractBeanFactory.doGetBean(AbstractBeanFactory.java:331)
	at org.springframework.beans.factory.support.AbstractBeanFactory.getBean(AbstractBeanFactory.java:196)
	at org.springframework.beans.factory.support.BeanDefinitionValueResolver.resolveReference(BeanDefinitionValueResolver.java:365)
	... 95 common frames omitted
Caused by: org.hibernate.service.spi.ServiceException: Unable to create requested service [org.hibernate.engine.jdbc.env.spi.JdbcEnvironment] due to: Unable to determine Dialect without JDBC metadata (please set 'jakarta.persistence.jdbc.url' for common cases or 'hibernate.dialect' when a custom Dialect implementation must be provided)
	at org.hibernate.service.internal.AbstractServiceRegistryImpl.createService(AbstractServiceRegistryImpl.java:273)
	at org.hibernate.service.internal.AbstractServiceRegistryImpl.initializeService(AbstractServiceRegistryImpl.java:235)
	at org.hibernate.service.internal.AbstractServiceRegistryImpl.getService(AbstractServiceRegistryImpl.java:212)
	at org.hibernate.boot.model.relational.Database.<init>(Database.java:44)
	at org.hibernate.boot.internal.InFlightMetadataCollectorImpl.getDatabase(InFlightMetadataCollectorImpl.java:251)
	at org.hibernate.boot.internal.InFlightMetadataCollectorImpl.<init>(InFlightMetadataCollectorImpl.java:203)
	at org.hibernate.boot.model.process.spi.MetadataBuildingProcess.complete(MetadataBuildingProcess.java:172)
	at org.hibernate.jpa.boot.internal.EntityManagerFactoryBuilderImpl.metadata(EntityManagerFactoryBuilderImpl.java:1392)
	at org.hibernate.jpa.boot.internal.EntityManagerFactoryBuilderImpl.populateSessionFactoryBuilder(EntityManagerFactoryBuilderImpl.java:1472)
	at org.hibernate.jpa.boot.internal.EntityManagerFactoryBuilderImpl.build(EntityManagerFactoryBuilderImpl.java:1454)
	at org.springframework.orm.jpa.vendor.SpringHibernateJpaPersistenceProvider.createContainerEntityManagerFactory(SpringHibernateJpaPersistenceProvider.java:93)
	at org.springframework.orm.jpa.LocalContainerEntityManagerFactoryBean.createNativeEntityManagerFactory(LocalContainerEntityManagerFactoryBean.java:443)
	at org.springframework.orm.jpa.AbstractEntityManagerFactoryBean.buildNativeEntityManagerFactory(AbstractEntityManagerFactoryBean.java:436)
	at org.springframework.orm.jpa.AbstractEntityManagerFactoryBean.afterPropertiesSet(AbstractEntityManagerFactoryBean.java:411)
	at org.springframework.orm.jpa.LocalContainerEntityManagerFactoryBean.afterPropertiesSet(LocalContainerEntityManagerFactoryBean.java:419)
	at org.springframework.beans.factory.support.AbstractAutowireCapableBeanFactory.invokeInitMethods(AbstractAutowireCapableBeanFactory.java:1864)
	at org.springframework.beans.factory.support.AbstractAutowireCapableBeanFactory.initializeBean(AbstractAutowireCapableBeanFactory.java:1813)
	... 102 common frames omitted
Caused by: org.hibernate.HibernateException: Unable to determine Dialect without JDBC metadata (please set 'jakarta.persistence.jdbc.url' for common cases or 'hibernate.dialect' when a custom Dialect implementation must be provided)
	at org.hibernate.engine.jdbc.dialect.internal.DialectFactoryImpl.determineDialect(DialectFactoryImpl.java:190)
	at org.hibernate.engine.jdbc.dialect.internal.DialectFactoryImpl.buildDialect(DialectFactoryImpl.java:86)
	at org.hibernate.engine.jdbc.env.internal.JdbcEnvironmentInitiator.getJdbcEnvironmentWithDefaults(JdbcEnvironmentInitiator.java:200)
	at org.hibernate.engine.jdbc.env.internal.JdbcEnvironmentInitiator.getJdbcEnvironmentUsingJdbcMetadata(JdbcEnvironmentInitiator.java:452)
	at org.hibernate.engine.jdbc.env.internal.JdbcEnvironmentInitiator.getJdbcEnvironment(JdbcEnvironmentInitiator.java:143)
	at org.hibernate.engine.jdbc.env.internal.JdbcEnvironmentInitiator.initiateService(JdbcEnvironmentInitiator.java:120)
	at org.hibernate.engine.jdbc.env.internal.JdbcEnvironmentInitiator.initiateService(JdbcEnvironmentInitiator.java:80)
	at org.hibernate.boot.registry.internal.StandardServiceRegistryImpl.initiateService(StandardServiceRegistryImpl.java:133)
	at org.hibernate.service.internal.AbstractServiceRegistryImpl.createService(AbstractServiceRegistryImpl.java:260)
	... 118 common frames omitted
2026-05-31 09:50:55.083 INFO  [main] [no-request] p.e.ECommerceBackendApplication - Starting ECommerceBackendApplication using Java 19.0.2 with PID 10832 (C:\Users\God -01.11\Desktop\e-commerce-backend - codex\target\classes started by God -01.11 in C:\Users\God -01.11\Desktop\e-commerce-backend - codex)
2026-05-31 09:50:55.088 INFO  [main] [no-request] p.e.ECommerceBackendApplication - No active profile set, falling back to 1 default profile: "default"
2026-05-31 09:50:57.048 INFO  [main] [no-request] o.s.d.r.c.RepositoryConfigurationDelegate - Bootstrapping Spring Data JPA repositories in DEFAULT mode.
2026-05-31 09:50:57.207 INFO  [main] [no-request] o.s.d.r.c.RepositoryConfigurationDelegate - Finished Spring Data repository scanning in 146 ms. Found 14 JPA repository interfaces.
2026-05-31 09:50:58.438 INFO  [main] [no-request] o.s.boot.tomcat.TomcatWebServer - Tomcat initialized with port 8080 (http)
2026-05-31 09:50:58.463 INFO  [main] [no-request] o.a.catalina.core.StandardService - Starting service [Tomcat]
2026-05-31 09:50:58.463 INFO  [main] [no-request] o.a.catalina.core.StandardEngine - Starting Servlet engine: [Apache Tomcat/11.0.21]
2026-05-31 09:50:58.649 INFO  [main] [no-request] o.s.b.w.c.s.WebApplicationContextInitializer - Root WebApplicationContext: initialization completed in 3485 ms
2026-05-31 09:50:59.155 INFO  [main] [no-request] org.hibernate.orm.jpa - HHH008540: Processing PersistenceUnitInfo [name: default]
2026-05-31 09:50:59.256 INFO  [main] [no-request] org.hibernate.orm.core - HHH000001: Hibernate ORM core version 7.2.12.Final
2026-05-31 09:51:00.376 INFO  [main] [no-request] o.s.o.j.p.SpringPersistenceUnitInfo - No LoadTimeWeaver setup: ignoring JPA class transformer
2026-05-31 09:51:00.443 INFO  [main] [no-request] com.zaxxer.hikari.HikariDataSource - HikariPool-1 - Starting...
2026-05-31 09:51:00.742 INFO  [main] [no-request] com.zaxxer.hikari.pool.HikariPool - HikariPool-1 - Added connection org.postgresql.jdbc.PgConnection@68fa8ea5
2026-05-31 09:51:00.745 INFO  [main] [no-request] com.zaxxer.hikari.HikariDataSource - HikariPool-1 - Start completed.
2026-05-31 09:51:00.891 INFO  [main] [no-request] o.hibernate.orm.connections.pooling - HHH10001005: Database info:
	Database JDBC URL [jdbc:postgresql://localhost:5432/ecommerce]
	Database driver: PostgreSQL JDBC Driver
	Database dialect: PostgreSQLDialect
	Database version: 16.2
	Default catalog/schema: ecommerce/public
	Autocommit mode: undefined/unknown
	Isolation level: READ_COMMITTED [default READ_COMMITTED]
	JDBC fetch size: none
	Pool: DataSourceConnectionProvider
	Minimum pool size: undefined/unknown
	Maximum pool size: undefined/unknown
2026-05-31 09:51:02.979 INFO  [main] [no-request] org.hibernate.orm.core - HHH000489: No JTA platform available (set 'hibernate.transaction.jta.platform' to enable JTA platform integration)
2026-05-31 09:51:03.173 INFO  [main] [no-request] o.s.o.j.LocalContainerEntityManagerFactoryBean - Initialized JPA EntityManagerFactory for persistence unit 'default'
2026-05-31 09:51:03.287 INFO  [main] [no-request] o.s.d.j.r.q.QueryEnhancerFactories - Hibernate is in classpath; If applicable, HQL parser will be used.
2026-05-31 09:51:06.339 INFO  [main] [no-request] o.s.s.c.a.a.c.InitializeAuthenticationProviderBeanManagerConfigurer$InitializeAuthenticationProviderManagerConfigurer - Global AuthenticationManager configured with AuthenticationProvider bean with name authenticationProvider
2026-05-31 09:51:06.340 WARN  [main] [no-request] o.s.s.c.a.a.c.InitializeUserDetailsBeanManagerConfigurer$InitializeUserDetailsManagerConfigurer - Global AuthenticationManager configured with an AuthenticationProvider bean. UserDetailsService beans will not be used by Spring Security for automatically configuring username/password login. Consider removing the AuthenticationProvider bean. Alternatively, consider using the UserDetailsService in a manually instantiated DaoAuthenticationProvider. If the current configuration is intentional, to turn off this warning, increase the logging level of 'org.springframework.security.config.annotation.authentication.configuration.InitializeUserDetailsBeanManagerConfigurer' to ERROR
2026-05-31 09:51:08.405 INFO  [main] [no-request] o.s.b.a.e.web.EndpointLinksResolver - Exposing 1 endpoint beneath base path '/actuator'
2026-05-31 09:51:08.661 INFO  [main] [no-request] o.s.boot.tomcat.TomcatWebServer - Tomcat started on port 8080 (http) with context path '/'
2026-05-31 09:51:08.689 INFO  [main] [no-request] p.e.ECommerceBackendApplication - Started ECommerceBackendApplication in 14.832 seconds (process running for 16.763)
2026-05-31 09:51:08.705 INFO  [main] [no-request] p.ecommercebackend.config.MailConfig - Email delivery ENABLED — SMTP localhost:1025 (view MailHog UI at http://localhost:8025)
2026-05-31 09:51:08.706 INFO  [main] [no-request] p.ecommercebackend.config.DataSeeder - Running database seed checks...
2026-05-31 09:51:09.881 INFO  [RMI TCP Connection(6)-172.23.0.1] [no-request] o.a.c.c.C.[Tomcat].[localhost].[/] - Initializing Spring DispatcherServlet 'dispatcherServlet'
2026-05-31 09:51:09.882 INFO  [RMI TCP Connection(6)-172.23.0.1] [no-request] o.s.web.servlet.DispatcherServlet - Initializing Servlet 'dispatcherServlet'
2026-05-31 09:51:09.887 INFO  [RMI TCP Connection(6)-172.23.0.1] [no-request] o.s.web.servlet.DispatcherServlet - Completed initialization in 5 ms
2026-05-31 09:51:09.980 WARN  [RMI TCP Connection(5)-172.23.0.1] [no-request] o.s.b.m.health.MailHealthIndicator - Mail health check failed
org.eclipse.angus.mail.util.MailConnectException: Couldn't connect to host, port: localhost, 1025; timeout -1;
  nested exception is:
	java.net.ConnectException: Connection refused: connect
	at org.eclipse.angus.mail.smtp.SMTPTransport.openServer(SMTPTransport.java:2243)
	at org.eclipse.angus.mail.smtp.SMTPTransport.protocolConnect(SMTPTransport.java:729)
	at jakarta.mail.Service.connect(Service.java:345)
	at org.springframework.mail.javamail.JavaMailSenderImpl.connectTransport(JavaMailSenderImpl.java:467)
	at org.springframework.mail.javamail.JavaMailSenderImpl.testConnection(JavaMailSenderImpl.java:347)
	at org.springframework.boot.mail.health.MailHealthIndicator.doHealthCheck(MailHealthIndicator.java:52)
	at org.springframework.boot.health.contributor.AbstractHealthIndicator.health(AbstractHealthIndicator.java:80)
	at org.springframework.boot.health.contributor.HealthIndicator.health(HealthIndicator.java:37)
	at org.springframework.boot.health.actuate.endpoint.Contributor$Blocking.getDescriptor(Contributor.java:148)
	at org.springframework.boot.health.actuate.endpoint.Contributor$Blocking.getDescriptor(Contributor.java:126)
	at org.springframework.boot.health.actuate.endpoint.HealthEndpointSupport.getDescriptorAndLogIfSlow(HealthEndpointSupport.java:172)
	at org.springframework.boot.health.actuate.endpoint.HealthEndpointSupport.getDescriptor(HealthEndpointSupport.java:145)
	at org.springframework.boot.health.actuate.endpoint.HealthEndpointSupport.getAggregateDescriptor(HealthEndpointSupport.java:157)
	at org.springframework.boot.health.actuate.endpoint.HealthEndpointSupport.getDescriptor(HealthEndpointSupport.java:141)
	at org.springframework.boot.health.actuate.endpoint.HealthEndpointSupport.getResult(HealthEndpointSupport.java:110)
	at org.springframework.boot.health.actuate.endpoint.HealthEndpointSupport.getResult(HealthEndpointSupport.java:82)
	at org.springframework.boot.health.actuate.endpoint.HealthEndpoint.health(HealthEndpoint.java:80)
	at org.springframework.boot.health.actuate.endpoint.HealthEndpoint.health(HealthEndpoint.java:70)
	at java.base/jdk.internal.reflect.DirectMethodHandleAccessor.invoke(DirectMethodHandleAccessor.java:104)
	at java.base/java.lang.reflect.Method.invoke(Method.java:578)
	at org.springframework.util.ReflectionUtils.invokeMethod(ReflectionUtils.java:281)
	at org.springframework.boot.actuate.endpoint.invoke.reflect.ReflectiveOperationInvoker.invoke(ReflectiveOperationInvoker.java:76)
	at org.springframework.boot.actuate.endpoint.annotation.AbstractDiscoveredOperation.invoke(AbstractDiscoveredOperation.java:62)
	at org.springframework.boot.actuate.endpoint.jmx.EndpointMBean.invoke(EndpointMBean.java:127)
	at org.springframework.boot.actuate.endpoint.jmx.EndpointMBean.invoke(EndpointMBean.java:99)
	at java.management/com.sun.jmx.interceptor.DefaultMBeanServerInterceptor.invoke(DefaultMBeanServerInterceptor.java:809)
	at java.management/com.sun.jmx.mbeanserver.JmxMBeanServer.invoke(JmxMBeanServer.java:802)
	at java.management.rmi/javax.management.remote.rmi.RMIConnectionImpl.doOperation(RMIConnectionImpl.java:1472)
	at java.management.rmi/javax.management.remote.rmi.RMIConnectionImpl$PrivilegedOperation.run(RMIConnectionImpl.java:1310)
	at java.management.rmi/javax.management.remote.rmi.RMIConnectionImpl.doPrivilegedOperation(RMIConnectionImpl.java:1405)
	at java.management.rmi/javax.management.remote.rmi.RMIConnectionImpl.invoke(RMIConnectionImpl.java:829)
	at java.base/jdk.internal.reflect.DirectMethodHandleAccessor.invoke(DirectMethodHandleAccessor.java:104)
	at java.base/java.lang.reflect.Method.invoke(Method.java:578)
	at java.rmi/sun.rmi.server.UnicastServerRef.dispatch(UnicastServerRef.java:360)
	at java.rmi/sun.rmi.transport.Transport$1.run(Transport.java:200)
	at java.rmi/sun.rmi.transport.Transport$1.run(Transport.java:197)
	at java.base/java.security.AccessController.doPrivileged(AccessController.java:712)
	at java.rmi/sun.rmi.transport.Transport.serviceCall(Transport.java:196)
	at java.rmi/sun.rmi.transport.tcp.TCPTransport.handleMessages(TCPTransport.java:598)
	at java.rmi/sun.rmi.transport.tcp.TCPTransport$ConnectionHandler.run0(TCPTransport.java:844)
	at java.rmi/sun.rmi.transport.tcp.TCPTransport$ConnectionHandler.lambda$run$0(TCPTransport.java:721)
	at java.base/java.security.AccessController.doPrivileged(AccessController.java:399)
	at java.rmi/sun.rmi.transport.tcp.TCPTransport$ConnectionHandler.run(TCPTransport.java:720)
	at java.base/java.util.concurrent.ThreadPoolExecutor.runWorker(ThreadPoolExecutor.java:1144)
	at java.base/java.util.concurrent.ThreadPoolExecutor$Worker.run(ThreadPoolExecutor.java:642)
	at java.base/java.lang.Thread.run(Thread.java:1589)
Caused by: java.net.ConnectException: Connection refused: connect
	at java.base/sun.nio.ch.Net.connect0(Native Method)
	at java.base/sun.nio.ch.Net.connect(Net.java:579)
	at java.base/sun.nio.ch.Net.connect(Net.java:568)
	at java.base/sun.nio.ch.NioSocketImpl.connect(NioSocketImpl.java:576)
	at java.base/java.net.SocksSocketImpl.connect(SocksSocketImpl.java:327)
	at java.base/java.net.Socket.connect(Socket.java:666)
	at java.base/java.net.Socket.connect(Socket.java:600)
	at org.eclipse.angus.mail.util.SocketFetcher.createSocket(SocketFetcher.java:368)
	at org.eclipse.angus.mail.util.SocketFetcher.getSocket(SocketFetcher.java:243)
	at org.eclipse.angus.mail.smtp.SMTPTransport.openServer(SMTPTransport.java:2193)
	... 45 common frames omitted
2026-05-31 09:51:36.401 INFO  [http-nio-0.0.0.0-8080-exec-1] [4b74aebd-9d31-4d8d-9db2-b7aa5356f7df] p.e.config.RequestLoggingFilter - HTTP GET /api/categories -> 200 (257 ms) user=anonymous
2026-05-31 09:51:36.519 INFO  [http-nio-0.0.0.0-8080-exec-2] [5e0222d5-0c11-4fc6-a62c-92a5267f2fae] p.e.config.RequestLoggingFilter - HTTP GET /api/products?page=0&size=12&sort=name%2Casc -> 200 (375 ms) user=anonymous
2026-05-31 09:56:01.524 INFO  [http-nio-0.0.0.0-8080-exec-3] [6eba7d81-2e7e-47b5-8131-990f16fe9faa] p.e.config.RequestLoggingFilter - HTTP GET /api/products/12 -> 200 (38 ms) user=anonymous
2026-05-31 09:56:01.548 INFO  [http-nio-0.0.0.0-8080-exec-6] [b67fad1a-d005-4c65-8448-98ed0455d8ce] p.e.config.RequestLoggingFilter - HTTP GET /api/products/12/reviews?page=0&size=10 -> 200 (22 ms) user=anonymous
2026-05-31 09:56:01.587 INFO  [http-nio-0.0.0.0-8080-exec-4] [26c66600-7a47-4a5f-bc9e-199c84f957ab] p.e.config.RequestLoggingFilter - HTTP GET /api/products/12/related?size=4 -> 200 (61 ms) user=anonymous
2026-05-31 09:56:21.890 WARN  [http-nio-0.0.0.0-8080-exec-7] [1bcb64ec-12de-4db9-b91f-4e6df41c25ab] p.e.config.LoggingAspect - SERVICE AuthServiceImpl.login - failed (240 ms): Bad credentials
2026-05-31 09:56:21.891 WARN  [http-nio-0.0.0.0-8080-exec-7] [1bcb64ec-12de-4db9-b91f-4e6df41c25ab] p.e.config.LoggingAspect - CONTROLLER AuthController.login - failed (241 ms): Bad credentials
2026-05-31 09:56:21.893 WARN  [http-nio-0.0.0.0-8080-exec-7] [1bcb64ec-12de-4db9-b91f-4e6df41c25ab] p.e.exception.GlobalExceptionHandler - Authentication failed: invalid credentials
2026-05-31 09:56:21.909 INFO  [http-nio-0.0.0.0-8080-exec-7] [1bcb64ec-12de-4db9-b91f-4e6df41c25ab] p.e.config.RequestLoggingFilter - HTTP POST /api/auth/login -> 401 (442 ms) user=anonymous
2026-05-31 09:56:30.773 INFO  [http-nio-0.0.0.0-8080-exec-8] [ba5f1524-a972-4cb1-b473-4e9739ce3b68] p.e.service.impl.AuthServiceImpl - User logged in userId=2 email=parsan6347@gmail.com
2026-05-31 09:56:30.781 INFO  [http-nio-0.0.0.0-8080-exec-8] [ba5f1524-a972-4cb1-b473-4e9739ce3b68] p.e.config.RequestLoggingFilter - HTTP POST /api/auth/login -> 200 (284 ms) user=anonymous
2026-05-31 09:56:31.016 INFO  [http-nio-0.0.0.0-8080-exec-9] [fabbe822-930c-47a2-b844-b199f25c7799] p.e.config.RequestLoggingFilter - HTTP GET /api/cart/summary -> 200 (49 ms) user=parsan6347@gmail.com
2026-05-31 09:56:31.194 INFO  [http-nio-0.0.0.0-8080-exec-1] [4705c417-bd6d-4263-9a93-478745fa3d72] p.e.config.RequestLoggingFilter - HTTP GET /api/notifications/unread-count -> 200 (21 ms) user=parsan6347@gmail.com
2026-05-31 09:56:31.194 INFO  [http-nio-0.0.0.0-8080-exec-10] [7219c294-72fa-464f-bb7e-cd1e9f4a62b5] p.e.config.RequestLoggingFilter - HTTP GET /api/wishlist/count -> 200 (16 ms) user=parsan6347@gmail.com
2026-05-31 09:56:31.194 INFO  [http-nio-0.0.0.0-8080-exec-2] [2f46fa71-344d-4b1f-b2cc-8b127462f2f1] p.e.config.RequestLoggingFilter - HTTP GET /api/cart/summary -> 200 (13 ms) user=parsan6347@gmail.com
2026-05-31 09:56:31.252 INFO  [http-nio-0.0.0.0-8080-exec-3] [9a5a9a0f-ad65-42cf-8a3f-1efcd251d266] p.e.config.RequestLoggingFilter - HTTP GET /api/notifications/unread-count -> 200 (9 ms) user=parsan6347@gmail.com
2026-05-31 09:56:31.252 INFO  [http-nio-0.0.0.0-8080-exec-5] [245e05a7-abe7-4891-9e03-fcf0b13d31bf] p.e.config.RequestLoggingFilter - HTTP GET /api/wishlist/count -> 200 (9 ms) user=parsan6347@gmail.com
2026-05-31 09:56:31.372 INFO  [http-nio-0.0.0.0-8080-exec-6] [2af3396f-f303-44b5-a99c-724d181631c7] p.e.config.RequestLoggingFilter - HTTP GET /api/products/12 -> 200 (25 ms) user=parsan6347@gmail.com
2026-05-31 09:56:31.552 INFO  [http-nio-0.0.0.0-8080-exec-7] [6eb918ba-c5a0-4751-85e8-fe71f7579b8d] p.e.config.RequestLoggingFilter - HTTP GET /api/products/12/reviews?page=0&size=10 -> 200 (17 ms) user=parsan6347@gmail.com
2026-05-31 09:56:31.565 INFO  [http-nio-0.0.0.0-8080-exec-8] [e7e5ce22-aa7c-40d3-8a90-dcdb0506127a] p.e.config.RequestLoggingFilter - HTTP GET /api/wishlist?page=0&size=12 -> 200 (30 ms) user=parsan6347@gmail.com
2026-05-31 09:56:31.583 INFO  [http-nio-0.0.0.0-8080-exec-4] [dce4d7e0-660f-47da-b18e-ba81782ae595] p.e.config.RequestLoggingFilter - HTTP GET /api/products/12/related?size=4 -> 200 (48 ms) user=parsan6347@gmail.com
2026-05-31 09:57:01.354 INFO  [http-nio-0.0.0.0-8080-exec-3] [a5fb8ff6-70de-4cbd-8666-df3d72813f1e] p.e.config.RequestLoggingFilter - HTTP GET /api/cart/summary -> 200 (12 ms) user=parsan6347@gmail.com
2026-05-31 09:57:01.662 INFO  [http-nio-0.0.0.0-8080-exec-6] [91947435-a2f4-45fe-8602-3bca5814acf2] p.e.config.RequestLoggingFilter - HTTP GET /api/notifications/unread-count -> 200 (7 ms) user=parsan6347@gmail.com
2026-05-31 09:57:01.662 INFO  [http-nio-0.0.0.0-8080-exec-5] [b23d33a9-91ed-4fd8-89d2-c25c4131a204] p.e.config.RequestLoggingFilter - HTTP GET /api/wishlist/count -> 200 (7 ms) user=parsan6347@gmail.com
2026-05-31 09:57:06.190 INFO  [http-nio-0.0.0.0-8080-exec-8] [06be1ca2-c1ac-490e-bb50-f8a288d79cec] p.e.config.RequestLoggingFilter - HTTP GET /api/wishlist/count -> 200 (16 ms) user=parsan6347@gmail.com
2026-05-31 09:57:06.196 INFO  [http-nio-0.0.0.0-8080-exec-4] [e9596ecf-1761-49c9-acbb-85aacac7b4fe] p.e.config.RequestLoggingFilter - HTTP GET /api/notifications/unread-count -> 200 (22 ms) user=parsan6347@gmail.com
2026-05-31 09:57:06.199 INFO  [http-nio-0.0.0.0-8080-exec-7] [4d86bc79-e8f3-4e0f-b378-fe90cff11084] p.e.config.RequestLoggingFilter - HTTP GET /api/cart/summary -> 200 (26 ms) user=parsan6347@gmail.com
2026-05-31 09:57:06.220 INFO  [http-nio-0.0.0.0-8080-exec-10] [242ea011-6089-4240-9c1b-e319a3c7af05] p.e.config.RequestLoggingFilter - HTTP GET /api/wishlist/count -> 200 (11 ms) user=parsan6347@gmail.com
2026-05-31 09:57:06.221 INFO  [http-nio-0.0.0.0-8080-exec-9] [bf08043f-9401-431e-9c45-a2af77f08858] p.e.config.RequestLoggingFilter - HTTP GET /api/notifications/unread-count -> 200 (14 ms) user=parsan6347@gmail.com
2026-05-31 09:57:06.232 INFO  [http-nio-0.0.0.0-8080-exec-2] [7cbb68e7-b221-498f-8c26-356ff42d2eeb] p.e.config.RequestLoggingFilter - HTTP GET /api/cart/summary -> 200 (25 ms) user=parsan6347@gmail.com
2026-05-31 09:57:08.784 INFO  [http-nio-0.0.0.0-8080-exec-1] [bd614c81-99eb-4ea5-8555-e37b83794159] p.e.config.RequestLoggingFilter - HTTP POST /api/wishlist/12 -> 201 (108 ms) user=parsan6347@gmail.com
2026-05-31 09:57:09.328 INFO  [http-nio-0.0.0.0-8080-exec-3] [7a2b34a2-264d-449f-ae6d-7cda18018f95] p.e.config.RequestLoggingFilter - HTTP GET /api/cart/summary -> 200 (19 ms) user=parsan6347@gmail.com
2026-05-31 09:57:09.627 INFO  [http-nio-0.0.0.0-8080-exec-5] [f39af1fa-bebc-45c3-9433-725d2a36b39e] p.e.config.RequestLoggingFilter - HTTP GET /api/notifications/unread-count -> 200 (13 ms) user=parsan6347@gmail.com
2026-05-31 09:57:09.629 INFO  [http-nio-0.0.0.0-8080-exec-6] [ec7561e2-ad7a-4bce-9998-b33e6f16838e] p.e.config.RequestLoggingFilter - HTTP GET /api/wishlist/count -> 200 (11 ms) user=parsan6347@gmail.com
2026-05-31 09:57:11.081 INFO  [http-nio-0.0.0.0-8080-exec-8] [4bb72cfb-1d77-49d5-8d02-7d455fb6cd14] p.e.config.RequestLoggingFilter - HTTP POST /api/cart/items -> 200 (61 ms) user=parsan6347@gmail.com
2026-05-31 09:57:11.615 INFO  [http-nio-0.0.0.0-8080-exec-4] [057ce6f2-b5fe-4074-bfe7-39dc330d7cda] p.e.config.RequestLoggingFilter - HTTP GET /api/cart/summary -> 200 (14 ms) user=parsan6347@gmail.com
2026-05-31 09:57:11.914 INFO  [http-nio-0.0.0.0-8080-exec-10] [ff8811c0-8148-45c8-9c70-30042b6c9f1f] p.e.config.RequestLoggingFilter - HTTP GET /api/notifications/unread-count -> 200 (6 ms) user=parsan6347@gmail.com
2026-05-31 09:57:11.914 INFO  [http-nio-0.0.0.0-8080-exec-7] [a68ece53-636c-4499-a128-c67892f3a8a2] p.e.config.RequestLoggingFilter - HTTP GET /api/wishlist/count -> 200 (6 ms) user=parsan6347@gmail.com
2026-05-31 09:57:13.907 INFO  [http-nio-0.0.0.0-8080-exec-9] [08dab4c1-e772-439b-8abe-233240ce85f1] p.e.config.RequestLoggingFilter - HTTP GET /api/cart/summary -> 200 (14 ms) user=parsan6347@gmail.com
2026-05-31 09:57:13.964 INFO  [http-nio-0.0.0.0-8080-exec-1] [7b592c61-c9fb-459f-9875-6e1b33c2bb42] p.e.config.RequestLoggingFilter - HTTP GET /api/notifications/unread-count -> 200 (8 ms) user=parsan6347@gmail.com
2026-05-31 09:57:13.964 INFO  [http-nio-0.0.0.0-8080-exec-2] [12ce870a-2d6f-4770-aa70-becd6065a20b] p.e.config.RequestLoggingFilter - HTTP GET /api/wishlist/count -> 200 (8 ms) user=parsan6347@gmail.com
2026-05-31 09:57:13.975 INFO  [http-nio-0.0.0.0-8080-exec-3] [453e2cc2-1cd0-429b-857b-c14898b4251e] p.e.config.RequestLoggingFilter - HTTP GET /api/cart -> 200 (19 ms) user=parsan6347@gmail.com
2026-05-31 09:57:18.477 INFO  [http-nio-0.0.0.0-8080-exec-6] [f5a4cbd1-21aa-430c-8cfa-9ed010a376ad] p.e.config.RequestLoggingFilter - HTTP GET /api/wishlist/count -> 200 (9 ms) user=parsan6347@gmail.com
2026-05-31 09:57:18.482 INFO  [http-nio-0.0.0.0-8080-exec-5] [85a0c58a-f1ce-4cbd-94bf-027fa73e31d8] p.e.config.RequestLoggingFilter - HTTP GET /api/cart/summary -> 200 (14 ms) user=parsan6347@gmail.com
2026-05-31 09:57:18.781 INFO  [http-nio-0.0.0.0-8080-exec-8] [10a4531e-aa3c-490b-bb89-71f76d844f9f] p.e.config.RequestLoggingFilter - HTTP GET /api/notifications/unread-count -> 200 (8 ms) user=parsan6347@gmail.com
2026-05-31 09:57:18.791 INFO  [http-nio-0.0.0.0-8080-exec-4] [59b73926-9380-4dbf-a5d5-39e959a8fc15] p.e.config.RequestLoggingFilter - HTTP GET /api/shipping-addresses/all -> 200 (21 ms) user=parsan6347@gmail.com
2026-05-31 09:57:31.191 INFO  [http-nio-0.0.0.0-8080-exec-9] [6b8a2efa-9080-41a9-9b50-4ba9b93ac6ab] p.e.config.RequestLoggingFilter - HTTP GET /api/notifications/unread-count -> 200 (9 ms) user=parsan6347@gmail.com
2026-05-31 09:57:31.192 INFO  [http-nio-0.0.0.0-8080-exec-7] [febd9388-e66e-4e13-b26a-70af21d5dfcf] p.e.config.RequestLoggingFilter - HTTP GET /api/wishlist/count -> 200 (9 ms) user=parsan6347@gmail.com
2026-05-31 09:57:31.201 INFO  [http-nio-0.0.0.0-8080-exec-10] [3f92776e-ae8c-46f8-829f-2b4e14ec8467] p.e.config.RequestLoggingFilter - HTTP GET /api/cart/summary -> 200 (19 ms) user=parsan6347@gmail.com
2026-05-31 09:57:31.421 INFO  [http-nio-0.0.0.0-8080-exec-1] [3ab1f11e-6ee9-474d-b43e-a6b88f99818b] p.e.service.impl.OrderServiceImpl - Checkout initiated orderId=20 userId=2 subtotal=10.00 total=17.27 devMode=true
2026-05-31 09:57:31.448 INFO  [http-nio-0.0.0.0-8080-exec-1] [3ab1f11e-6ee9-474d-b43e-a6b88f99818b] p.e.config.RequestLoggingFilter - HTTP POST /api/orders/checkout/initiate -> 201 (144 ms) user=parsan6347@gmail.com
2026-05-31 09:57:31.511 INFO  [http-nio-0.0.0.0-8080-exec-2] [f83f76ee-9785-43fa-99f3-b86f5e4194c0] p.e.config.RequestLoggingFilter - HTTP GET /api/orders/20 -> 200 (40 ms) user=parsan6347@gmail.com
2026-05-31 09:57:32.294 INFO  [http-nio-0.0.0.0-8080-exec-5] [3d210d80-e1de-4ea8-a05e-a8c0e65f2584] p.e.config.RequestLoggingFilter - HTTP GET /api/notifications/unread-count -> 200 (7 ms) user=parsan6347@gmail.com
2026-05-31 09:57:32.294 INFO  [http-nio-0.0.0.0-8080-exec-6] [8d03cfab-359e-46ae-aa35-45724866b48f] p.e.config.RequestLoggingFilter - HTTP GET /api/wishlist/count -> 200 (7 ms) user=parsan6347@gmail.com
2026-05-31 09:57:32.300 INFO  [http-nio-0.0.0.0-8080-exec-3] [002e31ef-e109-4998-9708-1aa0a4ce3919] p.e.config.RequestLoggingFilter - HTTP GET /api/cart/summary -> 200 (13 ms) user=parsan6347@gmail.com
2026-05-31 09:57:58.360 INFO  [http-nio-0.0.0.0-8080-exec-8] [26135515-6f2b-4dfd-ad4e-8f6c41c1fdcb] p.e.config.RequestLoggingFilter - HTTP GET /api/cart/summary -> 200 (13 ms) user=parsan6347@gmail.com
2026-05-31 09:57:58.662 INFO  [http-nio-0.0.0.0-8080-exec-4] [521289d2-e27a-4056-9ecf-9b59cfdbe3d4] p.e.config.RequestLoggingFilter - HTTP GET /api/wishlist/count -> 200 (6 ms) user=parsan6347@gmail.com
2026-05-31 09:57:58.662 INFO  [http-nio-0.0.0.0-8080-exec-7] [47be0534-7895-42ea-8ea7-0636036e7749] p.e.config.RequestLoggingFilter - HTTP GET /api/notifications/unread-count -> 200 (6 ms) user=parsan6347@gmail.com
2026-05-31 09:57:58.667 INFO  [http-nio-0.0.0.0-8080-exec-9] [a7c592ab-f6fe-427f-bd24-d96ef346b358] p.e.config.RequestLoggingFilter - HTTP GET /api/cart -> 200 (11 ms) user=parsan6347@gmail.com
2026-05-31 09:58:00.784 INFO  [http-nio-0.0.0.0-8080-exec-1] [09cbb2c1-0217-40ca-9ec4-952332079ed5] p.e.config.RequestLoggingFilter - HTTP PUT /api/cart/items/12 -> 200 (27 ms) user=parsan6347@gmail.com
2026-05-31 09:58:01.129 INFO  [http-nio-0.0.0.0-8080-exec-2] [02e0371d-3094-470e-9b22-9ce7cdaf13e4] p.e.config.RequestLoggingFilter - HTTP GET /api/cart -> 200 (10 ms) user=parsan6347@gmail.com
2026-05-31 09:58:01.195 INFO  [http-nio-0.0.0.0-8080-exec-5] [6fb6291b-72fc-4fe2-b78d-8d9e7400ab68] p.e.config.RequestLoggingFilter - HTTP GET /api/wishlist/count -> 200 (11 ms) user=parsan6347@gmail.com
2026-05-31 09:58:01.197 INFO  [http-nio-0.0.0.0-8080-exec-3] [0680a555-631c-4be3-b069-beb380cb2f5f] p.e.config.RequestLoggingFilter - HTTP GET /api/notifications/unread-count -> 200 (10 ms) user=parsan6347@gmail.com
2026-05-31 09:58:01.202 INFO  [http-nio-0.0.0.0-8080-exec-6] [0dff9ebc-9c48-4366-bff4-361845897fa3] p.e.config.RequestLoggingFilter - HTTP GET /api/cart/summary -> 200 (15 ms) user=parsan6347@gmail.com
2026-05-31 09:58:01.392 INFO  [http-nio-0.0.0.0-8080-exec-8] [1ba5139c-1d8b-4425-a374-01353e651669] p.e.config.RequestLoggingFilter - HTTP GET /api/cart/summary -> 200 (13 ms) user=parsan6347@gmail.com
2026-05-31 09:58:01.634 INFO  [http-nio-0.0.0.0-8080-exec-4] [6abcc895-2fab-4d25-8a97-1ae75fee10aa] p.e.config.RequestLoggingFilter - HTTP GET /api/wishlist/count -> 200 (7 ms) user=parsan6347@gmail.com
2026-05-31 09:58:01.634 INFO  [http-nio-0.0.0.0-8080-exec-7] [b85d706b-9ceb-4f66-8820-9cfc685ac5d5] p.e.config.RequestLoggingFilter - HTTP GET /api/notifications/unread-count -> 200 (7 ms) user=parsan6347@gmail.com
2026-05-31 09:58:02.123 INFO  [http-nio-0.0.0.0-8080-exec-9] [04cc5076-c8b9-4664-b21d-23f2250129d8] p.e.config.RequestLoggingFilter - HTTP PUT /api/cart/items/12 -> 200 (23 ms) user=parsan6347@gmail.com
2026-05-31 09:58:02.471 INFO  [http-nio-0.0.0.0-8080-exec-10] [370a1fe9-226d-4474-90b5-17645e4a10c7] p.e.config.RequestLoggingFilter - HTTP GET /api/cart -> 200 (11 ms) user=parsan6347@gmail.com
2026-05-31 09:58:02.716 INFO  [http-nio-0.0.0.0-8080-exec-1] [5314a024-8a77-42b6-bf38-a9b29ec00f83] p.e.config.RequestLoggingFilter - HTTP GET /api/cart/summary -> 200 (12 ms) user=parsan6347@gmail.com
2026-05-31 09:58:02.955 INFO  [http-nio-0.0.0.0-8080-exec-5] [933fb0aa-4ede-46dd-8703-6fe4dae9333c] p.e.config.RequestLoggingFilter - HTTP GET /api/notifications/unread-count -> 200 (6 ms) user=parsan6347@gmail.com
2026-05-31 09:58:02.958 INFO  [http-nio-0.0.0.0-8080-exec-2] [a6fc98ba-bc53-4153-a9ee-93615dbc14a8] p.e.config.RequestLoggingFilter - HTTP GET /api/wishlist/count -> 200 (7 ms) user=parsan6347@gmail.com
2026-05-31 09:58:03.417 INFO  [http-nio-0.0.0.0-8080-exec-3] [646d4d1b-761e-4bd2-8902-f73ba65fcef1] p.e.config.RequestLoggingFilter - HTTP PUT /api/cart/items/12 -> 200 (19 ms) user=parsan6347@gmail.com
2026-05-31 09:58:03.759 INFO  [http-nio-0.0.0.0-8080-exec-6] [d3811d6b-05af-48c5-b56b-78b65380d656] p.e.config.RequestLoggingFilter - HTTP GET /api/cart -> 200 (10 ms) user=parsan6347@gmail.com
2026-05-31 09:58:04.010 INFO  [http-nio-0.0.0.0-8080-exec-8] [7679fe9f-036c-4123-985a-0c05da61e7af] p.e.config.RequestLoggingFilter - HTTP GET /api/cart/summary -> 200 (11 ms) user=parsan6347@gmail.com
2026-05-31 09:58:04.248 INFO  [http-nio-0.0.0.0-8080-exec-7] [b76cc9b1-10f7-437b-91f8-26eb99b046f9] p.e.config.RequestLoggingFilter - HTTP GET /api/notifications/unread-count -> 200 (7 ms) user=parsan6347@gmail.com
2026-05-31 09:58:04.250 INFO  [http-nio-0.0.0.0-8080-exec-4] [ee25aca0-9918-4aea-8524-0d99bb10f9d3] p.e.config.RequestLoggingFilter - HTTP GET /api/wishlist/count -> 200 (7 ms) user=parsan6347@gmail.com
2026-05-31 09:58:08.720 INFO  [http-nio-0.0.0.0-8080-exec-9] [cd69d5c5-1608-46d3-b219-4560af1e7643] p.e.config.RequestLoggingFilter - HTTP PUT /api/cart/items/12 -> 200 (22 ms) user=parsan6347@gmail.com
2026-05-31 09:58:09.066 INFO  [http-nio-0.0.0.0-8080-exec-10] [020cd213-0af2-4448-8fb5-e251631d8e59] p.e.config.RequestLoggingFilter - HTTP GET /api/cart -> 200 (13 ms) user=parsan6347@gmail.com
2026-05-31 09:58:09.322 INFO  [http-nio-0.0.0.0-8080-exec-1] [90483766-7b69-4721-b91f-aaafbf019a03] p.e.config.RequestLoggingFilter - HTTP GET /api/cart/summary -> 200 (12 ms) user=parsan6347@gmail.com
2026-05-31 09:58:09.564 INFO  [http-nio-0.0.0.0-8080-exec-5] [1fd88cc4-db29-4625-940d-49f998c461bb] p.e.config.RequestLoggingFilter - HTTP GET /api/wishlist/count -> 200 (8 ms) user=parsan6347@gmail.com
2026-05-31 09:58:09.567 INFO  [http-nio-0.0.0.0-8080-exec-2] [db855870-4bd5-47c1-91b6-9857be87a062] p.e.config.RequestLoggingFilter - HTTP GET /api/notifications/unread-count -> 200 (8 ms) user=parsan6347@gmail.com
2026-05-31 09:58:10.176 INFO  [http-nio-0.0.0.0-8080-exec-3] [7ba311d9-dce6-412d-a971-c1b282fea721] p.e.config.RequestLoggingFilter - HTTP PUT /api/cart/items/12 -> 200 (25 ms) user=parsan6347@gmail.com
2026-05-31 09:58:10.509 INFO  [http-nio-0.0.0.0-8080-exec-6] [3ee8b25c-4dfd-4426-9669-d28203532e65] p.e.config.RequestLoggingFilter - HTTP GET /api/cart -> 200 (10 ms) user=parsan6347@gmail.com
2026-05-31 09:58:10.767 INFO  [http-nio-0.0.0.0-8080-exec-8] [27786acd-d8b6-41ee-8ff3-2203fd5be8ca] p.e.config.RequestLoggingFilter - HTTP GET /api/cart/summary -> 200 (9 ms) user=parsan6347@gmail.com
2026-05-31 09:58:11.014 INFO  [http-nio-0.0.0.0-8080-exec-7] [133171e6-7c1e-4b0f-94c5-d43b759abe7e] p.e.config.RequestLoggingFilter - HTTP GET /api/wishlist/count -> 200 (7 ms) user=parsan6347@gmail.com
2026-05-31 09:58:11.016 INFO  [http-nio-0.0.0.0-8080-exec-4] [b234c072-316f-408e-a31b-b1fd4fd99af3] p.e.config.RequestLoggingFilter - HTTP GET /api/notifications/unread-count -> 200 (7 ms) user=parsan6347@gmail.com
2026-05-31 09:58:12.133 INFO  [http-nio-0.0.0.0-8080-exec-9] [1055d17a-cc02-415c-a132-d209d5169e7d] p.e.config.RequestLoggingFilter - HTTP GET /api/cart/summary -> 200 (10 ms) user=parsan6347@gmail.com
2026-05-31 09:58:12.440 INFO  [http-nio-0.0.0.0-8080-exec-1] [02f92d5e-9d7d-429d-b739-db700a6ebdd6] p.e.config.RequestLoggingFilter - HTTP GET /api/notifications/unread-count -> 200 (8 ms) user=parsan6347@gmail.com
2026-05-31 09:58:12.440 INFO  [http-nio-0.0.0.0-8080-exec-10] [1a4d840b-38e5-4210-a097-e886a8d5c07e] p.e.config.RequestLoggingFilter - HTTP GET /api/wishlist/count -> 200 (8 ms) user=parsan6347@gmail.com
2026-05-31 09:58:12.443 INFO  [http-nio-0.0.0.0-8080-exec-5] [664db2ca-ef1c-4821-bb89-99a3defc9ca9] p.e.config.RequestLoggingFilter - HTTP GET /api/shipping-addresses/all -> 200 (11 ms) user=parsan6347@gmail.com
2026-05-31 09:58:23.784 INFO  [http-nio-0.0.0.0-8080-exec-2] [610818c5-ceb3-498e-8775-3b4dfc938e71] p.e.service.impl.OrderServiceImpl - Checkout initiated orderId=21 userId=2 subtotal=40.00 total=49.67 devMode=true
2026-05-31 09:58:23.796 INFO  [http-nio-0.0.0.0-8080-exec-2] [610818c5-ceb3-498e-8775-3b4dfc938e71] p.e.config.RequestLoggingFilter - HTTP POST /api/orders/checkout/initiate -> 201 (42 ms) user=parsan6347@gmail.com
2026-05-31 09:58:24.019 INFO  [http-nio-0.0.0.0-8080-exec-3] [90692188-9aef-4314-8de2-98ff15755120] p.e.config.RequestLoggingFilter - HTTP GET /api/orders/21 -> 200 (17 ms) user=parsan6347@gmail.com
2026-05-31 09:58:24.324 INFO  [http-nio-0.0.0.0-8080-exec-6] [8f2ae568-b0ea-40bc-b410-4f6e278ec5ba] p.e.config.RequestLoggingFilter - HTTP GET /api/cart/summary -> 200 (10 ms) user=parsan6347@gmail.com
2026-05-31 09:58:24.640 INFO  [http-nio-0.0.0.0-8080-exec-7] [cc9ec8e7-b888-490a-b60c-68934a5d44dc] p.e.config.RequestLoggingFilter - HTTP GET /api/notifications/unread-count -> 200 (8 ms) user=parsan6347@gmail.com
2026-05-31 09:58:24.642 INFO  [http-nio-0.0.0.0-8080-exec-8] [d6e8e22e-6c36-4fe1-a428-acaab1852f91] p.e.config.RequestLoggingFilter - HTTP GET /api/wishlist/count -> 200 (9 ms) user=parsan6347@gmail.com
2026-05-31 09:58:26.307 INFO  [http-nio-0.0.0.0-8080-exec-4] [f6e0f665-f221-48a9-92b7-ed707fdccf76] p.e.service.impl.OrderServiceImpl - Order fulfilled orderId=21 userId=2 total=49.67 itemCount=1
2026-05-31 09:58:26.372 ERROR [http-nio-0.0.0.0-8080-exec-4] [f6e0f665-f221-48a9-92b7-ed707fdccf76] p.e.service.impl.EmailServiceImpl - Failed to send email to parsan6347@gmail.com (order confirmation #21)
org.springframework.mail.MailSendException: Mail server connection failed. Failed messages: org.eclipse.angus.mail.util.MailConnectException: Couldn't connect to host, port: localhost, 1025; timeout -1;
  nested exception is:
	java.net.ConnectException: Connection refused: connect; message exceptions (1) are:
Failed message 1: org.eclipse.angus.mail.util.MailConnectException: Couldn't connect to host, port: localhost, 1025; timeout -1;
  nested exception is:
	java.net.ConnectException: Connection refused: connect
	at org.springframework.mail.javamail.JavaMailSenderImpl.doSend(JavaMailSenderImpl.java:397)
	at org.springframework.mail.javamail.JavaMailSenderImpl.send(JavaMailSenderImpl.java:337)
	at org.springframework.mail.javamail.JavaMailSender.send(JavaMailSender.java:101)
	at personal.ecommercebackend.service.impl.EmailServiceImpl.sendHtml(EmailServiceImpl.java:132)
	at personal.ecommercebackend.service.impl.EmailServiceImpl.sendOrderConfirmation(EmailServiceImpl.java:47)
	at java.base/jdk.internal.reflect.DirectMethodHandleAccessor.invoke(DirectMethodHandleAccessor.java:104)
	at java.base/java.lang.reflect.Method.invoke(Method.java:578)
	at org.springframework.aop.support.AopUtils.invokeJoinpointUsingReflection(AopUtils.java:359)
	at org.springframework.aop.framework.ReflectiveMethodInvocation.invokeJoinpoint(ReflectiveMethodInvocation.java:190)
	at org.springframework.aop.framework.ReflectiveMethodInvocation.proceed(ReflectiveMethodInvocation.java:158)
	at org.springframework.aop.aspectj.MethodInvocationProceedingJoinPoint.proceed(MethodInvocationProceedingJoinPoint.java:82)
	at personal.ecommercebackend.config.LoggingAspect.logExecution(LoggingAspect.java:37)
	at personal.ecommercebackend.config.LoggingAspect.logService(LoggingAspect.java:20)
	at java.base/jdk.internal.reflect.DirectMethodHandleAccessor.invoke(DirectMethodHandleAccessor.java:104)
	at java.base/java.lang.reflect.Method.invoke(Method.java:578)
	at org.springframework.aop.aspectj.AbstractAspectJAdvice.invokeAdviceMethodWithGivenArgs(AbstractAspectJAdvice.java:648)
	at org.springframework.aop.aspectj.AbstractAspectJAdvice.invokeAdviceMethod(AbstractAspectJAdvice.java:630)
	at org.springframework.aop.aspectj.AspectJAroundAdvice.invoke(AspectJAroundAdvice.java:70)
	at org.springframework.aop.framework.ReflectiveMethodInvocation.proceed(ReflectiveMethodInvocation.java:179)
	at org.springframework.aop.interceptor.ExposeInvocationInterceptor.invoke(ExposeInvocationInterceptor.java:96)
	at org.springframework.aop.framework.ReflectiveMethodInvocation.proceed(ReflectiveMethodInvocation.java:179)
	at org.springframework.aop.framework.CglibAopProxy$DynamicAdvisedInterceptor.intercept(CglibAopProxy.java:719)
	at personal.ecommercebackend.service.impl.EmailServiceImpl$$SpringCGLIB$$0.sendOrderConfirmation(<generated>)
	at personal.ecommercebackend.service.impl.OrderServiceImpl.fulfillPaidOrder(OrderServiceImpl.java:218)
	at personal.ecommercebackend.service.impl.OrderServiceImpl.confirmPayment(OrderServiceImpl.java:167)
	at java.base/jdk.internal.reflect.DirectMethodHandleAccessor.invoke(DirectMethodHandleAccessor.java:104)
	at java.base/java.lang.reflect.Method.invoke(Method.java:578)
	at org.springframework.aop.support.AopUtils.invokeJoinpointUsingReflection(AopUtils.java:359)
	at org.springframework.aop.framework.ReflectiveMethodInvocation.invokeJoinpoint(ReflectiveMethodInvocation.java:190)
	at org.springframework.aop.framework.ReflectiveMethodInvocation.proceed(ReflectiveMethodInvocation.java:158)
	at org.springframework.aop.aspectj.MethodInvocationProceedingJoinPoint.proceed(MethodInvocationProceedingJoinPoint.java:82)
	at personal.ecommercebackend.config.LoggingAspect.logExecution(LoggingAspect.java:37)
	at personal.ecommercebackend.config.LoggingAspect.logService(LoggingAspect.java:20)
	at java.base/jdk.internal.reflect.DirectMethodHandleAccessor.invoke(DirectMethodHandleAccessor.java:104)
	at java.base/java.lang.reflect.Method.invoke(Method.java:578)
	at org.springframework.aop.aspectj.AbstractAspectJAdvice.invokeAdviceMethodWithGivenArgs(AbstractAspectJAdvice.java:648)
	at org.springframework.aop.aspectj.AbstractAspectJAdvice.invokeAdviceMethod(AbstractAspectJAdvice.java:630)
	at org.springframework.aop.aspectj.AspectJAroundAdvice.invoke(AspectJAroundAdvice.java:70)
	at org.springframework.aop.framework.ReflectiveMethodInvocation.proceed(ReflectiveMethodInvocation.java:179)
	at org.springframework.transaction.interceptor.TransactionInterceptor$1.proceedWithInvocation(TransactionInterceptor.java:133)
	at org.springframework.transaction.interceptor.TransactionAspectSupport.invokeWithinTransaction(TransactionAspectSupport.java:371)
	at org.springframework.transaction.interceptor.TransactionInterceptor.invoke(TransactionInterceptor.java:130)
	at org.springframework.aop.framework.ReflectiveMethodInvocation.proceed(ReflectiveMethodInvocation.java:179)
	at org.springframework.aop.interceptor.ExposeInvocationInterceptor.invoke(ExposeInvocationInterceptor.java:96)
	at org.springframework.aop.framework.ReflectiveMethodInvocation.proceed(ReflectiveMethodInvocation.java:179)
	at org.springframework.aop.framework.CglibAopProxy$DynamicAdvisedInterceptor.intercept(CglibAopProxy.java:719)
	at personal.ecommercebackend.service.impl.OrderServiceImpl$$SpringCGLIB$$0.confirmPayment(<generated>)
	at personal.ecommercebackend.controller.OrderController.confirmPayment(OrderController.java:39)
	at java.base/jdk.internal.reflect.DirectMethodHandleAccessor.invoke(DirectMethodHandleAccessor.java:104)
	at java.base/java.lang.reflect.Method.invoke(Method.java:578)
	at org.springframework.aop.support.AopUtils.invokeJoinpointUsingReflection(AopUtils.java:359)
	at org.springframework.aop.framework.ReflectiveMethodInvocation.invokeJoinpoint(ReflectiveMethodInvocation.java:190)
	at org.springframework.aop.framework.ReflectiveMethodInvocation.proceed(ReflectiveMethodInvocation.java:158)
	at org.springframework.aop.aspectj.MethodInvocationProceedingJoinPoint.proceed(MethodInvocationProceedingJoinPoint.java:82)
	at personal.ecommercebackend.config.LoggingAspect.logExecution(LoggingAspect.java:37)
	at personal.ecommercebackend.config.LoggingAspect.logController(LoggingAspect.java:25)
	at java.base/jdk.internal.reflect.DirectMethodHandleAccessor.invoke(DirectMethodHandleAccessor.java:104)
	at java.base/java.lang.reflect.Method.invoke(Method.java:578)
	at org.springframework.aop.aspectj.AbstractAspectJAdvice.invokeAdviceMethodWithGivenArgs(AbstractAspectJAdvice.java:648)
	at org.springframework.aop.aspectj.AbstractAspectJAdvice.invokeAdviceMethod(AbstractAspectJAdvice.java:630)
	at org.springframework.aop.aspectj.AspectJAroundAdvice.invoke(AspectJAroundAdvice.java:70)
	at org.springframework.aop.framework.ReflectiveMethodInvocation.proceed(ReflectiveMethodInvocation.java:179)
	at org.springframework.aop.interceptor.ExposeInvocationInterceptor.invoke(ExposeInvocationInterceptor.java:96)
	at org.springframework.aop.framework.ReflectiveMethodInvocation.proceed(ReflectiveMethodInvocation.java:179)
	at org.springframework.aop.framework.CglibAopProxy$DynamicAdvisedInterceptor.intercept(CglibAopProxy.java:719)
	at personal.ecommercebackend.controller.OrderController$$SpringCGLIB$$0.confirmPayment(<generated>)
	at java.base/jdk.internal.reflect.DirectMethodHandleAccessor.invoke(DirectMethodHandleAccessor.java:104)
	at java.base/java.lang.reflect.Method.invoke(Method.java:578)
	at org.springframework.web.method.support.InvocableHandlerMethod.doInvoke(InvocableHandlerMethod.java:252)
	at org.springframework.web.method.support.InvocableHandlerMethod.invokeForRequest(InvocableHandlerMethod.java:184)
	at org.springframework.web.servlet.mvc.method.annotation.ServletInvocableHandlerMethod.invokeAndHandle(ServletInvocableHandlerMethod.java:117)
	at org.springframework.web.servlet.mvc.method.annotation.RequestMappingHandlerAdapter.invokeHandlerMethod(RequestMappingHandlerAdapter.java:934)
	at org.springframework.web.servlet.mvc.method.annotation.RequestMappingHandlerAdapter.handleInternal(RequestMappingHandlerAdapter.java:853)
	at org.springframework.web.servlet.mvc.method.AbstractHandlerMethodAdapter.handle(AbstractHandlerMethodAdapter.java:86)
	at org.springframework.web.servlet.DispatcherServlet.doDispatch(DispatcherServlet.java:963)
	at org.springframework.web.servlet.DispatcherServlet.doService(DispatcherServlet.java:866)
	at org.springframework.web.servlet.FrameworkServlet.processRequest(FrameworkServlet.java:1000)
	at org.springframework.web.servlet.FrameworkServlet.doPost(FrameworkServlet.java:903)
	at jakarta.servlet.http.HttpServlet.service(HttpServlet.java:649)
	at org.springframework.web.servlet.FrameworkServlet.service(FrameworkServlet.java:874)
	at jakarta.servlet.http.HttpServlet.service(HttpServlet.java:710)
	at org.apache.catalina.core.ApplicationFilterChain.doFilter(ApplicationFilterChain.java:128)
	at org.apache.tomcat.websocket.server.WsFilter.doFilter(WsFilter.java:53)
	at org.apache.catalina.core.ApplicationFilterChain.doFilter(ApplicationFilterChain.java:107)
	at org.springframework.web.filter.OncePerRequestFilter.doFilter(OncePerRequestFilter.java:110)
	at org.apache.catalina.core.ApplicationFilterChain.doFilter(ApplicationFilterChain.java:107)
	at personal.ecommercebackend.config.RequestLoggingFilter.doFilterInternal(RequestLoggingFilter.java:38)
	at org.springframework.web.filter.OncePerRequestFilter.doFilter(OncePerRequestFilter.java:116)
	at org.apache.catalina.core.ApplicationFilterChain.doFilter(ApplicationFilterChain.java:107)
	at personal.ecommercebackend.config.AuthRateLimitFilter.doFilterInternal(AuthRateLimitFilter.java:36)
	at org.springframework.web.filter.OncePerRequestFilter.doFilter(OncePerRequestFilter.java:116)
	at org.apache.catalina.core.ApplicationFilterChain.doFilter(ApplicationFilterChain.java:107)
	at org.springframework.web.filter.CompositeFilter$VirtualFilterChain.doFilter(CompositeFilter.java:108)
	at org.springframework.security.web.FilterChainProxy.lambda$doFilterInternal$3(FilterChainProxy.java:235)
	at org.springframework.security.web.ObservationFilterChainDecorator$FilterObservation$SimpleFilterObservation.lambda$wrap$1(ObservationFilterChainDecorator.java:493)
	at org.springframework.security.web.ObservationFilterChainDecorator$AroundFilterObservation$SimpleAroundFilterObservation.lambda$wrap$1(ObservationFilterChainDecorator.java:354)
	at org.springframework.security.web.ObservationFilterChainDecorator.lambda$wrapSecured$0(ObservationFilterChainDecorator.java:86)
	at org.springframework.security.web.ObservationFilterChainDecorator$VirtualFilterChain.doFilter(ObservationFilterChainDecorator.java:132)
	at org.springframework.security.web.access.intercept.AuthorizationFilter.doFilter(AuthorizationFilter.java:101)
	at org.springframework.security.web.ObservationFilterChainDecorator$ObservationFilter.wrapFilter(ObservationFilterChainDecorator.java:244)
	at org.springframework.security.web.ObservationFilterChainDecorator$ObservationFilter.doFilter(ObservationFilterChainDecorator.java:231)
	at org.springframework.security.web.ObservationFilterChainDecorator$VirtualFilterChain.doFilter(ObservationFilterChainDecorator.java:141)
	at org.springframework.security.web.access.ExceptionTranslationFilter.doFilter(ExceptionTranslationFilter.java:126)
	at org.springframework.security.web.access.ExceptionTranslationFilter.doFilter(ExceptionTranslationFilter.java:120)
	at org.springframework.security.web.ObservationFilterChainDecorator$ObservationFilter.wrapFilter(ObservationFilterChainDecorator.java:244)
	at org.springframework.security.web.ObservationFilterChainDecorator$ObservationFilter.doFilter(ObservationFilterChainDecorator.java:231)
	at org.springframework.security.web.ObservationFilterChainDecorator$VirtualFilterChain.doFilter(ObservationFilterChainDecorator.java:141)
	at org.springframework.security.web.session.SessionManagementFilter.doFilter(SessionManagementFilter.java:132)
	at org.springframework.security.web.session.SessionManagementFilter.doFilter(SessionManagementFilter.java:86)
	at org.springframework.security.web.ObservationFilterChainDecorator$ObservationFilter.wrapFilter(ObservationFilterChainDecorator.java:244)
	at org.springframework.security.web.ObservationFilterChainDecorator$ObservationFilter.doFilter(ObservationFilterChainDecorator.java:231)
	at org.springframework.security.web.ObservationFilterChainDecorator$VirtualFilterChain.doFilter(ObservationFilterChainDecorator.java:141)
	at org.springframework.security.web.authentication.AnonymousAuthenticationFilter.doFilter(AnonymousAuthenticationFilter.java:100)
	at org.springframework.security.web.ObservationFilterChainDecorator$ObservationFilter.wrapFilter(ObservationFilterChainDecorator.java:244)
	at org.springframework.security.web.ObservationFilterChainDecorator$ObservationFilter.doFilter(ObservationFilterChainDecorator.java:231)
	at org.springframework.security.web.ObservationFilterChainDecorator$VirtualFilterChain.doFilter(ObservationFilterChainDecorator.java:141)
	at org.springframework.security.web.servletapi.SecurityContextHolderAwareRequestFilter.doFilter(SecurityContextHolderAwareRequestFilter.java:181)
	at org.springframework.security.web.ObservationFilterChainDecorator$ObservationFilter.wrapFilter(ObservationFilterChainDecorator.java:244)
	at org.springframework.security.web.ObservationFilterChainDecorator$ObservationFilter.doFilter(ObservationFilterChainDecorator.java:231)
	at org.springframework.security.web.ObservationFilterChainDecorator$VirtualFilterChain.doFilter(ObservationFilterChainDecorator.java:141)
	at org.springframework.security.web.savedrequest.RequestCacheAwareFilter.doFilter(RequestCacheAwareFilter.java:63)
	at org.springframework.security.web.ObservationFilterChainDecorator$ObservationFilter.wrapFilter(ObservationFilterChainDecorator.java:244)
	at org.springframework.security.web.ObservationFilterChainDecorator$ObservationFilter.doFilter(ObservationFilterChainDecorator.java:231)
	at org.springframework.security.web.ObservationFilterChainDecorator$VirtualFilterChain.doFilter(ObservationFilterChainDecorator.java:141)
	at personal.ecommercebackend.security.JwtAuthenticationFilter.doFilterInternal(JwtAuthenticationFilter.java:53)
	at org.springframework.web.filter.OncePerRequestFilter.doFilter(OncePerRequestFilter.java:116)
	at org.springframework.security.web.ObservationFilterChainDecorator$ObservationFilter.wrapFilter(ObservationFilterChainDecorator.java:244)
	at org.springframework.security.web.ObservationFilterChainDecorator$ObservationFilter.doFilter(ObservationFilterChainDecorator.java:231)
	at org.springframework.security.web.ObservationFilterChainDecorator$VirtualFilterChain.doFilter(ObservationFilterChainDecorator.java:141)
	at org.springframework.security.web.authentication.logout.LogoutFilter.doFilter(LogoutFilter.java:110)
	at org.springframework.security.web.authentication.logout.LogoutFilter.doFilter(LogoutFilter.java:96)
	at org.springframework.security.web.ObservationFilterChainDecorator$ObservationFilter.wrapFilter(ObservationFilterChainDecorator.java:244)
	at org.springframework.security.web.ObservationFilterChainDecorator$ObservationFilter.doFilter(ObservationFilterChainDecorator.java:231)
	at org.springframework.security.web.ObservationFilterChainDecorator$VirtualFilterChain.doFilter(ObservationFilterChainDecorator.java:141)
	at org.springframework.security.web.header.HeaderWriterFilter.doHeadersAfter(HeaderWriterFilter.java:90)
	at org.springframework.security.web.header.HeaderWriterFilter.doFilterInternal(HeaderWriterFilter.java:75)
	at org.springframework.web.filter.OncePerRequestFilter.doFilter(OncePerRequestFilter.java:116)
	at org.springframework.security.web.ObservationFilterChainDecorator$ObservationFilter.wrapFilter(ObservationFilterChainDecorator.java:244)
	at org.springframework.security.web.ObservationFilterChainDecorator$ObservationFilter.doFilter(ObservationFilterChainDecorator.java:231)
	at org.springframework.security.web.ObservationFilterChainDecorator$VirtualFilterChain.doFilter(ObservationFilterChainDecorator.java:141)
	at org.springframework.security.web.context.SecurityContextHolderFilter.doFilter(SecurityContextHolderFilter.java:82)
	at org.springframework.security.web.context.SecurityContextHolderFilter.doFilter(SecurityContextHolderFilter.java:69)
	at org.springframework.security.web.ObservationFilterChainDecorator$ObservationFilter.wrapFilter(ObservationFilterChainDecorator.java:244)
	at org.springframework.security.web.ObservationFilterChainDecorator$ObservationFilter.doFilter(ObservationFilterChainDecorator.java:231)
	at org.springframework.security.web.ObservationFilterChainDecorator$VirtualFilterChain.doFilter(ObservationFilterChainDecorator.java:141)
	at org.springframework.security.web.context.request.async.WebAsyncManagerIntegrationFilter.doFilterInternal(WebAsyncManagerIntegrationFilter.java:62)
	at org.springframework.web.filter.OncePerRequestFilter.doFilter(OncePerRequestFilter.java:116)
	at org.springframework.security.web.ObservationFilterChainDecorator$ObservationFilter.wrapFilter(ObservationFilterChainDecorator.java:244)
	at org.springframework.security.web.ObservationFilterChainDecorator$ObservationFilter.doFilter(ObservationFilterChainDecorator.java:231)
	at org.springframework.security.web.ObservationFilterChainDecorator$VirtualFilterChain.doFilter(ObservationFilterChainDecorator.java:141)
	at org.springframework.security.web.session.DisableEncodeUrlFilter.doFilterInternal(DisableEncodeUrlFilter.java:42)
	at org.springframework.web.filter.OncePerRequestFilter.doFilter(OncePerRequestFilter.java:116)
	at org.springframework.security.web.ObservationFilterChainDecorator$ObservationFilter.wrapFilter(ObservationFilterChainDecorator.java:244)
	at org.springframework.security.web.ObservationFilterChainDecorator$AroundFilterObservation$SimpleAroundFilterObservation.lambda$wrap$0(ObservationFilterChainDecorator.java:337)
	at org.springframework.security.web.ObservationFilterChainDecorator$ObservationFilter.doFilter(ObservationFilterChainDecorator.java:228)
	at org.springframework.security.web.ObservationFilterChainDecorator$VirtualFilterChain.doFilter(ObservationFilterChainDecorator.java:141)
	at org.springframework.security.web.FilterChainProxy.doFilterInternal(FilterChainProxy.java:237)
	at org.springframework.security.web.FilterChainProxy.doFilter(FilterChainProxy.java:195)
	at org.springframework.web.filter.CompositeFilter$VirtualFilterChain.doFilter(CompositeFilter.java:113)
	at org.springframework.web.filter.ServletRequestPathFilter.doFilter(ServletRequestPathFilter.java:52)
	at org.springframework.web.filter.CompositeFilter$VirtualFilterChain.doFilter(CompositeFilter.java:113)
	at org.springframework.web.filter.CompositeFilter.doFilter(CompositeFilter.java:74)
	at org.springframework.security.config.annotation.web.configuration.WebSecurityConfiguration$CompositeFilterChainProxy.doFilter(WebSecurityConfiguration.java:317)
	at org.springframework.web.filter.DelegatingFilterProxy.invokeDelegate(DelegatingFilterProxy.java:355)
	at org.springframework.web.filter.DelegatingFilterProxy.doFilter(DelegatingFilterProxy.java:272)
	at org.apache.catalina.core.ApplicationFilterChain.doFilter(ApplicationFilterChain.java:107)
	at org.springframework.web.filter.RequestContextFilter.doFilterInternal(RequestContextFilter.java:100)
	at org.springframework.web.filter.OncePerRequestFilter.doFilter(OncePerRequestFilter.java:116)
	at org.apache.catalina.core.ApplicationFilterChain.doFilter(ApplicationFilterChain.java:107)
	at org.springframework.web.filter.FormContentFilter.doFilterInternal(FormContentFilter.java:93)
	at org.springframework.web.filter.OncePerRequestFilter.doFilter(OncePerRequestFilter.java:116)
	at org.apache.catalina.core.ApplicationFilterChain.doFilter(ApplicationFilterChain.java:107)
	at org.springframework.web.filter.ServerHttpObservationFilter.doFilterInternal(ServerHttpObservationFilter.java:110)
	at org.springframework.web.filter.OncePerRequestFilter.doFilter(OncePerRequestFilter.java:116)
	at org.apache.catalina.core.ApplicationFilterChain.doFilter(ApplicationFilterChain.java:107)
	at org.springframework.web.filter.CharacterEncodingFilter.doFilterInternal(CharacterEncodingFilter.java:199)
	at org.springframework.web.filter.OncePerRequestFilter.doFilter(OncePerRequestFilter.java:116)
	at org.apache.catalina.core.ApplicationFilterChain.doFilter(ApplicationFilterChain.java:107)
	at org.apache.catalina.core.StandardWrapperValve.invoke(StandardWrapperValve.java:165)
	at org.apache.catalina.core.StandardContextValve.invoke(StandardContextValve.java:77)
	at org.apache.catalina.authenticator.AuthenticatorBase.invoke(AuthenticatorBase.java:492)
	at org.apache.catalina.core.StandardHostValve.invoke(StandardHostValve.java:113)
	at org.apache.catalina.valves.ErrorReportValve.invoke(ErrorReportValve.java:83)
	at org.apache.catalina.core.StandardEngineValve.invoke(StandardEngineValve.java:72)
	at org.apache.catalina.connector.CoyoteAdapter.service(CoyoteAdapter.java:341)
	at org.apache.coyote.http11.Http11Processor.service(Http11Processor.java:397)
	at org.apache.coyote.AbstractProcessorLight.process(AbstractProcessorLight.java:63)
	at org.apache.coyote.AbstractProtocol$ConnectionHandler.process(AbstractProtocol.java:903)
	at org.apache.tomcat.util.net.NioEndpoint$SocketProcessor.doRun(NioEndpoint.java:1801)
	at org.apache.tomcat.util.net.SocketProcessorBase.run(SocketProcessorBase.java:52)
	at org.apache.tomcat.util.threads.ThreadPoolExecutor.runWorker(ThreadPoolExecutor.java:946)
	at org.apache.tomcat.util.threads.ThreadPoolExecutor$Worker.run(ThreadPoolExecutor.java:480)
	at org.apache.tomcat.util.threads.TaskThread$WrappingRunnable.run(TaskThread.java:57)
	at java.base/java.lang.Thread.run(Thread.java:1589)
Caused by: org.eclipse.angus.mail.util.MailConnectException: Couldn't connect to host, port: localhost, 1025; timeout -1;
  nested exception is:
	java.net.ConnectException: Connection refused: connect
	at org.eclipse.angus.mail.smtp.SMTPTransport.openServer(SMTPTransport.java:2243)
	at org.eclipse.angus.mail.smtp.SMTPTransport.protocolConnect(SMTPTransport.java:729)
	at jakarta.mail.Service.connect(Service.java:345)
	at org.springframework.mail.javamail.JavaMailSenderImpl.connectTransport(JavaMailSenderImpl.java:467)
	at org.springframework.mail.javamail.JavaMailSenderImpl.doSend(JavaMailSenderImpl.java:386)
	... 193 common frames omitted
Caused by: java.net.ConnectException: Connection refused: connect
	at java.base/sun.nio.ch.Net.connect0(Native Method)
	at java.base/sun.nio.ch.Net.connect(Net.java:579)
	at java.base/sun.nio.ch.Net.connect(Net.java:568)
	at java.base/sun.nio.ch.NioSocketImpl.connect(NioSocketImpl.java:576)
	at java.base/java.net.SocksSocketImpl.connect(SocksSocketImpl.java:327)
	at java.base/java.net.Socket.connect(Socket.java:666)
	at java.base/java.net.Socket.connect(Socket.java:600)
	at org.eclipse.angus.mail.util.SocketFetcher.createSocket(SocketFetcher.java:368)
	at org.eclipse.angus.mail.util.SocketFetcher.getSocket(SocketFetcher.java:243)
	at org.eclipse.angus.mail.smtp.SMTPTransport.openServer(SMTPTransport.java:2193)
	... 197 common frames omitted
2026-05-31 09:58:26.375 WARN  [http-nio-0.0.0.0-8080-exec-4] [f6e0f665-f221-48a9-92b7-ed707fdccf76] p.e.config.LoggingAspect - SERVICE EmailServiceImpl.sendOrderConfirmation - failed (68 ms): Failed to send email
2026-05-31 09:58:26.410 INFO  [http-nio-0.0.0.0-8080-exec-4] [f6e0f665-f221-48a9-92b7-ed707fdccf76] p.e.config.RequestLoggingFilter - HTTP POST /api/orders/21/confirm-payment -> 200 (188 ms) user=parsan6347@gmail.com
2026-05-31 09:58:26.504 INFO  [http-nio-0.0.0.0-8080-exec-9] [30405efb-9c86-4f7b-a7d9-84176786741b] p.e.config.RequestLoggingFilter - HTTP GET /api/cart/summary -> 200 (11 ms) user=parsan6347@gmail.com
2026-05-31 09:58:26.757 INFO  [http-nio-0.0.0.0-8080-exec-10] [21c115ea-4044-4715-b0d5-8c4fc46fecaa] p.e.config.RequestLoggingFilter - HTTP GET /api/wishlist/count -> 200 (8 ms) user=parsan6347@gmail.com
2026-05-31 09:58:26.806 INFO  [http-nio-0.0.0.0-8080-exec-1] [1a14c415-de4a-40fa-b16d-341fce2bd1ca] p.e.config.RequestLoggingFilter - HTTP GET /api/notifications/unread-count -> 200 (8 ms) user=parsan6347@gmail.com
2026-05-31 09:58:26.817 INFO  [http-nio-0.0.0.0-8080-exec-5] [c23edb42-6cd1-4766-875f-741a3da90681] p.e.config.RequestLoggingFilter - HTTP GET /api/orders/21 -> 200 (19 ms) user=parsan6347@gmail.com
2026-05-31 09:58:26.961 INFO  [http-nio-0.0.0.0-8080-exec-3] [15710ea2-335e-4429-9a5a-34a4199cb731] p.e.config.RequestLoggingFilter - HTTP GET /api/wishlist/count -> 200 (10 ms) user=parsan6347@gmail.com
2026-05-31 09:58:26.966 INFO  [http-nio-0.0.0.0-8080-exec-2] [9ae659ee-0884-4110-b48e-c5511281070d] p.e.config.RequestLoggingFilter - HTTP GET /api/cart/summary -> 200 (15 ms) user=parsan6347@gmail.com
2026-05-31 09:58:27.255 INFO  [http-nio-0.0.0.0-8080-exec-6] [254a33de-d656-4001-9c6e-d66058781ed7] p.e.config.RequestLoggingFilter - HTTP GET /api/notifications/unread-count -> 200 (6 ms) user=parsan6347@gmail.com
2026-05-31 09:58:31.189 INFO  [http-nio-0.0.0.0-8080-exec-8] [e6eedb08-169b-4c63-a7ca-a05808e9a864] p.e.config.RequestLoggingFilter - HTTP GET /api/wishlist/count -> 200 (7 ms) user=parsan6347@gmail.com
2026-05-31 09:58:31.189 INFO  [http-nio-0.0.0.0-8080-exec-4] [028a91ea-4df0-4d3e-95b9-55b3208619c5] p.e.config.RequestLoggingFilter - HTTP GET /api/notifications/unread-count -> 200 (7 ms) user=parsan6347@gmail.com
2026-05-31 09:58:31.195 INFO  [http-nio-0.0.0.0-8080-exec-7] [795b8c9b-11fa-4fcd-90bd-f665b49a3972] p.e.config.RequestLoggingFilter - HTTP GET /api/cart/summary -> 200 (13 ms) user=parsan6347@gmail.com
2026-05-31 09:58:44.515 INFO  [http-nio-0.0.0.0-8080-exec-9] [c6168169-7bc1-46d3-b711-05d47294a5f4] p.e.config.RequestLoggingFilter - HTTP GET /api/notifications?page=0&size=5 -> 200 (36 ms) user=parsan6347@gmail.com
2026-05-31 09:58:46.109 INFO  [http-nio-0.0.0.0-8080-exec-10] [6ca3ab67-32bb-4c12-84e7-aba15329cfd6] p.e.config.RequestLoggingFilter - HTTP GET /api/notifications?page=0&size=5 -> 200 (15 ms) user=parsan6347@gmail.com
2026-05-31 09:58:50.044 INFO  [http-nio-0.0.0.0-8080-exec-1] [55b5b4b1-8f48-4feb-84c2-6c6a9d9ac602] p.e.config.RequestLoggingFilter - HTTP GET /api/notifications?page=1&size=5 -> 200 (14 ms) user=parsan6347@gmail.com
2026-05-31 09:58:53.523 INFO  [http-nio-0.0.0.0-8080-exec-5] [71450b8a-893e-407a-864e-4c7560e9096d] p.e.config.RequestLoggingFilter - HTTP GET /api/notifications?page=0&size=5 -> 200 (14 ms) user=parsan6347@gmail.com
2026-05-31 09:58:58.291 INFO  [http-nio-0.0.0.0-8080-exec-3] [82bb27aa-502d-4a0d-a671-c4003f92f162] p.e.config.RequestLoggingFilter - HTTP GET /api/notifications?page=1&size=5 -> 200 (15 ms) user=parsan6347@gmail.com
2026-05-31 09:59:01.186 INFO  [http-nio-0.0.0.0-8080-exec-6] [834549e2-55cc-468d-998d-8ae0d23277e2] p.e.config.RequestLoggingFilter - HTTP GET /api/wishlist/count -> 200 (7 ms) user=parsan6347@gmail.com
2026-05-31 09:59:01.186 INFO  [http-nio-0.0.0.0-8080-exec-8] [4aa30ce3-f58b-443d-8b9c-88f7c6d04d9d] p.e.config.RequestLoggingFilter - HTTP GET /api/notifications/unread-count -> 200 (7 ms) user=parsan6347@gmail.com
2026-05-31 09:59:01.192 INFO  [http-nio-0.0.0.0-8080-exec-2] [49e5bc6b-04f0-4d2f-8a0a-cc5ee6680615] p.e.config.RequestLoggingFilter - HTTP GET /api/cart/summary -> 200 (13 ms) user=parsan6347@gmail.com
2026-05-31 09:59:02.846 INFO  [http-nio-0.0.0.0-8080-exec-4] [04e78932-85ee-4f30-a293-2fbddc3f3ce2] p.e.config.RequestLoggingFilter - HTTP PATCH /api/notifications/read-all -> 200 (28 ms) user=parsan6347@gmail.com
2026-05-31 09:59:06.628 INFO  [http-nio-0.0.0.0-8080-exec-7] [d933ea2e-5dff-4d9b-9d34-9eff758b6253] p.e.config.RequestLoggingFilter - HTTP GET /api/notifications?page=0&size=5 -> 200 (20 ms) user=parsan6347@gmail.com
2026-05-31 09:59:09.753 INFO  [http-nio-0.0.0.0-8080-exec-9] [b00dda67-25e4-425e-b677-894948dd6df0] p.e.config.RequestLoggingFilter - HTTP DELETE /api/notifications -> 200 (39 ms) user=parsan6347@gmail.com
2026-05-31 09:59:16.529 INFO  [http-nio-0.0.0.0-8080-exec-10] [3637cc24-1d94-430d-b93c-8ca67ae53826] p.e.config.RequestLoggingFilter - HTTP GET /api/cart/summary -> 200 (11 ms) user=parsan6347@gmail.com
2026-05-31 09:59:16.694 INFO  [http-nio-0.0.0.0-8080-exec-5] [ad9e8ab5-1129-4b9c-a324-0edb60514e5b] p.e.config.RequestLoggingFilter - HTTP GET /api/notifications/unread-count -> 200 (9 ms) user=parsan6347@gmail.com
2026-05-31 09:59:16.694 INFO  [http-nio-0.0.0.0-8080-exec-1] [8ab2d2cd-dec5-4989-82fe-41efb45f9cfd] p.e.config.RequestLoggingFilter - HTTP GET /api/wishlist/count -> 200 (8 ms) user=parsan6347@gmail.com
2026-05-31 09:59:16.701 INFO  [http-nio-0.0.0.0-8080-exec-3] [d911fba5-9bee-4c8a-99ad-02822827df26] p.e.config.RequestLoggingFilter - HTTP GET /api/shipping-addresses?page=0&size=10 -> 200 (15 ms) user=parsan6347@gmail.com
2026-05-31 09:59:25.015 INFO  [http-nio-0.0.0.0-8080-exec-8] [54493134-5fba-453e-a28e-da12300e29b8] p.e.service.impl.AuthServiceImpl - User profile updated userId=2
2026-05-31 09:59:25.029 INFO  [http-nio-0.0.0.0-8080-exec-8] [54493134-5fba-453e-a28e-da12300e29b8] p.e.config.RequestLoggingFilter - HTTP PATCH /api/auth/profile -> 200 (37 ms) user=parsan6347@gmail.com
2026-05-31 09:59:25.578 INFO  [http-nio-0.0.0.0-8080-exec-6] [c5535e03-9dd7-4384-940b-3e6079877b11] p.e.config.RequestLoggingFilter - HTTP GET /api/cart/summary -> 200 (13 ms) user=parsan6347@gmail.com
2026-05-31 09:59:25.874 INFO  [http-nio-0.0.0.0-8080-exec-4] [32d4b45f-5601-4ee5-9ed9-6f579dd2dc14] p.e.config.RequestLoggingFilter - HTTP GET /api/notifications/unread-count -> 200 (7 ms) user=parsan6347@gmail.com
2026-05-31 09:59:25.874 INFO  [http-nio-0.0.0.0-8080-exec-2] [d38dde47-c43d-4a59-8d2a-6047e541dd11] p.e.config.RequestLoggingFilter - HTTP GET /api/wishlist/count -> 200 (7 ms) user=parsan6347@gmail.com
2026-05-31 09:59:31.184 INFO  [http-nio-0.0.0.0-8080-exec-10] [1ee49114-4642-4c4f-857a-44c4dbea6e43] p.e.config.RequestLoggingFilter - HTTP GET /api/notifications/unread-count -> 200 (7 ms) user=parsan6347@gmail.com
2026-05-31 09:59:31.185 INFO  [http-nio-0.0.0.0-8080-exec-9] [cfcf1544-b738-44f7-b29f-ca3f100cf9aa] p.e.config.RequestLoggingFilter - HTTP GET /api/wishlist/count -> 200 (9 ms) user=parsan6347@gmail.com
2026-05-31 09:59:31.191 INFO  [http-nio-0.0.0.0-8080-exec-7] [6aac0852-30e7-48a0-82ac-4604dc311439] p.e.config.RequestLoggingFilter - HTTP GET /api/cart/summary -> 200 (11 ms) user=parsan6347@gmail.com
2026-05-31 09:59:40.859 WARN  [http-nio-0.0.0.0-8080-exec-5] [c0380a37-20ca-4bde-8c21-17aa23abe196] p.e.exception.GlobalExceptionHandler - Validation failed for shippingAddressRequest: {zipCode=must not be blank, country=must not be blank, city=must not be blank, street=must not be blank}
2026-05-31 09:59:40.862 INFO  [http-nio-0.0.0.0-8080-exec-5] [c0380a37-20ca-4bde-8c21-17aa23abe196] p.e.config.RequestLoggingFilter - HTTP POST /api/shipping-addresses -> 400 (59 ms) user=parsan6347@gmail.com
2026-05-31 10:00:01.182 INFO  [http-nio-0.0.0.0-8080-exec-8] [b1dd870d-0640-4251-8014-0d307c41df50] p.e.config.RequestLoggingFilter - HTTP GET /api/notifications/unread-count -> 200 (6 ms) user=parsan6347@gmail.com
2026-05-31 10:00:01.182 INFO  [http-nio-0.0.0.0-8080-exec-3] [3631d41e-2ad4-421e-96c9-aa1d9bc9d536] p.e.config.RequestLoggingFilter - HTTP GET /api/wishlist/count -> 200 (6 ms) user=parsan6347@gmail.com
2026-05-31 10:00:01.186 INFO  [http-nio-0.0.0.0-8080-exec-1] [9a51844f-b472-4946-9c82-d8851d899ce4] p.e.config.RequestLoggingFilter - HTTP GET /api/cart/summary -> 200 (10 ms) user=parsan6347@gmail.com
2026-05-31 10:00:30.876 INFO  [http-nio-0.0.0.0-8080-exec-6] [9c9ca817-c381-481d-b54b-d1680e7a7738] p.e.config.RequestLoggingFilter - HTTP GET /api/cart/summary -> 200 (8 ms) user=parsan6347@gmail.com
2026-05-31 10:00:31.180 INFO  [http-nio-0.0.0.0-8080-exec-4] [c06ebe2b-3c57-4818-9b83-121b370699a6] p.e.config.RequestLoggingFilter - HTTP GET /api/notifications/unread-count -> 200 (6 ms) user=parsan6347@gmail.com
2026-05-31 10:00:31.181 INFO  [http-nio-0.0.0.0-8080-exec-2] [f2f598c6-501a-4f7c-b54c-2e9e6bf56d4f] p.e.config.RequestLoggingFilter - HTTP GET /api/wishlist/count -> 200 (7 ms) user=parsan6347@gmail.com
2026-05-31 10:01:01.191 INFO  [http-nio-0.0.0.0-8080-exec-7] [7c3f973e-f2d5-41a4-9e3c-9a8c01bc3647] p.e.config.RequestLoggingFilter - HTTP GET /api/notifications/unread-count -> 200 (8 ms) user=parsan6347@gmail.com
2026-05-31 10:01:01.191 INFO  [http-nio-0.0.0.0-8080-exec-9] [3ce67f9f-5dd1-4689-92bf-8d7f4f2c9cd1] p.e.config.RequestLoggingFilter - HTTP GET /api/wishlist/count -> 200 (8 ms) user=parsan6347@gmail.com
2026-05-31 10:01:01.195 INFO  [http-nio-0.0.0.0-8080-exec-10] [798f0967-cf1b-4d2d-be72-470f6247ac90] p.e.config.RequestLoggingFilter - HTTP GET /api/cart/summary -> 200 (12 ms) user=parsan6347@gmail.com
2026-05-31 10:01:07.839 INFO  [http-nio-0.0.0.0-8080-exec-5] [e2ff37af-2cf2-419a-9436-6f46a71fdb9b] p.e.config.RequestLoggingFilter - HTTP GET /api/cart/summary -> 200 (12 ms) user=parsan6347@gmail.com
2026-05-31 10:01:08.141 INFO  [http-nio-0.0.0.0-8080-exec-8] [e7ad4a82-ff23-4702-b418-0c1ed19bff0f] p.e.config.RequestLoggingFilter - HTTP GET /api/wishlist/count -> 200 (7 ms) user=parsan6347@gmail.com
2026-05-31 10:01:08.143 INFO  [http-nio-0.0.0.0-8080-exec-3] [4dd89208-e945-43e7-aca5-bc24f0ae7066] p.e.config.RequestLoggingFilter - HTTP GET /api/notifications/unread-count -> 200 (6 ms) user=parsan6347@gmail.com
2026-05-31 10:01:13.158 INFO  [http-nio-0.0.0.0-8080-exec-1] [94f6847d-9173-421e-a51a-28c14a6aa7d7] p.e.config.RequestLoggingFilter - HTTP GET /api/auth/me -> 200 (9 ms) user=parsan6347@gmail.com
2026-05-31 10:01:13.536 INFO  [http-nio-0.0.0.0-8080-exec-4] [5dd89956-20cc-48b7-8d53-a99b36e4e2da] p.e.config.RequestLoggingFilter - HTTP GET /api/wishlist/count -> 200 (11 ms) user=parsan6347@gmail.com
2026-05-31 10:01:13.537 INFO  [http-nio-0.0.0.0-8080-exec-6] [12a3de01-7296-45c0-af1c-1d79f74a7bca] p.e.config.RequestLoggingFilter - HTTP GET /api/cart/summary -> 200 (13 ms) user=parsan6347@gmail.com
2026-05-31 10:01:13.537 INFO  [http-nio-0.0.0.0-8080-exec-2] [2b965457-b380-4c36-adcd-66c1ebe72c42] p.e.config.RequestLoggingFilter - HTTP GET /api/notifications/unread-count -> 200 (10 ms) user=parsan6347@gmail.com
2026-05-31 10:01:13.537 INFO  [http-nio-0.0.0.0-8080-exec-7] [9a8c55cb-4671-4101-8832-d639078cd42b] p.e.config.RequestLoggingFilter - HTTP GET /api/shipping-addresses?page=0&size=10 -> 200 (13 ms) user=parsan6347@gmail.com
2026-05-31 10:01:44.718 INFO  [http-nio-0.0.0.0-8080-exec-5] [f3ee75b2-9b44-4f86-9377-0697bf90df9f] p.e.config.RequestLoggingFilter - HTTP GET /api/notifications/unread-count -> 200 (10 ms) user=parsan6347@gmail.com
2026-05-31 10:01:44.719 INFO  [http-nio-0.0.0.0-8080-exec-9] [3367f70d-f913-4711-98ce-f4f4edfdd2f8] p.e.config.RequestLoggingFilter - HTTP GET /api/wishlist/count -> 200 (11 ms) user=parsan6347@gmail.com
2026-05-31 10:01:44.723 INFO  [http-nio-0.0.0.0-8080-exec-10] [af8481d0-3969-44b7-8c57-9d57129a8fc8] p.e.config.RequestLoggingFilter - HTTP GET /api/cart/summary -> 200 (15 ms) user=parsan6347@gmail.com
2026-05-31 10:01:58.638 INFO  [http-nio-0.0.0.0-8080-exec-8] [61d91d7f-5561-4d81-939b-098442f88496] p.e.config.RequestLoggingFilter - HTTP GET /api/cart/summary -> 200 (13 ms) user=parsan6347@gmail.com
2026-05-31 10:01:58.942 INFO  [http-nio-0.0.0.0-8080-exec-1] [759814e2-de5e-4348-9b2e-a385dd267eff] p.e.config.RequestLoggingFilter - HTTP GET /api/notifications/unread-count -> 200 (6 ms) user=parsan6347@gmail.com
2026-05-31 10:01:58.942 INFO  [http-nio-0.0.0.0-8080-exec-3] [f5b41112-8bb7-4f21-a990-d73189254cd1] p.e.config.RequestLoggingFilter - HTTP GET /api/wishlist/count -> 200 (6 ms) user=parsan6347@gmail.com
2026-05-31 10:01:58.945 INFO  [http-nio-0.0.0.0-8080-exec-6] [9d87cb24-c3c8-4282-97dc-559d442558da] p.e.config.RequestLoggingFilter - HTTP GET /api/notifications/unread-count -> 200 (7 ms) user=parsan6347@gmail.com
2026-05-31 10:01:58.945 INFO  [http-nio-0.0.0.0-8080-exec-2] [8b8dd021-23ad-4849-a5bc-b81ff0a39962] p.e.config.RequestLoggingFilter - HTTP GET /api/wishlist/count -> 200 (7 ms) user=parsan6347@gmail.com
2026-05-31 10:01:58.947 INFO  [http-nio-0.0.0.0-8080-exec-4] [4f0fc0a2-7749-4739-b1cd-a4144b659be5] p.e.config.RequestLoggingFilter - HTTP GET /api/cart/summary -> 200 (11 ms) user=parsan6347@gmail.com
2026-05-31 10:02:14.661 INFO  [http-nio-0.0.0.0-8080-exec-5] [8af0dde6-27db-420a-a463-e55bb5823835] p.e.config.RequestLoggingFilter - HTTP GET /api/wishlist/count -> 200 (8 ms) user=parsan6347@gmail.com
2026-05-31 10:02:14.661 INFO  [http-nio-0.0.0.0-8080-exec-9] [1efddec5-a6f9-4876-88be-f4dbe4d71225] p.e.config.RequestLoggingFilter - HTTP GET /api/notifications/unread-count -> 200 (8 ms) user=parsan6347@gmail.com
2026-05-31 10:02:14.666 INFO  [http-nio-0.0.0.0-8080-exec-7] [0a5d91d7-4f7d-4dc1-82ee-819e0f5bd18a] p.e.config.RequestLoggingFilter - HTTP GET /api/cart/summary -> 200 (13 ms) user=parsan6347@gmail.com
2026-05-31 10:02:44.356 INFO  [http-nio-0.0.0.0-8080-exec-10] [528ba0f0-50a3-4f56-94f6-96eec735b4ef] p.e.config.RequestLoggingFilter - HTTP GET /api/cart/summary -> 200 (11 ms) user=parsan6347@gmail.com
2026-05-31 10:02:44.653 INFO  [http-nio-0.0.0.0-8080-exec-8] [8debd83a-9b5c-4b99-a44b-e9836226bd8e] p.e.config.RequestLoggingFilter - HTTP GET /api/wishlist/count -> 200 (6 ms) user=parsan6347@gmail.com
2026-05-31 10:02:44.653 INFO  [http-nio-0.0.0.0-8080-exec-1] [8615842e-df10-46e6-b84c-50d833cb2a39] p.e.config.RequestLoggingFilter - HTTP GET /api/notifications/unread-count -> 200 (6 ms) user=parsan6347@gmail.com
2026-05-31 10:03:14.659 INFO  [http-nio-0.0.0.0-8080-exec-2] [a2d5e076-da1a-4771-9dff-0064ee7236ae] p.e.config.RequestLoggingFilter - HTTP GET /api/wishlist/count -> 200 (6 ms) user=parsan6347@gmail.com
2026-05-31 10:03:14.659 INFO  [http-nio-0.0.0.0-8080-exec-6] [2ba3c6a3-4fe6-42e2-af97-49c6722a7ef4] p.e.config.RequestLoggingFilter - HTTP GET /api/notifications/unread-count -> 200 (6 ms) user=parsan6347@gmail.com
2026-05-31 10:03:14.662 INFO  [http-nio-0.0.0.0-8080-exec-3] [56be5161-8ba8-430d-85ff-af36482bec07] p.e.config.RequestLoggingFilter - HTTP GET /api/cart/summary -> 200 (9 ms) user=parsan6347@gmail.com
2026-05-31 10:03:44.358 INFO  [http-nio-0.0.0.0-8080-exec-4] [20b9ba9a-7eb0-4e84-a473-946e0ba58ead] p.e.config.RequestLoggingFilter - HTTP GET /api/cart/summary -> 200 (13 ms) user=parsan6347@gmail.com
2026-05-31 10:03:44.662 INFO  [http-nio-0.0.0.0-8080-exec-5] [31fb80a1-8932-4133-acd5-497687749bbb] p.e.config.RequestLoggingFilter - HTTP GET /api/wishlist/count -> 200 (6 ms) user=parsan6347@gmail.com
2026-05-31 10:03:44.665 INFO  [http-nio-0.0.0.0-8080-exec-9] [0529631f-67a2-4e30-b7e6-2ab2da0fca1c] p.e.config.RequestLoggingFilter - HTTP GET /api/notifications/unread-count -> 200 (7 ms) user=parsan6347@gmail.com
2026-05-31 10:04:14.652 INFO  [http-nio-0.0.0.0-8080-exec-1] [b8614bec-0914-4983-9896-827a96dd5576] p.e.config.RequestLoggingFilter - HTTP GET /api/notifications/unread-count -> 200 (6 ms) user=parsan6347@gmail.com
2026-05-31 10:04:14.652 INFO  [http-nio-0.0.0.0-8080-exec-10] [883de238-be0f-4233-9d6d-5f70ec77b1fa] p.e.config.RequestLoggingFilter - HTTP GET /api/wishlist/count -> 200 (6 ms) user=parsan6347@gmail.com
2026-05-31 10:04:14.655 INFO  [http-nio-0.0.0.0-8080-exec-7] [23794995-a698-43e5-9dc3-54ead1b940ff] p.e.config.RequestLoggingFilter - HTTP GET /api/cart/summary -> 200 (9 ms) user=parsan6347@gmail.com
2026-05-31 10:04:44.358 INFO  [http-nio-0.0.0.0-8080-exec-8] [62f79756-5e1f-4879-8064-9341e1022e88] p.e.config.RequestLoggingFilter - HTTP GET /api/cart/summary -> 200 (10 ms) user=parsan6347@gmail.com
2026-05-31 10:04:44.656 INFO  [http-nio-0.0.0.0-8080-exec-2] [4b8719e5-4971-4827-840c-91834dba8512] p.e.config.RequestLoggingFilter - HTTP GET /api/wishlist/count -> 200 (7 ms) user=parsan6347@gmail.com
2026-05-31 10:04:44.656 INFO  [http-nio-0.0.0.0-8080-exec-6] [7fab891c-a212-4622-9cf0-6210160e2407] p.e.config.RequestLoggingFilter - HTTP GET /api/notifications/unread-count -> 200 (7 ms) user=parsan6347@gmail.com
2026-05-31 10:05:23.553 INFO  [http-nio-0.0.0.0-8080-exec-10] [2c33bcaa-f7b7-44ac-b5dd-9a55af579f54] p.e.config.RequestLoggingFilter - HTTP GET /api/notifications/unread-count -> 200 (7 ms) user=parsan6347@gmail.com
2026-05-31 10:05:23.553 INFO  [http-nio-0.0.0.0-8080-exec-1] [65fb93f5-9b46-4e4e-8a71-ecb41c6dbbac] p.e.config.RequestLoggingFilter - HTTP GET /api/wishlist/count -> 200 (7 ms) user=parsan6347@gmail.com
2026-05-31 10:05:23.553 INFO  [http-nio-0.0.0.0-8080-exec-5] [5db0dbbb-326d-4ccf-bc8a-972850cb9ccb] p.e.config.RequestLoggingFilter - HTTP GET /api/notifications/unread-count -> 200 (7 ms) user=parsan6347@gmail.com
2026-05-31 10:05:23.553 INFO  [http-nio-0.0.0.0-8080-exec-4] [07872232-003a-4810-b629-876dd7e72114] p.e.config.RequestLoggingFilter - HTTP GET /api/wishlist/count -> 200 (7 ms) user=parsan6347@gmail.com
2026-05-31 10:05:23.558 INFO  [http-nio-0.0.0.0-8080-exec-3] [e55e27fe-34eb-4ece-bff8-2dfb3c5dc35b] p.e.config.RequestLoggingFilter - HTTP GET /api/cart/summary -> 200 (12 ms) user=parsan6347@gmail.com
2026-05-31 10:05:23.558 INFO  [http-nio-0.0.0.0-8080-exec-9] [6d53fd66-c62f-4a05-a63a-266facaabdc2] p.e.config.RequestLoggingFilter - HTTP GET /api/cart/summary -> 200 (12 ms) user=parsan6347@gmail.com
2026-05-31 10:05:23.902 INFO  [http-nio-0.0.0.0-8080-exec-8] [f103d398-68f3-4d55-94b7-1e874fa4107d] p.e.config.RequestLoggingFilter - HTTP GET /api/wishlist/count -> 200 (9 ms) user=parsan6347@gmail.com
2026-05-31 10:05:23.902 INFO  [http-nio-0.0.0.0-8080-exec-6] [3d9fb090-4778-4a08-b6f7-011653b13c91] p.e.config.RequestLoggingFilter - HTTP GET /api/notifications/unread-count -> 200 (9 ms) user=parsan6347@gmail.com
2026-05-31 10:05:23.907 INFO  [http-nio-0.0.0.0-8080-exec-7] [507e8f21-421f-4b0e-af64-27e6f0c791a6] p.e.config.RequestLoggingFilter - HTTP GET /api/cart/summary -> 200 (14 ms) user=parsan6347@gmail.com
2026-05-31 10:05:44.666 INFO  [http-nio-0.0.0.0-8080-exec-1] [613ce7fc-901b-424e-8cb6-b793f76c4f00] p.e.config.RequestLoggingFilter - HTTP GET /api/wishlist/count -> 200 (6 ms) user=parsan6347@gmail.com
2026-05-31 10:05:44.666 INFO  [http-nio-0.0.0.0-8080-exec-4] [db4886fb-fd45-4db7-87bb-7b2a85f094df] p.e.config.RequestLoggingFilter - HTTP GET /api/notifications/unread-count -> 200 (6 ms) user=parsan6347@gmail.com
2026-05-31 10:05:44.670 INFO  [http-nio-0.0.0.0-8080-exec-2] [7c89fce5-1ae0-4feb-bc39-2d16937a3e09] p.e.config.RequestLoggingFilter - HTTP GET /api/cart/summary -> 200 (10 ms) user=parsan6347@gmail.com
2026-05-31 10:06:14.351 INFO  [http-nio-0.0.0.0-8080-exec-5] [572bd01b-1235-48a0-87f0-f56e2e1c8d5e] p.e.config.RequestLoggingFilter - HTTP GET /api/cart/summary -> 200 (8 ms) user=parsan6347@gmail.com
2026-05-31 10:06:14.654 INFO  [http-nio-0.0.0.0-8080-exec-10] [1e8b3964-d972-444d-a589-4a885cd60653] p.e.config.RequestLoggingFilter - HTTP GET /api/wishlist/count -> 200 (6 ms) user=parsan6347@gmail.com
2026-05-31 10:06:14.653 INFO  [http-nio-0.0.0.0-8080-exec-3] [89976525-3796-4d77-9347-3cc54eccd4a2] p.e.config.RequestLoggingFilter - HTTP GET /api/notifications/unread-count -> 200 (5 ms) user=parsan6347@gmail.com
2026-05-31 10:06:47.671 INFO  [http-nio-0.0.0.0-8080-exec-8] [97dc31a0-fcd2-4de0-8d8e-ce5dffddff99] p.e.config.RequestLoggingFilter - HTTP GET /api/wishlist/count -> 200 (7 ms) user=parsan6347@gmail.com
2026-05-31 10:06:47.671 INFO  [http-nio-0.0.0.0-8080-exec-6] [e597bd7a-bab9-4e1f-ac55-c7607d5a0114] p.e.config.RequestLoggingFilter - HTTP GET /api/notifications/unread-count -> 200 (7 ms) user=parsan6347@gmail.com
2026-05-31 10:06:47.676 INFO  [http-nio-0.0.0.0-8080-exec-9] [e049f972-4951-4d40-8140-c8add726470a] p.e.config.RequestLoggingFilter - HTTP GET /api/cart/summary -> 200 (12 ms) user=parsan6347@gmail.com
2026-05-31 10:07:47.656 INFO  [http-nio-0.0.0.0-8080-exec-4] [c760110d-d012-48e9-95b2-992631d36516] p.e.config.RequestLoggingFilter - HTTP GET /api/wishlist/count -> 200 (5 ms) user=parsan6347@gmail.com
2026-05-31 10:07:47.657 INFO  [http-nio-0.0.0.0-8080-exec-1] [a0cccbe3-f235-4578-be12-c3e5486678ff] p.e.config.RequestLoggingFilter - HTTP GET /api/notifications/unread-count -> 200 (6 ms) user=parsan6347@gmail.com
2026-05-31 10:07:47.659 INFO  [http-nio-0.0.0.0-8080-exec-7] [92593bd8-94db-4324-a5b3-e90ae4a24f23] p.e.config.RequestLoggingFilter - HTTP GET /api/cart/summary -> 200 (8 ms) user=parsan6347@gmail.com
2026-05-31 10:08:47.358 INFO  [http-nio-0.0.0.0-8080-exec-2] [9bf68ff6-c9cb-4e4d-8d23-92a29fced6fd] p.e.config.RequestLoggingFilter - HTTP GET /api/cart/summary -> 200 (10 ms) user=parsan6347@gmail.com
2026-05-31 10:08:47.655 INFO  [http-nio-0.0.0.0-8080-exec-10] [856f60f7-c26d-42a5-81d1-4ac9c1c2a771] p.e.config.RequestLoggingFilter - HTTP GET /api/notifications/unread-count -> 200 (6 ms) user=parsan6347@gmail.com
2026-05-31 10:08:47.658 INFO  [http-nio-0.0.0.0-8080-exec-5] [fe263bfe-9f0d-4d70-b21c-161e0b3053ee] p.e.config.RequestLoggingFilter - HTTP GET /api/wishlist/count -> 200 (6 ms) user=parsan6347@gmail.com
2026-05-31 10:09:47.659 INFO  [http-nio-0.0.0.0-8080-exec-6] [b8b92190-6320-42fe-b478-9d056e6e1dfa] p.e.config.RequestLoggingFilter - HTTP GET /api/notifications/unread-count -> 200 (6 ms) user=parsan6347@gmail.com
2026-05-31 10:09:47.659 INFO  [http-nio-0.0.0.0-8080-exec-8] [a639a032-de89-4673-8846-5b92269eb6ab] p.e.config.RequestLoggingFilter - HTTP GET /api/wishlist/count -> 200 (6 ms) user=parsan6347@gmail.com
2026-05-31 10:09:47.663 INFO  [http-nio-0.0.0.0-8080-exec-3] [704173ee-023f-4e05-ab94-c407d0f22c51] p.e.config.RequestLoggingFilter - HTTP GET /api/cart/summary -> 200 (10 ms) user=parsan6347@gmail.com
2026-05-31 10:10:27.505 INFO  [http-nio-0.0.0.0-8080-exec-9] [1fe4c65b-2817-4712-9c8b-bd2ac681324d] p.e.config.RequestLoggingFilter - HTTP GET /api/auth/me -> 200 (10 ms) user=parsan6347@gmail.com
2026-05-31 10:10:27.669 INFO  [http-nio-0.0.0.0-8080-exec-4] [71e23fb2-fb39-4730-9efb-f9d055c54ffe] p.e.config.RequestLoggingFilter - HTTP GET /api/cart/summary -> 200 (19 ms) user=parsan6347@gmail.com
2026-05-31 10:10:27.669 INFO  [http-nio-0.0.0.0-8080-exec-1] [ddfc04a4-75ee-49c8-887b-9c02ec8ba6af] p.e.config.RequestLoggingFilter - HTTP GET /api/wishlist/count -> 200 (15 ms) user=parsan6347@gmail.com
2026-05-31 10:10:27.674 INFO  [http-nio-0.0.0.0-8080-exec-7] [287accff-b41f-4b9e-8361-d853d87b60fb] p.e.config.RequestLoggingFilter - HTTP GET /api/notifications/unread-count -> 200 (15 ms) user=parsan6347@gmail.com
2026-05-31 10:10:27.677 INFO  [http-nio-0.0.0.0-8080-exec-10] [6142fd21-2ed9-46c5-b990-681a93d5930f] p.e.config.RequestLoggingFilter - HTTP GET /api/auth/me -> 200 (18 ms) user=parsan6347@gmail.com
2026-05-31 10:10:27.682 INFO  [http-nio-0.0.0.0-8080-exec-2] [fea6eb89-0ca5-438c-8fda-e158ea17d62c] p.e.config.RequestLoggingFilter - HTTP GET /api/shipping-addresses?page=0&size=10 -> 200 (20 ms) user=parsan6347@gmail.com
2026-05-31 10:10:28.029 INFO  [http-nio-0.0.0.0-8080-exec-6] [a84ec0ec-a143-4ce6-aa72-1d83cdfb0c1d] p.e.config.RequestLoggingFilter - HTTP GET /api/notifications/unread-count -> 200 (7 ms) user=parsan6347@gmail.com
2026-05-31 10:10:28.029 INFO  [http-nio-0.0.0.0-8080-exec-8] [f3cbce52-3907-4e08-9e67-a830a916c1d3] p.e.config.RequestLoggingFilter - HTTP GET /api/wishlist/count -> 200 (7 ms) user=parsan6347@gmail.com
2026-05-31 10:10:28.033 INFO  [http-nio-0.0.0.0-8080-exec-5] [be352d53-e627-45a5-9c5e-77a102a3c2cb] p.e.config.RequestLoggingFilter - HTTP GET /api/cart/summary -> 200 (11 ms) user=parsan6347@gmail.com
2026-05-31 10:10:28.162 INFO  [http-nio-0.0.0.0-8080-exec-4] [84f08411-af2e-43c1-b857-ef1bbe77ab69] p.e.config.RequestLoggingFilter - HTTP GET /api/notifications/unread-count -> 200 (7 ms) user=parsan6347@gmail.com
2026-05-31 10:10:28.166 INFO  [http-nio-0.0.0.0-8080-exec-9] [32284689-13a9-482f-aab1-f8c277d29aea] p.e.config.RequestLoggingFilter - HTTP GET /api/wishlist/count -> 200 (8 ms) user=parsan6347@gmail.com
2026-05-31 10:10:28.166 INFO  [http-nio-0.0.0.0-8080-exec-3] [823cefb8-db99-49db-9baa-9bd12529204a] p.e.config.RequestLoggingFilter - HTTP GET /api/cart/summary -> 200 (11 ms) user=parsan6347@gmail.com
2026-05-31 10:10:58.361 INFO  [http-nio-0.0.0.0-8080-exec-7] [282799ef-411e-47bb-a274-d6010a6de251] p.e.config.RequestLoggingFilter - HTTP GET /api/cart/summary -> 200 (10 ms) user=parsan6347@gmail.com
2026-05-31 10:10:58.362 INFO  [http-nio-0.0.0.0-8080-exec-1] [2add409c-2d64-4290-a7aa-1fe2fc5663e7] p.e.config.RequestLoggingFilter - HTTP GET /api/cart/summary -> 200 (11 ms) user=parsan6347@gmail.com
2026-05-31 10:10:58.663 INFO  [http-nio-0.0.0.0-8080-exec-8] [7802fd33-a0ed-4f29-971d-2cde30b598c4] p.e.config.RequestLoggingFilter - HTTP GET /api/notifications/unread-count -> 200 (6 ms) user=parsan6347@gmail.com
2026-05-31 10:10:58.663 INFO  [http-nio-0.0.0.0-8080-exec-6] [72f7f4de-9d1a-4e46-bb8f-adf3a5f0232c] p.e.config.RequestLoggingFilter - HTTP GET /api/notifications/unread-count -> 200 (6 ms) user=parsan6347@gmail.com
2026-05-31 10:10:58.665 INFO  [http-nio-0.0.0.0-8080-exec-2] [3b081206-de11-4bf0-9f0e-2d48ed2dc4e1] p.e.config.RequestLoggingFilter - HTTP GET /api/wishlist/count -> 200 (6 ms) user=parsan6347@gmail.com
2026-05-31 10:10:58.666 INFO  [http-nio-0.0.0.0-8080-exec-10] [076c0f9a-692a-430b-a033-82ebf8ff2a19] p.e.config.RequestLoggingFilter - HTTP GET /api/wishlist/count -> 200 (6 ms) user=parsan6347@gmail.com
2026-05-31 10:11:28.840 INFO  [http-nio-0.0.0.0-8080-exec-5] [087beaaf-b5df-41ec-a48d-da7b58d3d437] p.e.config.RequestLoggingFilter - HTTP GET /api/cart/summary -> 200 (23 ms) user=parsan6347@gmail.com
2026-05-31 10:11:28.840 INFO  [http-nio-0.0.0.0-8080-exec-3] [4f1126fc-2c80-438f-b17c-36416cca9dea] p.e.config.RequestLoggingFilter - HTTP GET /api/cart/summary -> 200 (23 ms) user=parsan6347@gmail.com
2026-05-31 10:11:28.846 INFO  [http-nio-0.0.0.0-8080-exec-7] [f937716f-fb52-4537-999c-2c888aa261b3] p.e.config.RequestLoggingFilter - HTTP GET /api/wishlist/count -> 200 (30 ms) user=parsan6347@gmail.com
2026-05-31 10:11:28.850 INFO  [http-nio-0.0.0.0-8080-exec-4] [c8fc6a52-fdcd-4057-9795-2107b0e5c541] p.e.config.RequestLoggingFilter - HTTP GET /api/wishlist/count -> 200 (21 ms) user=parsan6347@gmail.com
2026-05-31 10:11:28.863 INFO  [http-nio-0.0.0.0-8080-exec-1] [7408b263-f56a-43a3-b2ce-911f90cba39e] p.e.config.RequestLoggingFilter - HTTP GET /api/notifications/unread-count -> 200 (32 ms) user=parsan6347@gmail.com
2026-05-31 10:11:28.866 INFO  [http-nio-0.0.0.0-8080-exec-9] [a8a9ba6b-74c9-43f8-90b3-228a306dec7a] p.e.config.RequestLoggingFilter - HTTP GET /api/notifications/unread-count -> 200 (37 ms) user=parsan6347@gmail.com
2026-05-31 10:11:39.710 INFO  [main] [no-request] p.e.ECommerceBackendApplicationTests - Starting ECommerceBackendApplicationTests using Java 17.0.8 with PID 27040 (started by God -01.11 in C:\Users\God -01.11\Desktop\e-commerce-backend - codex)
2026-05-31 10:11:39.720 INFO  [main] [no-request] p.e.ECommerceBackendApplicationTests - The following 1 profile is active: "test"
2026-05-31 10:11:58.682 INFO  [http-nio-0.0.0.0-8080-exec-5] [b27aafed-d824-4e29-b74b-d62edc82545a] p.e.config.RequestLoggingFilter - HTTP GET /api/notifications/unread-count -> 200 (8 ms) user=parsan6347@gmail.com
2026-05-31 10:11:58.682 INFO  [http-nio-0.0.0.0-8080-exec-3] [223fe75d-75d4-41ff-a996-948bcdbced4c] p.e.config.RequestLoggingFilter - HTTP GET /api/notifications/unread-count -> 200 (9 ms) user=parsan6347@gmail.com
2026-05-31 10:11:58.685 INFO  [http-nio-0.0.0.0-8080-exec-2] [e0d9de45-5e3a-420a-8385-58af4cb114f6] p.e.config.RequestLoggingFilter - HTTP GET /api/wishlist/count -> 200 (10 ms) user=parsan6347@gmail.com
2026-05-31 10:11:58.686 INFO  [http-nio-0.0.0.0-8080-exec-10] [c08d2266-2f55-4831-8123-1545a3e90503] p.e.config.RequestLoggingFilter - HTTP GET /api/wishlist/count -> 200 (10 ms) user=parsan6347@gmail.com
2026-05-31 10:11:58.686 INFO  [http-nio-0.0.0.0-8080-exec-8] [0d5ae0d4-82a1-4fcf-a4c0-c863b349ea1d] p.e.config.RequestLoggingFilter - HTTP GET /api/cart/summary -> 200 (12 ms) user=parsan6347@gmail.com
2026-05-31 10:11:58.689 INFO  [http-nio-0.0.0.0-8080-exec-6] [311b145c-eb32-4750-a16a-3f5b3cfa302f] p.e.config.RequestLoggingFilter - HTTP GET /api/cart/summary -> 200 (16 ms) user=parsan6347@gmail.com
2026-05-31 10:11:59.582 INFO  [main] [no-request] o.s.s.c.a.a.c.InitializeAuthenticationProviderBeanManagerConfigurer$InitializeAuthenticationProviderManagerConfigurer - Global AuthenticationManager configured with AuthenticationProvider bean with name authenticationProvider
2026-05-31 10:11:59.584 WARN  [main] [no-request] o.s.s.c.a.a.c.InitializeUserDetailsBeanManagerConfigurer$InitializeUserDetailsManagerConfigurer - Global AuthenticationManager configured with an AuthenticationProvider bean. UserDetailsService beans will not be used by Spring Security for automatically configuring username/password login. Consider removing the AuthenticationProvider bean. Alternatively, consider using the UserDetailsService in a manually instantiated DaoAuthenticationProvider. If the current configuration is intentional, to turn off this warning, increase the logging level of 'org.springframework.security.config.annotation.authentication.configuration.InitializeUserDetailsBeanManagerConfigurer' to ERROR
2026-05-31 10:12:03.953 INFO  [main] [no-request] p.e.ECommerceBackendApplicationTests - Started ECommerceBackendApplicationTests in 25.624 seconds (process running for 29.768)
2026-05-31 10:12:04.115 WARN  [main] [no-request] p.ecommercebackend.config.MailConfig - Email delivery DISABLED — set MAIL_ENABLED=true and run MailHog (docker compose up -d mailhog)
2026-05-31 10:12:04.117 INFO  [main] [no-request] p.ecommercebackend.config.DataSeeder - Running database seed checks...
2026-05-31 10:12:05.233 INFO  [main] [no-request] p.ecommercebackend.config.DataSeeder - Default shop settings seeded (low stock threshold: 10)
2026-05-31 10:12:06.966 INFO  [main] [no-request] p.e.service.impl.OrderServiceImpl - Checkout initiated orderId=1 userId=2 subtotal=50.00 total=60.47 devMode=true
2026-05-31 10:12:07.107 INFO  [main] [no-request] p.e.service.impl.OrderServiceImpl - Order fulfilled orderId=1 userId=2 total=60.47 itemCount=1
2026-05-31 10:12:07.127 INFO  [main] [no-request] p.e.service.impl.EmailServiceImpl - Mail disabled - order confirmation for customer@example.com (order #1):
<html><body style="font-family:Segoe UI,sans-serif;color:#1a2332;">
<h2>Thank you for your order, Test!</h2>
<p>Your payment was received. Order <strong>#1</strong> is confirmed.</p>
<p><strong>Placed:</strong> May 31, 2026 10:12</p>
<h3>Shipping to</h3>
<p>123 Test Street<br>Test City, 12345<br>USA</p>
<h3>Items</h3>
<table border="1" cellpadding="8" cellspacing="0" style="border-collapse:collapse;">
<tr><th>Product</th><th>Qty</th><th>Total</th></tr>
<tr><td>Limited Product</td><td>2</td><td>$50.00</td></tr>
</table>
<p style="margin-top:16px;"><strong>Order total: $60.47</strong></p>
<p style="color:#64748b;font-size:14px;">ShopVerse - happy shopping!</p>
</body></html>

2026-05-31 10:12:07.170 INFO  [main] [no-request] p.e.service.impl.OrderServiceImpl - Payment confirmation ignored for already confirmed orderId=1
2026-05-31 10:12:22.929 INFO  [SpringApplicationShutdownHook] [no-request] o.s.boot.tomcat.GracefulShutdown - Commencing graceful shutdown. Waiting for active requests to complete
2026-05-31 10:12:24.526 INFO  [tomcat-shutdown] [no-request] o.s.boot.tomcat.GracefulShutdown - Graceful shutdown complete
2026-05-31 10:12:24.550 INFO  [SpringApplicationShutdownHook] [no-request] o.s.o.j.LocalContainerEntityManagerFactoryBean - Closing JPA EntityManagerFactory for persistence unit 'default'
2026-05-31 10:12:24.556 INFO  [SpringApplicationShutdownHook] [no-request] com.zaxxer.hikari.HikariDataSource - HikariPool-1 - Shutdown initiated...
2026-05-31 10:12:24.563 INFO  [SpringApplicationShutdownHook] [no-request] com.zaxxer.hikari.HikariDataSource - HikariPool-1 - Shutdown completed.
2026-05-31 10:12:38.809 INFO  [main] [no-request] p.e.ECommerceBackendApplication - Starting ECommerceBackendApplication using Java 19.0.2 with PID 13308 (C:\Users\God -01.11\Desktop\e-commerce-backend - codex\target\classes started by God -01.11 in C:\Users\God -01.11\Desktop\e-commerce-backend - codex)
2026-05-31 10:12:38.816 INFO  [main] [no-request] p.e.ECommerceBackendApplication - No active profile set, falling back to 1 default profile: "default"
2026-05-31 10:12:42.964 INFO  [main] [no-request] o.s.d.r.c.RepositoryConfigurationDelegate - Bootstrapping Spring Data JPA repositories in DEFAULT mode.
2026-05-31 10:12:43.221 INFO  [main] [no-request] o.s.d.r.c.RepositoryConfigurationDelegate - Finished Spring Data repository scanning in 228 ms. Found 15 JPA repository interfaces.
2026-05-31 10:12:44.978 INFO  [main] [no-request] o.s.boot.tomcat.TomcatWebServer - Tomcat initialized with port 8080 (http)
2026-05-31 10:12:45.002 INFO  [main] [no-request] o.a.catalina.core.StandardService - Starting service [Tomcat]
2026-05-31 10:12:45.003 INFO  [main] [no-request] o.a.catalina.core.StandardEngine - Starting Servlet engine: [Apache Tomcat/11.0.21]
2026-05-31 10:12:45.134 INFO  [main] [no-request] o.s.b.w.c.s.WebApplicationContextInitializer - Root WebApplicationContext: initialization completed in 6220 ms
2026-05-31 10:12:45.677 INFO  [main] [no-request] org.hibernate.orm.jpa - HHH008540: Processing PersistenceUnitInfo [name: default]
2026-05-31 10:12:45.798 INFO  [main] [no-request] org.hibernate.orm.core - HHH000001: Hibernate ORM core version 7.2.12.Final
2026-05-31 10:12:47.003 INFO  [main] [no-request] o.s.o.j.p.SpringPersistenceUnitInfo - No LoadTimeWeaver setup: ignoring JPA class transformer
2026-05-31 10:12:47.095 INFO  [main] [no-request] com.zaxxer.hikari.HikariDataSource - HikariPool-1 - Starting...
2026-05-31 10:12:47.507 INFO  [main] [no-request] com.zaxxer.hikari.pool.HikariPool - HikariPool-1 - Added connection org.postgresql.jdbc.PgConnection@5b827796
2026-05-31 10:12:47.511 INFO  [main] [no-request] com.zaxxer.hikari.HikariDataSource - HikariPool-1 - Start completed.
2026-05-31 10:12:47.688 INFO  [main] [no-request] o.hibernate.orm.connections.pooling - HHH10001005: Database info:
	Database JDBC URL [jdbc:postgresql://localhost:5432/ecommerce]
	Database driver: PostgreSQL JDBC Driver
	Database dialect: PostgreSQLDialect
	Database version: 16.2
	Default catalog/schema: ecommerce/public
	Autocommit mode: undefined/unknown
	Isolation level: READ_COMMITTED [default READ_COMMITTED]
	JDBC fetch size: none
	Pool: DataSourceConnectionProvider
	Minimum pool size: undefined/unknown
	Maximum pool size: undefined/unknown
2026-05-31 10:12:51.197 INFO  [main] [no-request] org.hibernate.orm.core - HHH000489: No JTA platform available (set 'hibernate.transaction.jta.platform' to enable JTA platform integration)
2026-05-31 10:12:51.526 INFO  [main] [no-request] o.s.o.j.LocalContainerEntityManagerFactoryBean - Initialized JPA EntityManagerFactory for persistence unit 'default'
2026-05-31 10:12:51.729 INFO  [main] [no-request] o.s.d.j.r.q.QueryEnhancerFactories - Hibernate is in classpath; If applicable, HQL parser will be used.
2026-05-31 10:12:55.512 INFO  [main] [no-request] o.s.s.c.a.a.c.InitializeAuthenticationProviderBeanManagerConfigurer$InitializeAuthenticationProviderManagerConfigurer - Global AuthenticationManager configured with AuthenticationProvider bean with name authenticationProvider
2026-05-31 10:12:55.514 WARN  [main] [no-request] o.s.s.c.a.a.c.InitializeUserDetailsBeanManagerConfigurer$InitializeUserDetailsManagerConfigurer - Global AuthenticationManager configured with an AuthenticationProvider bean. UserDetailsService beans will not be used by Spring Security for automatically configuring username/password login. Consider removing the AuthenticationProvider bean. Alternatively, consider using the UserDetailsService in a manually instantiated DaoAuthenticationProvider. If the current configuration is intentional, to turn off this warning, increase the logging level of 'org.springframework.security.config.annotation.authentication.configuration.InitializeUserDetailsBeanManagerConfigurer' to ERROR
2026-05-31 10:12:58.007 INFO  [main] [no-request] o.s.b.a.e.web.EndpointLinksResolver - Exposing 1 endpoint beneath base path '/actuator'
2026-05-31 10:12:58.200 INFO  [main] [no-request] o.s.boot.tomcat.TomcatWebServer - Tomcat started on port 8080 (http) with context path '/'
2026-05-31 10:12:58.215 INFO  [main] [no-request] p.e.ECommerceBackendApplication - Started ECommerceBackendApplication in 21.13 seconds (process running for 23.777)
2026-05-31 10:12:58.230 INFO  [main] [no-request] p.ecommercebackend.config.MailConfig - Email delivery ENABLED — SMTP localhost:1025 (view MailHog UI at http://localhost:8025)
2026-05-31 10:12:58.231 INFO  [main] [no-request] p.ecommercebackend.config.DataSeeder - Running database seed checks...
2026-05-31 10:12:58.521 INFO  [http-nio-0.0.0.0-8080-exec-1] [no-request] o.a.c.c.C.[Tomcat].[localhost].[/] - Initializing Spring DispatcherServlet 'dispatcherServlet'
2026-05-31 10:12:58.523 INFO  [http-nio-0.0.0.0-8080-exec-1] [no-request] o.s.web.servlet.DispatcherServlet - Initializing Servlet 'dispatcherServlet'
2026-05-31 10:12:58.532 INFO  [http-nio-0.0.0.0-8080-exec-1] [no-request] o.s.web.servlet.DispatcherServlet - Completed initialization in 9 ms
2026-05-31 10:12:59.347 INFO  [http-nio-0.0.0.0-8080-exec-3] [feb80439-612c-449c-b7a2-237e57c93e48] p.e.config.RequestLoggingFilter - HTTP GET /api/wishlist/count -> 200 (187 ms) user=parsan6347@gmail.com
2026-05-31 10:12:59.347 INFO  [http-nio-0.0.0.0-8080-exec-2] [bdee8b32-fdc4-4fd4-be8a-f3c4164dc694] p.e.config.RequestLoggingFilter - HTTP GET /api/notifications/unread-count -> 200 (188 ms) user=parsan6347@gmail.com
2026-05-31 10:12:59.350 INFO  [http-nio-0.0.0.0-8080-exec-1] [596f44c0-4620-4b19-a6ae-90520370dbc1] p.e.config.RequestLoggingFilter - HTTP GET /api/cart/summary -> 200 (191 ms) user=parsan6347@gmail.com
2026-05-31 10:12:59.695 WARN  [RMI TCP Connection(7)-172.23.0.1] [no-request] o.s.b.m.health.MailHealthIndicator - Mail health check failed
org.eclipse.angus.mail.util.MailConnectException: Couldn't connect to host, port: localhost, 1025; timeout -1;
  nested exception is:
	java.net.ConnectException: Connection refused: connect
	at org.eclipse.angus.mail.smtp.SMTPTransport.openServer(SMTPTransport.java:2243)
	at org.eclipse.angus.mail.smtp.SMTPTransport.protocolConnect(SMTPTransport.java:729)
	at jakarta.mail.Service.connect(Service.java:345)
	at org.springframework.mail.javamail.JavaMailSenderImpl.connectTransport(JavaMailSenderImpl.java:467)
	at org.springframework.mail.javamail.JavaMailSenderImpl.testConnection(JavaMailSenderImpl.java:347)
	at org.springframework.boot.mail.health.MailHealthIndicator.doHealthCheck(MailHealthIndicator.java:52)
	at org.springframework.boot.health.contributor.AbstractHealthIndicator.health(AbstractHealthIndicator.java:80)
	at org.springframework.boot.health.contributor.HealthIndicator.health(HealthIndicator.java:37)
	at org.springframework.boot.health.actuate.endpoint.Contributor$Blocking.getDescriptor(Contributor.java:148)
	at org.springframework.boot.health.actuate.endpoint.Contributor$Blocking.getDescriptor(Contributor.java:126)
	at org.springframework.boot.health.actuate.endpoint.HealthEndpointSupport.getDescriptorAndLogIfSlow(HealthEndpointSupport.java:172)
	at org.springframework.boot.health.actuate.endpoint.HealthEndpointSupport.getDescriptor(HealthEndpointSupport.java:145)
	at org.springframework.boot.health.actuate.endpoint.HealthEndpointSupport.getAggregateDescriptor(HealthEndpointSupport.java:157)
	at org.springframework.boot.health.actuate.endpoint.HealthEndpointSupport.getDescriptor(HealthEndpointSupport.java:141)
	at org.springframework.boot.health.actuate.endpoint.HealthEndpointSupport.getResult(HealthEndpointSupport.java:110)
	at org.springframework.boot.health.actuate.endpoint.HealthEndpointSupport.getResult(HealthEndpointSupport.java:82)
	at org.springframework.boot.health.actuate.endpoint.HealthEndpoint.health(HealthEndpoint.java:80)
	at org.springframework.boot.health.actuate.endpoint.HealthEndpoint.health(HealthEndpoint.java:70)
	at java.base/jdk.internal.reflect.DirectMethodHandleAccessor.invoke(DirectMethodHandleAccessor.java:104)
	at java.base/java.lang.reflect.Method.invoke(Method.java:578)
	at org.springframework.util.ReflectionUtils.invokeMethod(ReflectionUtils.java:281)
	at org.springframework.boot.actuate.endpoint.invoke.reflect.ReflectiveOperationInvoker.invoke(ReflectiveOperationInvoker.java:76)
	at org.springframework.boot.actuate.endpoint.annotation.AbstractDiscoveredOperation.invoke(AbstractDiscoveredOperation.java:62)
	at org.springframework.boot.actuate.endpoint.jmx.EndpointMBean.invoke(EndpointMBean.java:127)
	at org.springframework.boot.actuate.endpoint.jmx.EndpointMBean.invoke(EndpointMBean.java:99)
	at java.management/com.sun.jmx.interceptor.DefaultMBeanServerInterceptor.invoke(DefaultMBeanServerInterceptor.java:809)
	at java.management/com.sun.jmx.mbeanserver.JmxMBeanServer.invoke(JmxMBeanServer.java:802)
	at java.management.rmi/javax.management.remote.rmi.RMIConnectionImpl.doOperation(RMIConnectionImpl.java:1472)
	at java.management.rmi/javax.management.remote.rmi.RMIConnectionImpl$PrivilegedOperation.run(RMIConnectionImpl.java:1310)
	at java.management.rmi/javax.management.remote.rmi.RMIConnectionImpl.doPrivilegedOperation(RMIConnectionImpl.java:1405)
	at java.management.rmi/javax.management.remote.rmi.RMIConnectionImpl.invoke(RMIConnectionImpl.java:829)
	at java.base/jdk.internal.reflect.DirectMethodHandleAccessor.invoke(DirectMethodHandleAccessor.java:104)
	at java.base/java.lang.reflect.Method.invoke(Method.java:578)
	at java.rmi/sun.rmi.server.UnicastServerRef.dispatch(UnicastServerRef.java:360)
	at java.rmi/sun.rmi.transport.Transport$1.run(Transport.java:200)
	at java.rmi/sun.rmi.transport.Transport$1.run(Transport.java:197)
	at java.base/java.security.AccessController.doPrivileged(AccessController.java:712)
	at java.rmi/sun.rmi.transport.Transport.serviceCall(Transport.java:196)
	at java.rmi/sun.rmi.transport.tcp.TCPTransport.handleMessages(TCPTransport.java:598)
	at java.rmi/sun.rmi.transport.tcp.TCPTransport$ConnectionHandler.run0(TCPTransport.java:844)
	at java.rmi/sun.rmi.transport.tcp.TCPTransport$ConnectionHandler.lambda$run$0(TCPTransport.java:721)
	at java.base/java.security.AccessController.doPrivileged(AccessController.java:399)
	at java.rmi/sun.rmi.transport.tcp.TCPTransport$ConnectionHandler.run(TCPTransport.java:720)
	at java.base/java.util.concurrent.ThreadPoolExecutor.runWorker(ThreadPoolExecutor.java:1144)
	at java.base/java.util.concurrent.ThreadPoolExecutor$Worker.run(ThreadPoolExecutor.java:642)
	at java.base/java.lang.Thread.run(Thread.java:1589)
Caused by: java.net.ConnectException: Connection refused: connect
	at java.base/sun.nio.ch.Net.connect0(Native Method)
	at java.base/sun.nio.ch.Net.connect(Net.java:579)
	at java.base/sun.nio.ch.Net.connect(Net.java:568)
	at java.base/sun.nio.ch.NioSocketImpl.connect(NioSocketImpl.java:576)
	at java.base/java.net.SocksSocketImpl.connect(SocksSocketImpl.java:327)
	at java.base/java.net.Socket.connect(Socket.java:666)
	at java.base/java.net.Socket.connect(Socket.java:600)
	at org.eclipse.angus.mail.util.SocketFetcher.createSocket(SocketFetcher.java:368)
	at org.eclipse.angus.mail.util.SocketFetcher.getSocket(SocketFetcher.java:243)
	at org.eclipse.angus.mail.smtp.SMTPTransport.openServer(SMTPTransport.java:2193)
	... 45 common frames omitted
2026-05-31 10:13:01.621 WARN  [http-nio-0.0.0.0-8080-exec-4] [2c45f986-3fc6-4fc2-91d5-8171d024fa1c] p.e.config.LoggingAspect - SERVICE AuthServiceImpl.sendEmailVerification - failed (3 ms): Email already registered
2026-05-31 10:13:01.628 WARN  [http-nio-0.0.0.0-8080-exec-4] [2c45f986-3fc6-4fc2-91d5-8171d024fa1c] p.e.config.LoggingAspect - CONTROLLER AuthController.sendEmailVerification - failed (11 ms): Email already registered
2026-05-31 10:13:01.632 WARN  [http-nio-0.0.0.0-8080-exec-4] [2c45f986-3fc6-4fc2-91d5-8171d024fa1c] p.e.exception.GlobalExceptionHandler - API error [409]: Email already registered
2026-05-31 10:13:01.654 INFO  [http-nio-0.0.0.0-8080-exec-4] [2c45f986-3fc6-4fc2-91d5-8171d024fa1c] p.e.config.RequestLoggingFilter - HTTP POST /api/auth/email-verification -> 409 (219 ms) user=parsan6347@gmail.com
2026-05-31 10:13:10.771 WARN  [http-nio-0.0.0.0-8080-exec-5] [c869bf42-bd7f-4ba9-a19d-b46796c1b6f3] p.e.config.LoggingAspect - SERVICE AuthServiceImpl.sendEmailVerification - failed (4 ms): Email already registered
2026-05-31 10:13:10.774 WARN  [http-nio-0.0.0.0-8080-exec-5] [c869bf42-bd7f-4ba9-a19d-b46796c1b6f3] p.e.config.LoggingAspect - CONTROLLER AuthController.sendEmailVerification - failed (7 ms): Email already registered
2026-05-31 10:13:10.776 WARN  [http-nio-0.0.0.0-8080-exec-5] [c869bf42-bd7f-4ba9-a19d-b46796c1b6f3] p.e.exception.GlobalExceptionHandler - API error [409]: Email already registered
2026-05-31 10:13:10.778 INFO  [http-nio-0.0.0.0-8080-exec-5] [c869bf42-bd7f-4ba9-a19d-b46796c1b6f3] p.e.config.RequestLoggingFilter - HTTP POST /api/auth/email-verification -> 409 (12 ms) user=parsan6347@gmail.com
2026-05-31 10:13:24.962 INFO  [http-nio-0.0.0.0-8080-exec-8] [cba7d316-5976-4c9d-a410-014e8d8aa8e6] p.e.config.RequestLoggingFilter - HTTP GET /api/notifications/unread-count -> 200 (9 ms) user=parsan6347@gmail.com
2026-05-31 10:13:24.962 INFO  [http-nio-0.0.0.0-8080-exec-7] [e46413a3-1431-41b2-8494-18ce7c3ad844] p.e.config.RequestLoggingFilter - HTTP GET /api/wishlist/count -> 200 (9 ms) user=parsan6347@gmail.com
2026-05-31 10:13:24.968 INFO  [http-nio-0.0.0.0-8080-exec-6] [8f9bd583-33b1-4895-9b28-4e6e3dc536d6] p.e.config.RequestLoggingFilter - HTTP GET /api/cart/summary -> 200 (15 ms) user=parsan6347@gmail.com
2026-05-31 10:13:24.984 INFO  [http-nio-0.0.0.0-8080-exec-10] [07c61224-6c13-489f-8044-e12d34bf39cd] p.e.config.RequestLoggingFilter - HTTP GET /api/wishlist/count -> 200 (9 ms) user=parsan6347@gmail.com
2026-05-31 10:13:24.984 INFO  [http-nio-0.0.0.0-8080-exec-1] [a92cafea-8eeb-45cd-99ca-d650549a722b] p.e.config.RequestLoggingFilter - HTTP GET /api/notifications/unread-count -> 200 (9 ms) user=parsan6347@gmail.com
2026-05-31 10:13:24.996 INFO  [http-nio-0.0.0.0-8080-exec-9] [8e4aded9-c297-4df3-a8f1-704e710318aa] p.e.config.RequestLoggingFilter - HTTP GET /api/cart/summary -> 200 (18 ms) user=parsan6347@gmail.com
2026-05-31 10:13:28.175 INFO  [http-nio-0.0.0.0-8080-exec-4] [88ba71be-24c6-4182-b0ea-ced993179719] p.e.config.RequestLoggingFilter - HTTP GET /api/notifications/unread-count -> 200 (8 ms) user=parsan6347@gmail.com
2026-05-31 10:13:28.175 INFO  [http-nio-0.0.0.0-8080-exec-3] [be3c2762-bb81-426e-8d4f-36f32b360c3f] p.e.config.RequestLoggingFilter - HTTP GET /api/wishlist/count -> 200 (8 ms) user=parsan6347@gmail.com
2026-05-31 10:13:28.184 INFO  [http-nio-0.0.0.0-8080-exec-2] [406a98e1-98aa-4d04-98d2-4dead8d5cff6] p.e.config.RequestLoggingFilter - HTTP GET /api/cart/summary -> 200 (17 ms) user=parsan6347@gmail.com
2026-05-31 10:13:37.257 INFO  [http-nio-0.0.0.0-8080-exec-5] [7ad11da2-568d-4f3d-85d9-031d3a5dac9d] p.e.config.RequestLoggingFilter - HTTP GET /api/cart/summary -> 200 (15 ms) user=parsan6347@gmail.com
2026-05-31 10:13:37.545 INFO  [http-nio-0.0.0.0-8080-exec-8] [d511251c-3e18-451a-b2f7-1bd44b2f8179] p.e.config.RequestLoggingFilter - HTTP GET /api/notifications/unread-count -> 200 (7 ms) user=parsan6347@gmail.com
2026-05-31 10:13:37.545 INFO  [http-nio-0.0.0.0-8080-exec-7] [ab509db4-52ca-45a5-9277-7bab20024e14] p.e.config.RequestLoggingFilter - HTTP GET /api/wishlist/count -> 200 (8 ms) user=parsan6347@gmail.com
2026-05-31 10:13:37.597 INFO  [http-nio-0.0.0.0-8080-exec-6] [20f3a4a5-9e52-4b80-9141-c6395dcb462e] p.e.config.RequestLoggingFilter - HTTP GET /api/wishlist?page=0&size=12 -> 200 (62 ms) user=parsan6347@gmail.com
2026-05-31 10:13:40.468 INFO  [http-nio-0.0.0.0-8080-exec-9] [a13c71c8-99fe-4252-a395-de4e6bdf1022] p.e.config.RequestLoggingFilter - HTTP GET /api/cart/summary -> 200 (17 ms) user=parsan6347@gmail.com
2026-05-31 10:13:40.767 INFO  [http-nio-0.0.0.0-8080-exec-4] [e0d1541f-b532-40a6-873a-f185332c8a9e] p.e.config.RequestLoggingFilter - HTTP GET /api/wishlist/count -> 200 (7 ms) user=parsan6347@gmail.com
2026-05-31 10:13:40.767 INFO  [http-nio-0.0.0.0-8080-exec-3] [23683cb4-6f8a-4ba9-9a34-80d195f5af23] p.e.config.RequestLoggingFilter - HTTP GET /api/notifications/unread-count -> 200 (7 ms) user=parsan6347@gmail.com
2026-05-31 10:13:40.810 INFO  [http-nio-0.0.0.0-8080-exec-2] [7fd65c18-ec1d-4c17-9e54-9b5f4d79ce83] p.e.config.RequestLoggingFilter - HTTP GET /api/categories -> 200 (50 ms) user=parsan6347@gmail.com
2026-05-31 10:13:40.933 INFO  [http-nio-0.0.0.0-8080-exec-5] [85f192b3-c16b-4367-b9a2-949a7800b144] p.e.config.RequestLoggingFilter - HTTP GET /api/products?page=0&size=12&sort=name%2Casc -> 200 (173 ms) user=parsan6347@gmail.com
2026-05-31 10:13:45.342 INFO  [http-nio-0.0.0.0-8080-exec-5] [d2ac50cf-25bd-4cee-b7d5-16a058576c81] p.e.config.RequestLoggingFilter - HTTP GET /api/cart/summary -> 200 (13 ms) user=parsan6347@gmail.com
2026-05-31 10:13:45.446 INFO  [http-nio-0.0.0.0-8080-exec-8] [10d70e08-bf09-48d7-8492-f86ccb7a9f37] p.e.config.RequestLoggingFilter - HTTP GET /api/notifications/unread-count -> 200 (8 ms) user=parsan6347@gmail.com
2026-05-31 10:13:45.446 INFO  [http-nio-0.0.0.0-8080-exec-10] [cbd5d094-7cf0-4729-ab38-fc7061076224] p.e.config.RequestLoggingFilter - HTTP GET /api/wishlist/count -> 200 (8 ms) user=parsan6347@gmail.com
2026-05-31 10:13:45.457 INFO  [http-nio-0.0.0.0-8080-exec-7] [474a1704-4a10-4d10-a0b0-d9e54061da5a] p.e.config.RequestLoggingFilter - HTTP GET /api/shipping-addresses?page=0&size=10 -> 200 (19 ms) user=parsan6347@gmail.com
2026-05-31 10:13:47.367 INFO  [http-nio-0.0.0.0-8080-exec-1] [42de3926-68e1-44dd-bbb1-091b504f1326] p.e.config.RequestLoggingFilter - HTTP GET /api/wishlist/count -> 200 (10 ms) user=parsan6347@gmail.com
2026-05-31 10:13:47.373 INFO  [http-nio-0.0.0.0-8080-exec-9] [18b1c786-d92f-4a37-a0a8-29f8e1033e86] p.e.config.RequestLoggingFilter - HTTP GET /api/cart/summary -> 200 (16 ms) user=parsan6347@gmail.com
2026-05-31 10:13:47.686 INFO  [http-nio-0.0.0.0-8080-exec-6] [3e17e19c-9486-4e2b-a809-0668071f666c] p.e.config.RequestLoggingFilter - HTTP GET /api/notifications/unread-count -> 200 (10 ms) user=parsan6347@gmail.com
2026-05-31 10:13:49.095 INFO  [http-nio-0.0.0.0-8080-exec-4] [45c8bf69-2935-43b3-bc7e-6b19c76af623] p.e.config.RequestLoggingFilter - HTTP GET /api/auth/me -> 200 (26 ms) user=parsan6347@gmail.com
2026-05-31 10:13:49.593 INFO  [http-nio-0.0.0.0-8080-exec-5] [cb48bb00-628f-4486-8ab9-ab703a044c08] p.e.config.RequestLoggingFilter - HTTP GET /api/notifications/unread-count -> 200 (10 ms) user=parsan6347@gmail.com
2026-05-31 10:13:49.593 INFO  [http-nio-0.0.0.0-8080-exec-2] [3ffa998b-d1fe-45ba-b8bb-2c806c1b4fc5] p.e.config.RequestLoggingFilter - HTTP GET /api/wishlist/count -> 200 (10 ms) user=parsan6347@gmail.com
2026-05-31 10:13:49.605 INFO  [http-nio-0.0.0.0-8080-exec-3] [40a63530-6ee3-45ab-b012-dd4db4900291] p.e.config.RequestLoggingFilter - HTTP GET /api/cart/summary -> 200 (22 ms) user=parsan6347@gmail.com
2026-05-31 10:14:20.363 INFO  [http-nio-0.0.0.0-8080-exec-10] [da3b4d6c-aedc-42e9-bee3-3c69a9e27eb0] p.e.config.RequestLoggingFilter - HTTP GET /api/cart/summary -> 200 (10 ms) user=parsan6347@gmail.com
2026-05-31 10:14:20.674 INFO  [http-nio-0.0.0.0-8080-exec-8] [8c8fc46d-273b-48e6-bcb0-57ae6bf1c68c] p.e.config.RequestLoggingFilter - HTTP GET /api/wishlist/count -> 200 (11 ms) user=parsan6347@gmail.com
2026-05-31 10:14:20.674 INFO  [http-nio-0.0.0.0-8080-exec-7] [5a086520-b2d4-4d71-97b0-eb3da84829ab] p.e.config.RequestLoggingFilter - HTTP GET /api/notifications/unread-count -> 200 (11 ms) user=parsan6347@gmail.com
2026-05-31 10:14:21.340 INFO  [http-nio-0.0.0.0-8080-exec-2] [dba0d1ea-ac34-457b-967a-fdce33ede809] p.e.config.RequestLoggingFilter - HTTP GET /api/notifications/unread-count -> 200 (7 ms) user=parsan6347@gmail.com
2026-05-31 10:14:21.340 INFO  [http-nio-0.0.0.0-8080-exec-9] [5afa2a84-6ab4-4e25-82e8-9ac99aa8903f] p.e.config.RequestLoggingFilter - HTTP GET /api/wishlist/count -> 200 (7 ms) user=parsan6347@gmail.com
2026-05-31 10:14:21.340 INFO  [http-nio-0.0.0.0-8080-exec-5] [6a1f2651-a792-44e8-b2ed-ea699471985d] p.e.config.RequestLoggingFilter - HTTP GET /api/wishlist/count -> 200 (7 ms) user=parsan6347@gmail.com
2026-05-31 10:14:21.340 INFO  [http-nio-0.0.0.0-8080-exec-6] [741d522b-ac7b-4b4d-81ac-33b8450f023f] p.e.config.RequestLoggingFilter - HTTP GET /api/notifications/unread-count -> 200 (7 ms) user=parsan6347@gmail.com
2026-05-31 10:14:21.347 INFO  [http-nio-0.0.0.0-8080-exec-1] [a96d44a3-f4e8-470b-a565-1d1da903803e] p.e.config.RequestLoggingFilter - HTTP GET /api/cart/summary -> 200 (14 ms) user=parsan6347@gmail.com
2026-05-31 10:14:21.347 INFO  [http-nio-0.0.0.0-8080-exec-4] [a9741c48-ba78-478b-944f-9784425dbe33] p.e.config.RequestLoggingFilter - HTTP GET /api/cart/summary -> 200 (14 ms) user=parsan6347@gmail.com
2026-05-31 10:14:52.637 INFO  [http-nio-0.0.0.0-8080-exec-6] [2dd862f2-e451-4464-8da0-3797d6d6588a] p.e.config.RequestLoggingFilter - HTTP GET /api/categories -> 200 (13 ms) user=anonymous
2026-05-31 10:14:52.785 INFO  [http-nio-0.0.0.0-8080-exec-2] [becf57ef-1ca4-49a5-8bf7-1bd271d69156] p.e.config.RequestLoggingFilter - HTTP GET /api/products?page=0&size=12&sort=name%2Casc -> 200 (161 ms) user=anonymous
2026-05-31 10:17:23.180 INFO  [http-nio-0.0.0.0-8080-exec-3] [6663e4b9-4af0-44b3-b4e2-78ec74096a09] p.e.service.impl.AuthServiceImpl - User logged in userId=1 email=admin@shop.com
2026-05-31 10:17:23.184 INFO  [http-nio-0.0.0.0-8080-exec-3] [6663e4b9-4af0-44b3-b4e2-78ec74096a09] p.e.config.RequestLoggingFilter - HTTP POST /api/auth/login -> 200 (333 ms) user=anonymous
2026-05-31 10:17:23.329 INFO  [http-nio-0.0.0.0-8080-exec-4] [ef04c64f-f91f-4e8e-bbd8-25bc461e0f71] p.e.config.RequestLoggingFilter - HTTP GET /api/cart/summary -> 200 (16 ms) user=admin@shop.com
2026-05-31 10:17:23.669 INFO  [http-nio-0.0.0.0-8080-exec-8] [67d894a5-ed68-42b9-84c8-21278fbf8e82] p.e.config.RequestLoggingFilter - HTTP GET /api/notifications/unread-count -> 200 (13 ms) user=admin@shop.com
2026-05-31 10:17:23.675 INFO  [http-nio-0.0.0.0-8080-exec-10] [6acd19a5-ca35-41ad-b91a-54ea5c229d68] p.e.config.RequestLoggingFilter - HTTP GET /api/wishlist/count -> 200 (12 ms) user=admin@shop.com
2026-05-31 10:17:23.685 INFO  [http-nio-0.0.0.0-8080-exec-9] [f6bb4e90-44dc-4d4b-bbe1-b425f352c85a] p.e.config.RequestLoggingFilter - HTTP GET /api/cart/summary -> 200 (22 ms) user=admin@shop.com
2026-05-31 10:17:23.738 INFO  [http-nio-0.0.0.0-8080-exec-5] [c6bd10cc-e542-4ed3-ac4e-7c8c52753ef2] p.e.config.RequestLoggingFilter - HTTP GET /api/wishlist/count -> 200 (12 ms) user=admin@shop.com
2026-05-31 10:17:23.782 INFO  [http-nio-0.0.0.0-8080-exec-6] [70c18701-6a3c-4e91-97f5-6e1be3ae44d8] p.e.config.RequestLoggingFilter - HTTP GET /api/notifications/unread-count -> 200 (17 ms) user=admin@shop.com
2026-05-31 10:17:23.828 INFO  [http-nio-0.0.0.0-8080-exec-7] [01ef49bc-2e65-484f-b9d0-f82b33900f9f] p.e.config.RequestLoggingFilter - HTTP GET /api/cart/summary -> 200 (25 ms) user=admin@shop.com
2026-05-31 10:17:24.021 INFO  [http-nio-0.0.0.0-8080-exec-2] [312d74d6-dc8c-4a68-9cda-706320028bd5] p.e.config.RequestLoggingFilter - HTTP GET /api/wishlist/count -> 200 (21 ms) user=admin@shop.com
2026-05-31 10:17:24.025 INFO  [http-nio-0.0.0.0-8080-exec-1] [e5ef9c9d-c0e9-4f02-8202-d1a39e940a4b] p.e.config.RequestLoggingFilter - HTTP GET /api/notifications/unread-count -> 200 (15 ms) user=admin@shop.com
2026-05-31 10:17:24.109 WARN  [http-nio-0.0.0.0-8080-exec-3] [f6102827-268d-4c5f-90c7-bdef8c612ca9] org.hibernate.orm.query - HHH90003004: firstResult/maxResults specified with collection fetch; applying in memory
2026-05-31 10:17:24.237 INFO  [http-nio-0.0.0.0-8080-exec-3] [f6102827-268d-4c5f-90c7-bdef8c612ca9] p.e.config.RequestLoggingFilter - HTTP GET /api/admin/dashboard -> 200 (212 ms) user=admin@shop.com
2026-05-31 10:17:27.235 INFO  [http-nio-0.0.0.0-8080-exec-4] [2d8c56a4-0677-4a27-b850-6480f9daee6d] p.e.config.RequestLoggingFilter - HTTP GET /api/cart/summary -> 200 (11 ms) user=admin@shop.com
2026-05-31 10:17:27.559 INFO  [http-nio-0.0.0.0-8080-exec-8] [3fc4613c-6a69-4801-a308-1d90afb29c3b] p.e.config.RequestLoggingFilter - HTTP GET /api/wishlist/count -> 200 (11 ms) user=admin@shop.com
2026-05-31 10:17:27.564 INFO  [http-nio-0.0.0.0-8080-exec-10] [5d683ffe-0d43-4843-9aa3-5135231e98b9] p.e.config.RequestLoggingFilter - HTTP GET /api/notifications/unread-count -> 200 (14 ms) user=admin@shop.com
2026-05-31 10:17:28.839 INFO  [http-nio-0.0.0.0-8080-exec-9] [785b7068-532c-4f5e-8b76-0c408f6fd622] p.e.config.RequestLoggingFilter - HTTP GET /api/cart/summary -> 200 (13 ms) user=admin@shop.com
2026-05-31 10:17:28.876 INFO  [http-nio-0.0.0.0-8080-exec-6] [97b69e8a-4e6e-48f7-a87d-1660737af504] p.e.config.RequestLoggingFilter - HTTP GET /api/notifications/unread-count -> 200 (7 ms) user=admin@shop.com
2026-05-31 10:17:28.876 INFO  [http-nio-0.0.0.0-8080-exec-5] [c008fc2a-b940-4da1-bf36-89a426da8108] p.e.config.RequestLoggingFilter - HTTP GET /api/wishlist/count -> 200 (7 ms) user=admin@shop.com
2026-05-31 10:17:28.890 INFO  [http-nio-0.0.0.0-8080-exec-7] [435e59b5-99a1-4590-a49d-3a491a2455e5] p.e.config.RequestLoggingFilter - HTTP GET /api/cart -> 200 (21 ms) user=admin@shop.com
2026-05-31 10:17:30.143 INFO  [http-nio-0.0.0.0-8080-exec-1] [07bfaf61-ee87-4575-a399-40e2a5ffe73f] p.e.config.RequestLoggingFilter - HTTP GET /api/cart/summary -> 200 (12 ms) user=admin@shop.com
2026-05-31 10:17:30.446 INFO  [http-nio-0.0.0.0-8080-exec-3] [038afcb9-8d5f-4771-be52-c106eb1219f7] p.e.config.RequestLoggingFilter - HTTP GET /api/wishlist/count -> 200 (6 ms) user=admin@shop.com
2026-05-31 10:17:30.446 INFO  [http-nio-0.0.0.0-8080-exec-4] [20be4869-7362-4174-afcb-543fa95a332d] p.e.config.RequestLoggingFilter - HTTP GET /api/notifications/unread-count -> 200 (6 ms) user=admin@shop.com
2026-05-31 10:17:30.451 INFO  [http-nio-0.0.0.0-8080-exec-8] [82c3969c-ecbb-4fb7-a112-e039ebe052b3] p.e.config.RequestLoggingFilter - HTTP GET /api/shipping-addresses/all -> 200 (11 ms) user=admin@shop.com
2026-05-31 10:17:33.218 INFO  [http-nio-0.0.0.0-8080-exec-10] [d5ef52a8-f569-497b-b9bc-59c10a285b7f] p.e.config.RequestLoggingFilter - HTTP GET /api/cart/summary -> 200 (10 ms) user=admin@shop.com
2026-05-31 10:17:33.313 INFO  [http-nio-0.0.0.0-8080-exec-5] [36ce0180-2df5-47af-9ae0-a35746a703c6] p.e.config.RequestLoggingFilter - HTTP GET /api/notifications/unread-count -> 200 (8 ms) user=admin@shop.com
2026-05-31 10:17:33.313 INFO  [http-nio-0.0.0.0-8080-exec-9] [03701d81-3bea-4a0f-bd0e-37490ea66d88] p.e.config.RequestLoggingFilter - HTTP GET /api/wishlist/count -> 200 (7 ms) user=admin@shop.com
2026-05-31 10:17:33.316 INFO  [http-nio-0.0.0.0-8080-exec-6] [499a4d61-a9c5-4170-8cdc-ae1157d2e495] p.e.config.RequestLoggingFilter - HTTP GET /api/shipping-addresses?page=0&size=10 -> 200 (10 ms) user=admin@shop.com
2026-05-31 10:17:53.355 INFO  [http-nio-0.0.0.0-8080-exec-7] [776291f0-9d31-4c57-a68b-0f90cde40a43] p.e.config.RequestLoggingFilter - HTTP GET /api/wishlist/count -> 200 (15 ms) user=admin@shop.com
2026-05-31 10:17:53.361 INFO  [http-nio-0.0.0.0-8080-exec-2] [6bc3b2f9-4212-4cca-ba6d-8f653e69492a] p.e.config.RequestLoggingFilter - HTTP GET /api/cart/summary -> 200 (14 ms) user=admin@shop.com
2026-05-31 10:17:53.649 INFO  [http-nio-0.0.0.0-8080-exec-1] [45f0bee5-6c70-4ec8-aa2c-01c76cb41a2b] p.e.config.RequestLoggingFilter - HTTP GET /api/notifications/unread-count -> 200 (7 ms) user=admin@shop.com
2026-05-31 10:17:56.317 INFO  [http-nio-0.0.0.0-8080-exec-3] [3dadcd77-fca1-4360-9902-fe5c373ed3b7] p.e.config.RequestLoggingFilter - HTTP GET /api/wishlist/count -> 200 (8 ms) user=admin@shop.com
2026-05-31 10:17:56.317 INFO  [http-nio-0.0.0.0-8080-exec-8] [9ebeea8f-6eda-459a-950d-7118b491bf62] p.e.config.RequestLoggingFilter - HTTP GET /api/notifications/unread-count -> 200 (8 ms) user=admin@shop.com
2026-05-31 10:17:56.325 INFO  [http-nio-0.0.0.0-8080-exec-4] [4927d05f-bc16-4d01-a5d5-9d5ff0010a9a] p.e.config.RequestLoggingFilter - HTTP GET /api/cart/summary -> 200 (16 ms) user=admin@shop.com
2026-05-31 10:17:56.356 INFO  [http-nio-0.0.0.0-8080-exec-9] [a9e3b50b-ae59-40c9-84bc-be513d8a26b8] p.e.config.RequestLoggingFilter - HTTP GET /api/wishlist/count -> 200 (9 ms) user=admin@shop.com
2026-05-31 10:17:56.356 INFO  [http-nio-0.0.0.0-8080-exec-5] [c63bf877-07c3-4b0d-92ab-2c17ed247548] p.e.config.RequestLoggingFilter - HTTP GET /api/notifications/unread-count -> 200 (9 ms) user=admin@shop.com
2026-05-31 10:17:56.364 INFO  [http-nio-0.0.0.0-8080-exec-10] [4c470b74-d9ef-42a0-8d68-024746604887] p.e.config.RequestLoggingFilter - HTTP GET /api/cart/summary -> 200 (19 ms) user=admin@shop.com
2026-05-31 10:18:02.164 INFO  [http-nio-0.0.0.0-8080-exec-7] [6d7e5f81-02a3-4dae-b935-28ddfb80b14e] p.e.config.RequestLoggingFilter - HTTP GET /api/wishlist/count -> 200 (6 ms) user=admin@shop.com
2026-05-31 10:18:02.164 INFO  [http-nio-0.0.0.0-8080-exec-2] [a4a587dd-74ec-4355-9717-afc2ff8cc443] p.e.config.RequestLoggingFilter - HTTP GET /api/notifications/unread-count -> 200 (6 ms) user=admin@shop.com
2026-05-31 10:18:02.170 INFO  [http-nio-0.0.0.0-8080-exec-6] [a5cee2df-2483-4758-be27-340fc8cc3d24] p.e.config.RequestLoggingFilter - HTTP GET /api/cart/summary -> 200 (12 ms) user=admin@shop.com
2026-05-31 10:18:04.903 INFO  [http-nio-0.0.0.0-8080-exec-1] [ef385ccc-a0e6-424c-b98d-9fc65cfe3647] p.e.config.RequestLoggingFilter - HTTP GET /api/cart/summary -> 200 (11 ms) user=admin@shop.com
2026-05-31 10:18:05.212 INFO  [http-nio-0.0.0.0-8080-exec-3] [5cf69002-51c0-423c-ab7c-d163e0b93f95] p.e.config.RequestLoggingFilter - HTTP GET /api/wishlist/count -> 200 (7 ms) user=admin@shop.com
2026-05-31 10:18:05.212 INFO  [http-nio-0.0.0.0-8080-exec-8] [1232627a-6e57-413d-b4af-f06818d42951] p.e.config.RequestLoggingFilter - HTTP GET /api/notifications/unread-count -> 200 (7 ms) user=admin@shop.com
2026-05-31 10:18:20.637 INFO  [http-nio-0.0.0.0-8080-exec-5] [1665d0ff-d896-4544-a6f0-43f5ca50581f] p.e.config.RequestLoggingFilter - HTTP GET /api/notifications/unread-count -> 200 (8 ms) user=admin@shop.com
2026-05-31 10:18:20.637 INFO  [http-nio-0.0.0.0-8080-exec-9] [383d7b13-42de-4c73-a294-27724526beb9] p.e.config.RequestLoggingFilter - HTTP GET /api/wishlist/count -> 200 (8 ms) user=admin@shop.com
2026-05-31 10:18:20.644 INFO  [http-nio-0.0.0.0-8080-exec-4] [6b6e1ed8-18e4-4386-8f00-0464c26ec6f9] p.e.config.RequestLoggingFilter - HTTP GET /api/cart/summary -> 200 (15 ms) user=admin@shop.com
2026-05-31 10:18:20.655 INFO  [http-nio-0.0.0.0-8080-exec-2] [2f29d2b0-850a-47a9-9c62-1cdceb2f3375] p.e.config.RequestLoggingFilter - HTTP GET /api/wishlist/count -> 200 (9 ms) user=admin@shop.com
2026-05-31 10:18:20.655 INFO  [http-nio-0.0.0.0-8080-exec-7] [027d42ad-099d-42c9-a83e-23acd04c240f] p.e.config.RequestLoggingFilter - HTTP GET /api/notifications/unread-count -> 200 (7 ms) user=admin@shop.com
2026-05-31 10:18:20.660 INFO  [http-nio-0.0.0.0-8080-exec-10] [86b0ace8-f9ab-4755-97b6-7bc2c6530913] p.e.config.RequestLoggingFilter - HTTP GET /api/cart/summary -> 200 (12 ms) user=admin@shop.com
2026-05-31 10:18:23.639 INFO  [http-nio-0.0.0.0-8080-exec-1] [1797d23b-b43c-41d2-8f2f-4df3c6a619d6] p.e.config.RequestLoggingFilter - HTTP GET /api/wishlist/count -> 200 (8 ms) user=admin@shop.com
2026-05-31 10:18:23.639 INFO  [http-nio-0.0.0.0-8080-exec-8] [432237e8-0f06-41ed-8d5b-94bf85ed1996] p.e.config.RequestLoggingFilter - HTTP GET /api/notifications/unread-count -> 200 (8 ms) user=admin@shop.com
2026-05-31 10:18:23.646 INFO  [http-nio-0.0.0.0-8080-exec-6] [9030050b-6556-4c03-8ab2-ea6e54d579c8] p.e.config.RequestLoggingFilter - HTTP GET /api/cart/summary -> 200 (15 ms) user=admin@shop.com
2026-05-31 10:18:45.728 INFO  [http-nio-0.0.0.0-8080-exec-3] [08dc0879-414e-4e6a-8e97-2e21d67345e0] p.e.config.RequestLoggingFilter - HTTP GET /api/cart/summary -> 200 (15 ms) user=admin@shop.com
2026-05-31 10:18:46.032 INFO  [http-nio-0.0.0.0-8080-exec-5] [55f7d5cf-6e57-4e87-b7b8-a9fac52bda81] p.e.config.RequestLoggingFilter - HTTP GET /api/wishlist/count -> 200 (9 ms) user=admin@shop.com
2026-05-31 10:18:46.033 INFO  [http-nio-0.0.0.0-8080-exec-9] [46efee6f-4be3-45bd-8eae-3b4448944c5e] p.e.config.RequestLoggingFilter - HTTP GET /api/notifications/unread-count -> 200 (7 ms) user=admin@shop.com
2026-05-31 10:18:46.040 INFO  [http-nio-0.0.0.0-8080-exec-4] [4e57b3e8-8ba4-4223-957f-46b1bf96113a] p.e.config.RequestLoggingFilter - HTTP GET /api/shipping-addresses?page=0&size=10 -> 200 (14 ms) user=admin@shop.com
2026-05-31 10:18:53.687 INFO  [http-nio-0.0.0.0-8080-exec-10] [8e5693f0-fe36-44c5-9544-b99bdc500ce2] p.e.config.RequestLoggingFilter - HTTP GET /api/notifications/unread-count -> 200 (9 ms) user=admin@shop.com
2026-05-31 10:18:53.697 INFO  [http-nio-0.0.0.0-8080-exec-2] [3278b63a-2f2b-4c27-a3a0-497c0e2446c1] p.e.config.RequestLoggingFilter - HTTP GET /api/wishlist/count -> 200 (19 ms) user=admin@shop.com
2026-05-31 10:18:53.705 INFO  [http-nio-0.0.0.0-8080-exec-7] [405f3a00-af7c-48ef-8727-997f6e2d64d5] p.e.config.RequestLoggingFilter - HTTP GET /api/cart/summary -> 200 (28 ms) user=admin@shop.com
2026-05-31 10:19:23.358 INFO  [http-nio-0.0.0.0-8080-exec-8] [93f2c647-c2ab-4ce1-8de2-0fbaf33b8b3d] p.e.config.RequestLoggingFilter - HTTP GET /api/cart/summary -> 200 (12 ms) user=admin@shop.com
2026-05-31 10:19:23.663 INFO  [http-nio-0.0.0.0-8080-exec-6] [3ae97b74-5b7c-4f69-a623-217a714e5464] p.e.config.RequestLoggingFilter - HTTP GET /api/notifications/unread-count -> 200 (7 ms) user=admin@shop.com
2026-05-31 10:19:23.663 INFO  [http-nio-0.0.0.0-8080-exec-1] [bf81c567-7aca-4de4-8dd2-2633c7385847] p.e.config.RequestLoggingFilter - HTTP GET /api/wishlist/count -> 200 (7 ms) user=admin@shop.com
2026-05-31 10:19:53.673 INFO  [http-nio-0.0.0.0-8080-exec-9] [cc1fca40-5ef6-4268-89e1-7b9f0842dc9b] p.e.config.RequestLoggingFilter - HTTP GET /api/wishlist/count -> 200 (8 ms) user=admin@shop.com
2026-05-31 10:19:53.673 INFO  [http-nio-0.0.0.0-8080-exec-5] [a41ac7b8-6b45-4bc0-b6b7-96ea6ac06c3a] p.e.config.RequestLoggingFilter - HTTP GET /api/notifications/unread-count -> 200 (8 ms) user=admin@shop.com
2026-05-31 10:19:53.680 INFO  [http-nio-0.0.0.0-8080-exec-3] [059176fa-88f8-40c0-b89d-ba080e74578e] p.e.config.RequestLoggingFilter - HTTP GET /api/cart/summary -> 200 (15 ms) user=admin@shop.com
2026-05-31 10:20:23.362 INFO  [http-nio-0.0.0.0-8080-exec-4] [16efb130-5b62-498f-b95a-ab9371f5a4e4] p.e.config.RequestLoggingFilter - HTTP GET /api/cart/summary -> 200 (17 ms) user=admin@shop.com
2026-05-31 10:20:23.667 INFO  [http-nio-0.0.0.0-8080-exec-2] [fb04904b-8446-439d-b11f-fa0ec756fa55] p.e.config.RequestLoggingFilter - HTTP GET /api/notifications/unread-count -> 200 (6 ms) user=admin@shop.com
2026-05-31 10:20:23.667 INFO  [http-nio-0.0.0.0-8080-exec-10] [0f6d4544-9759-4a6d-8c63-6eb26acfacf9] p.e.config.RequestLoggingFilter - HTTP GET /api/wishlist/count -> 200 (6 ms) user=admin@shop.com
2026-05-31 10:21:47.377 INFO  [http-nio-0.0.0.0-8080-exec-7] [da8416a6-8131-46dc-ae76-31628f256003] p.e.config.RequestLoggingFilter - HTTP GET /api/cart/summary -> 200 (17 ms) user=admin@shop.com
2026-05-31 10:21:47.709 INFO  [http-nio-0.0.0.0-8080-exec-8] [b0882e02-8663-4fb9-848f-1cf21054ffa8] p.e.config.RequestLoggingFilter - HTTP GET /api/wishlist/count -> 200 (20 ms) user=admin@shop.com
2026-05-31 10:21:47.721 INFO  [http-nio-0.0.0.0-8080-exec-1] [acdd5eb4-bc1c-4c28-822b-ccc868f5bca1] p.e.config.RequestLoggingFilter - HTTP GET /api/notifications/unread-count -> 200 (32 ms) user=admin@shop.com
2026-05-31 10:22:08.992 INFO  [main] [no-request] p.e.ECommerceBackendApplicationTests - Starting ECommerceBackendApplicationTests using Java 17.0.8 with PID 19272 (started by God -01.11 in C:\Users\God -01.11\Desktop\e-commerce-backend - codex)
2026-05-31 10:22:08.997 INFO  [main] [no-request] p.e.ECommerceBackendApplicationTests - The following 1 profile is active: "test"
2026-05-31 10:22:27.637 INFO  [main] [no-request] o.s.s.c.a.a.c.InitializeAuthenticationProviderBeanManagerConfigurer$InitializeAuthenticationProviderManagerConfigurer - Global AuthenticationManager configured with AuthenticationProvider bean with name authenticationProvider
2026-05-31 10:22:27.639 WARN  [main] [no-request] o.s.s.c.a.a.c.InitializeUserDetailsBeanManagerConfigurer$InitializeUserDetailsManagerConfigurer - Global AuthenticationManager configured with an AuthenticationProvider bean. UserDetailsService beans will not be used by Spring Security for automatically configuring username/password login. Consider removing the AuthenticationProvider bean. Alternatively, consider using the UserDetailsService in a manually instantiated DaoAuthenticationProvider. If the current configuration is intentional, to turn off this warning, increase the logging level of 'org.springframework.security.config.annotation.authentication.configuration.InitializeUserDetailsBeanManagerConfigurer' to ERROR
2026-05-31 10:22:31.862 INFO  [main] [no-request] p.e.ECommerceBackendApplicationTests - Started ECommerceBackendApplicationTests in 24.096 seconds (process running for 27.89)
2026-05-31 10:22:31.995 WARN  [main] [no-request] p.ecommercebackend.config.MailConfig - Email delivery DISABLED — set MAIL_ENABLED=true and run MailHog (docker compose up -d mailhog)
2026-05-31 10:22:31.998 INFO  [main] [no-request] p.ecommercebackend.config.DataSeeder - Running database seed checks...
2026-05-31 10:22:33.042 INFO  [main] [no-request] p.ecommercebackend.config.DataSeeder - Default shop settings seeded (low stock threshold: 10)
2026-05-31 10:22:34.922 INFO  [main] [no-request] p.e.service.impl.OrderServiceImpl - Checkout initiated orderId=1 userId=2 subtotal=50.00 total=60.47 devMode=true
2026-05-31 10:22:35.075 INFO  [main] [no-request] p.e.service.impl.OrderServiceImpl - Order fulfilled orderId=1 userId=2 total=60.47 itemCount=1
2026-05-31 10:22:35.101 INFO  [main] [no-request] p.e.service.impl.EmailServiceImpl - Mail disabled - order confirmation for customer@example.com (order #1):
<html><body style="font-family:Segoe UI,sans-serif;color:#1a2332;">
<h2>Thank you for your order, Test!</h2>
<p>Your payment was received. Order <strong>#1</strong> is confirmed.</p>
<p><strong>Placed:</strong> May 31, 2026 10:22</p>
<h3>Shipping to</h3>
<p>123 Test Street<br>Test City, 12345<br>USA</p>
<h3>Items</h3>
<table border="1" cellpadding="8" cellspacing="0" style="border-collapse:collapse;">
<tr><th>Product</th><th>Qty</th><th>Total</th></tr>
<tr><td>Limited Product</td><td>2</td><td>$50.00</td></tr>
</table>
<p style="margin-top:16px;"><strong>Order total: $60.47</strong></p>
<p style="color:#64748b;font-size:14px;">ShopVerse - happy shopping!</p>
</body></html>

2026-05-31 10:22:35.152 INFO  [main] [no-request] p.e.service.impl.OrderServiceImpl - Payment confirmation ignored for already confirmed orderId=1
2026-05-31 10:22:47.678 INFO  [http-nio-0.0.0.0-8080-exec-9] [2514a089-df3d-4004-9c22-a2ff704ab7b6] p.e.config.RequestLoggingFilter - HTTP GET /api/wishlist/count -> 200 (8 ms) user=admin@shop.com
2026-05-31 10:22:47.678 INFO  [http-nio-0.0.0.0-8080-exec-5] [f1495dd4-9ee7-4298-8731-6df72566eb1a] p.e.config.RequestLoggingFilter - HTTP GET /api/notifications/unread-count -> 200 (8 ms) user=admin@shop.com
2026-05-31 10:22:47.685 INFO  [http-nio-0.0.0.0-8080-exec-6] [f42d9aa5-bfcb-4a09-99c9-d4c83317ccc5] p.e.config.RequestLoggingFilter - HTTP GET /api/cart/summary -> 200 (15 ms) user=admin@shop.com
2026-05-31 10:22:54.670 INFO  [http-nio-0.0.0.0-8080-exec-3] [955c746f-c304-4b4a-9b18-7f028bb47c6d] p.e.config.RequestLoggingFilter - HTTP GET /api/cart/summary -> 200 (17 ms) user=admin@shop.com
2026-05-31 10:22:54.965 INFO  [http-nio-0.0.0.0-8080-exec-2] [861d43ed-05d3-4a81-95de-3677e787f7e7] p.e.config.RequestLoggingFilter - HTTP GET /api/notifications/unread-count -> 200 (8 ms) user=admin@shop.com
2026-05-31 10:22:54.967 INFO  [http-nio-0.0.0.0-8080-exec-7] [9b6b7a63-69f4-4620-925a-7ccbd0d3e474] p.e.config.RequestLoggingFilter - HTTP GET /api/wishlist/count -> 200 (8 ms) user=admin@shop.com
2026-05-31 10:22:54.967 INFO  [http-nio-0.0.0.0-8080-exec-4] [76270486-4934-4481-99db-0060562a02aa] p.e.config.RequestLoggingFilter - HTTP GET /api/wishlist/count -> 200 (8 ms) user=admin@shop.com
2026-05-31 10:22:54.967 INFO  [http-nio-0.0.0.0-8080-exec-8] [7c6ae2ee-d8f6-4c48-9584-1057ed0a097b] p.e.config.RequestLoggingFilter - HTTP GET /api/notifications/unread-count -> 200 (8 ms) user=admin@shop.com
2026-05-31 10:22:54.975 INFO  [http-nio-0.0.0.0-8080-exec-10] [105952fd-b712-4eb8-811c-b3e249b9bd2d] p.e.config.RequestLoggingFilter - HTTP GET /api/cart/summary -> 200 (15 ms) user=admin@shop.com
2026-05-31 10:22:55.003 INFO  [http-nio-0.0.0.0-8080-exec-1] [a4e8236b-c3fc-4015-865f-35bd7fd5554b] p.e.config.RequestLoggingFilter - HTTP GET /api/cart/summary -> 200 (11 ms) user=admin@shop.com
2026-05-31 10:22:55.290 INFO  [http-nio-0.0.0.0-8080-exec-9] [c3b9e108-9b76-43d1-9977-b6ed359f71c0] p.e.config.RequestLoggingFilter - HTTP GET /api/wishlist/count -> 200 (7 ms) user=admin@shop.com
2026-05-31 10:22:55.305 INFO  [http-nio-0.0.0.0-8080-exec-5] [0dbb5e98-9af4-4e2a-9114-767f0a90fce6] p.e.config.RequestLoggingFilter - HTTP GET /api/notifications/unread-count -> 200 (7 ms) user=admin@shop.com
2026-05-31 10:22:57.827 INFO  [SpringApplicationShutdownHook] [no-request] o.s.boot.tomcat.GracefulShutdown - Commencing graceful shutdown. Waiting for active requests to complete
2026-05-31 10:22:59.487 INFO  [tomcat-shutdown] [no-request] o.s.boot.tomcat.GracefulShutdown - Graceful shutdown complete
2026-05-31 10:22:59.505 INFO  [SpringApplicationShutdownHook] [no-request] o.s.o.j.LocalContainerEntityManagerFactoryBean - Closing JPA EntityManagerFactory for persistence unit 'default'
2026-05-31 10:22:59.510 INFO  [SpringApplicationShutdownHook] [no-request] com.zaxxer.hikari.HikariDataSource - HikariPool-1 - Shutdown initiated...
2026-05-31 10:22:59.517 INFO  [SpringApplicationShutdownHook] [no-request] com.zaxxer.hikari.HikariDataSource - HikariPool-1 - Shutdown completed.
2026-05-31 10:23:22.273 INFO  [main] [no-request] p.e.ECommerceBackendApplication - Starting ECommerceBackendApplication using Java 19.0.2 with PID 15096 (C:\Users\God -01.11\Desktop\e-commerce-backend - codex\target\classes started by God -01.11 in C:\Users\God -01.11\Desktop\e-commerce-backend - codex)
2026-05-31 10:23:22.280 INFO  [main] [no-request] p.e.ECommerceBackendApplication - No active profile set, falling back to 1 default profile: "default"
2026-05-31 10:23:26.260 INFO  [main] [no-request] o.s.d.r.c.RepositoryConfigurationDelegate - Bootstrapping Spring Data JPA repositories in DEFAULT mode.
2026-05-31 10:23:26.497 INFO  [main] [no-request] o.s.d.r.c.RepositoryConfigurationDelegate - Finished Spring Data repository scanning in 218 ms. Found 15 JPA repository interfaces.
2026-05-31 10:23:28.429 INFO  [main] [no-request] o.s.boot.tomcat.TomcatWebServer - Tomcat initialized with port 8080 (http)
2026-05-31 10:23:28.462 INFO  [main] [no-request] o.a.catalina.core.StandardService - Starting service [Tomcat]
2026-05-31 10:23:28.463 INFO  [main] [no-request] o.a.catalina.core.StandardEngine - Starting Servlet engine: [Apache Tomcat/11.0.21]
2026-05-31 10:23:28.615 INFO  [main] [no-request] o.s.b.w.c.s.WebApplicationContextInitializer - Root WebApplicationContext: initialization completed in 6209 ms
2026-05-31 10:23:29.221 INFO  [main] [no-request] org.hibernate.orm.jpa - HHH008540: Processing PersistenceUnitInfo [name: default]
2026-05-31 10:23:29.373 INFO  [main] [no-request] org.hibernate.orm.core - HHH000001: Hibernate ORM core version 7.2.12.Final
2026-05-31 10:23:30.446 INFO  [main] [no-request] o.s.o.j.p.SpringPersistenceUnitInfo - No LoadTimeWeaver setup: ignoring JPA class transformer
2026-05-31 10:23:30.540 INFO  [main] [no-request] com.zaxxer.hikari.HikariDataSource - HikariPool-1 - Starting...
2026-05-31 10:23:31.038 INFO  [main] [no-request] com.zaxxer.hikari.pool.HikariPool - HikariPool-1 - Added connection org.postgresql.jdbc.PgConnection@42457891
2026-05-31 10:23:31.043 INFO  [main] [no-request] com.zaxxer.hikari.HikariDataSource - HikariPool-1 - Start completed.
2026-05-31 10:23:31.264 INFO  [main] [no-request] o.hibernate.orm.connections.pooling - HHH10001005: Database info:
	Database JDBC URL [jdbc:postgresql://localhost:5432/ecommerce]
	Database driver: PostgreSQL JDBC Driver
	Database dialect: PostgreSQLDialect
	Database version: 16.2
	Default catalog/schema: ecommerce/public
	Autocommit mode: undefined/unknown
	Isolation level: READ_COMMITTED [default READ_COMMITTED]
	JDBC fetch size: none
	Pool: DataSourceConnectionProvider
	Minimum pool size: undefined/unknown
	Maximum pool size: undefined/unknown
2026-05-31 10:23:34.280 INFO  [main] [no-request] org.hibernate.orm.core - HHH000489: No JTA platform available (set 'hibernate.transaction.jta.platform' to enable JTA platform integration)
2026-05-31 10:23:34.543 INFO  [main] [no-request] o.s.o.j.LocalContainerEntityManagerFactoryBean - Initialized JPA EntityManagerFactory for persistence unit 'default'
2026-05-31 10:23:34.747 INFO  [main] [no-request] o.s.d.j.r.q.QueryEnhancerFactories - Hibernate is in classpath; If applicable, HQL parser will be used.
2026-05-31 10:23:38.224 INFO  [main] [no-request] o.s.s.c.a.a.c.InitializeAuthenticationProviderBeanManagerConfigurer$InitializeAuthenticationProviderManagerConfigurer - Global AuthenticationManager configured with AuthenticationProvider bean with name authenticationProvider
2026-05-31 10:23:38.226 WARN  [main] [no-request] o.s.s.c.a.a.c.InitializeUserDetailsBeanManagerConfigurer$InitializeUserDetailsManagerConfigurer - Global AuthenticationManager configured with an AuthenticationProvider bean. UserDetailsService beans will not be used by Spring Security for automatically configuring username/password login. Consider removing the AuthenticationProvider bean. Alternatively, consider using the UserDetailsService in a manually instantiated DaoAuthenticationProvider. If the current configuration is intentional, to turn off this warning, increase the logging level of 'org.springframework.security.config.annotation.authentication.configuration.InitializeUserDetailsBeanManagerConfigurer' to ERROR
2026-05-31 10:23:41.156 INFO  [main] [no-request] o.s.b.a.e.web.EndpointLinksResolver - Exposing 1 endpoint beneath base path '/actuator'
2026-05-31 10:23:41.380 INFO  [main] [no-request] o.s.boot.tomcat.TomcatWebServer - Tomcat started on port 8080 (http) with context path '/'
2026-05-31 10:23:41.397 INFO  [main] [no-request] p.e.ECommerceBackendApplication - Started ECommerceBackendApplication in 20.692 seconds (process running for 25.497)
2026-05-31 10:23:41.415 INFO  [main] [no-request] p.ecommercebackend.config.DataSeeder - Running database seed checks...
2026-05-31 10:23:41.736 INFO  [main] [no-request] p.ecommercebackend.config.MailConfig - Email delivery ENABLED — SMTP localhost:1025 (view MailHog UI at http://localhost:8025)
2026-05-31 10:23:42.248 INFO  [RMI TCP Connection(3)-172.23.0.1] [no-request] o.a.c.c.C.[Tomcat].[localhost].[/] - Initializing Spring DispatcherServlet 'dispatcherServlet'
2026-05-31 10:23:42.249 INFO  [RMI TCP Connection(3)-172.23.0.1] [no-request] o.s.web.servlet.DispatcherServlet - Initializing Servlet 'dispatcherServlet'
2026-05-31 10:23:42.255 INFO  [RMI TCP Connection(3)-172.23.0.1] [no-request] o.s.web.servlet.DispatcherServlet - Completed initialization in 5 ms
2026-05-31 10:23:42.358 WARN  [RMI TCP Connection(5)-172.23.0.1] [no-request] o.s.b.m.health.MailHealthIndicator - Mail health check failed
org.eclipse.angus.mail.util.MailConnectException: Couldn't connect to host, port: localhost, 1025; timeout -1;
  nested exception is:
	java.net.ConnectException: Connection refused: connect
	at org.eclipse.angus.mail.smtp.SMTPTransport.openServer(SMTPTransport.java:2243)
	at org.eclipse.angus.mail.smtp.SMTPTransport.protocolConnect(SMTPTransport.java:729)
	at jakarta.mail.Service.connect(Service.java:345)
	at org.springframework.mail.javamail.JavaMailSenderImpl.connectTransport(JavaMailSenderImpl.java:467)
	at org.springframework.mail.javamail.JavaMailSenderImpl.testConnection(JavaMailSenderImpl.java:347)
	at org.springframework.boot.mail.health.MailHealthIndicator.doHealthCheck(MailHealthIndicator.java:52)
	at org.springframework.boot.health.contributor.AbstractHealthIndicator.health(AbstractHealthIndicator.java:80)
	at org.springframework.boot.health.contributor.HealthIndicator.health(HealthIndicator.java:37)
	at org.springframework.boot.health.actuate.endpoint.Contributor$Blocking.getDescriptor(Contributor.java:148)
	at org.springframework.boot.health.actuate.endpoint.Contributor$Blocking.getDescriptor(Contributor.java:126)
	at org.springframework.boot.health.actuate.endpoint.HealthEndpointSupport.getDescriptorAndLogIfSlow(HealthEndpointSupport.java:172)
	at org.springframework.boot.health.actuate.endpoint.HealthEndpointSupport.getDescriptor(HealthEndpointSupport.java:145)
	at org.springframework.boot.health.actuate.endpoint.HealthEndpointSupport.getAggregateDescriptor(HealthEndpointSupport.java:157)
	at org.springframework.boot.health.actuate.endpoint.HealthEndpointSupport.getDescriptor(HealthEndpointSupport.java:141)
	at org.springframework.boot.health.actuate.endpoint.HealthEndpointSupport.getResult(HealthEndpointSupport.java:110)
	at org.springframework.boot.health.actuate.endpoint.HealthEndpointSupport.getResult(HealthEndpointSupport.java:82)
	at org.springframework.boot.health.actuate.endpoint.HealthEndpoint.health(HealthEndpoint.java:80)
	at org.springframework.boot.health.actuate.endpoint.HealthEndpoint.health(HealthEndpoint.java:70)
	at java.base/jdk.internal.reflect.DirectMethodHandleAccessor.invoke(DirectMethodHandleAccessor.java:104)
	at java.base/java.lang.reflect.Method.invoke(Method.java:578)
	at org.springframework.util.ReflectionUtils.invokeMethod(ReflectionUtils.java:281)
	at org.springframework.boot.actuate.endpoint.invoke.reflect.ReflectiveOperationInvoker.invoke(ReflectiveOperationInvoker.java:76)
	at org.springframework.boot.actuate.endpoint.annotation.AbstractDiscoveredOperation.invoke(AbstractDiscoveredOperation.java:62)
	at org.springframework.boot.actuate.endpoint.jmx.EndpointMBean.invoke(EndpointMBean.java:127)
	at org.springframework.boot.actuate.endpoint.jmx.EndpointMBean.invoke(EndpointMBean.java:99)
	at java.management/com.sun.jmx.interceptor.DefaultMBeanServerInterceptor.invoke(DefaultMBeanServerInterceptor.java:809)
	at java.management/com.sun.jmx.mbeanserver.JmxMBeanServer.invoke(JmxMBeanServer.java:802)
	at java.management.rmi/javax.management.remote.rmi.RMIConnectionImpl.doOperation(RMIConnectionImpl.java:1472)
	at java.management.rmi/javax.management.remote.rmi.RMIConnectionImpl$PrivilegedOperation.run(RMIConnectionImpl.java:1310)
	at java.management.rmi/javax.management.remote.rmi.RMIConnectionImpl.doPrivilegedOperation(RMIConnectionImpl.java:1405)
	at java.management.rmi/javax.management.remote.rmi.RMIConnectionImpl.invoke(RMIConnectionImpl.java:829)
	at java.base/jdk.internal.reflect.DirectMethodHandleAccessor.invoke(DirectMethodHandleAccessor.java:104)
	at java.base/java.lang.reflect.Method.invoke(Method.java:578)
	at java.rmi/sun.rmi.server.UnicastServerRef.dispatch(UnicastServerRef.java:360)
	at java.rmi/sun.rmi.transport.Transport$1.run(Transport.java:200)
	at java.rmi/sun.rmi.transport.Transport$1.run(Transport.java:197)
	at java.base/java.security.AccessController.doPrivileged(AccessController.java:712)
	at java.rmi/sun.rmi.transport.Transport.serviceCall(Transport.java:196)
	at java.rmi/sun.rmi.transport.tcp.TCPTransport.handleMessages(TCPTransport.java:598)
	at java.rmi/sun.rmi.transport.tcp.TCPTransport$ConnectionHandler.run0(TCPTransport.java:844)
	at java.rmi/sun.rmi.transport.tcp.TCPTransport$ConnectionHandler.lambda$run$0(TCPTransport.java:721)
	at java.base/java.security.AccessController.doPrivileged(AccessController.java:399)
	at java.rmi/sun.rmi.transport.tcp.TCPTransport$ConnectionHandler.run(TCPTransport.java:720)
	at java.base/java.util.concurrent.ThreadPoolExecutor.runWorker(ThreadPoolExecutor.java:1144)
	at java.base/java.util.concurrent.ThreadPoolExecutor$Worker.run(ThreadPoolExecutor.java:642)
	at java.base/java.lang.Thread.run(Thread.java:1589)
Caused by: java.net.ConnectException: Connection refused: connect
	at java.base/sun.nio.ch.Net.connect0(Native Method)
	at java.base/sun.nio.ch.Net.connect(Net.java:579)
	at java.base/sun.nio.ch.Net.connect(Net.java:568)
	at java.base/sun.nio.ch.NioSocketImpl.connect(NioSocketImpl.java:576)
	at java.base/java.net.SocksSocketImpl.connect(SocksSocketImpl.java:327)
	at java.base/java.net.Socket.connect(Socket.java:666)
	at java.base/java.net.Socket.connect(Socket.java:600)
	at org.eclipse.angus.mail.util.SocketFetcher.createSocket(SocketFetcher.java:368)
	at org.eclipse.angus.mail.util.SocketFetcher.getSocket(SocketFetcher.java:243)
	at org.eclipse.angus.mail.smtp.SMTPTransport.openServer(SMTPTransport.java:2193)
	... 45 common frames omitted
